tgrac_feature_id,source_name,source_district,source_lgd_code,canonical_stable_mandal_id,historical_mandal_version_id,historical_version_code,historical_valid_from,historical_valid_to,dataset_version_id,provenance_id,verification_evidence_id,coverage_category,match_method,match_status
0,Addagudur,Yadadri Bhuvanagiri,6310,TS-MDL-6310,6a533ce4-5f7c-535d-9897-96437a275af9,TS-MDL-6310-V1,2016-10-11,2022-09-26,ts_lgd_mandals_2016_v1,c4577d1c-b2b5-59de-9ed3-cf5eed30bca2,e0160000-0000-0000-0000-000000002016,A,STANDARDIZED_TRANSLITERATION_MAP,RESOLVED_1_TO_1
1,Adilabad Urban,Adilabad,4306,TS-MDL-4306,466abde8-f5f7-57ac-8080-c009d5cd502b,TS-MDL-4306-V1,2016-10-11,2022-09-26,ts_lgd_mandals_2016_v1,36a80921-ae5a-52b5-9195-fc089af7562d,e0160000-0000-0000-0000-000000002016,A,EXACT_NAME_AND_LGD_MATCH,RESOLVED_1_TO_1
2,Adilabad Rural,Adilabad,6221,TS-MDL-6221,47ab9427-b492-5db5-9a0d-69643837cd82,TS-MDL-6221-V1,2016-10-11,2022-09-26,ts_lgd_mandals_2016_v1,d9aae360-64c5-5481-ac5e-e3b74e97124b,e0160000-0000-0000-0000-000000002016,A,EXACT_NAME_AND_LGD_MATCH,RESOLVED_1_TO_1
3,Aiza,Jogulamba Gadwal,4606,TS-MDL-4606,d3ccea61-9e67-5228-bc3d-f5737120583a,TS-MDL-4606-V1,2016-10-11,2022-09-26,ts_lgd_mandals_2016_v1,007437df-3654-5a2f-a830-2325a8ee7b0d,e0160000-0000-0000-0000-000000002016,A,STANDARDIZED_TRANSLITERATION_MAP,RESOLVED_1_TO_1
4,Akkannapet,Siddipet,6285,TS-MDL-6285,d3cf0df7-c008-5325-abbd-f9745e60813c,TS-MDL-6285-V1,2016-10-11,2022-09-26,ts_lgd_mandals_2016_v1,e7e945b1-ad28-5662-87a7-b7f072b19482,e0160000-0000-0000-0000-000000002016,A,EXACT_NAME_AND_LGD_MATCH,RESOLVED_1_TO_1
5,Alair,Yadadri Bhuvanagiri,4617,TS-MDL-4617,01cd7b75-2a8d-5e0a-a3f7-c514fcd996f5,TS-MDL-4617-V1,2016-10-11,2022-09-26,ts_lgd_mandals_2016_v1,d6da4426-d054-506c-b201-cdb49def73a0,e0160000-0000-0000-0000-000000002016,A,EXACT_NAME_AND_LGD_MATCH,RESOLVED_1_TO_1
6,Alampur,Jogulamba Gadwal,4612,TS-MDL-4612,b95dba8c-c1b6-5fa1-b83d-431ea0545e5f,TS-MDL-4612-V1,2016-10-11,2022-09-26,ts_lgd_mandals_2016_v1,eebc0a30-6910-5eea-8923-b371dc9ff8da,e0160000-0000-0000-0000-000000002016,A,EXACT_NAME_AND_LGD_MATCH,RESOLVED_1_TO_1
7,Alladurg,Medak,4470,TS-MDL-4470,12a183e4-e186-5acb-b9a2-20441237ca92,TS-MDL-4470-V1,2016-10-11,2022-09-26,ts_lgd_mandals_2016_v1,9dd289ab-3240-52d8-ad74-6f86c99cc7c7,e0160000-0000-0000-0000-000000002016,A,EXACT_NAME_AND_LGD_MATCH,RESOLVED_1_TO_1
8,Allapalli,Bhadradri Kothagudem,6267,TS-MDL-6267,c1ca4111-123b-5cc2-a297-e335917ec061,TS-MDL-6267-V1,2016-10-11,2022-09-26,ts_lgd_mandals_2016_v1,5c3b6c03-1d17-53f9-9b42-a01a744606a3,e0160000-0000-0000-0000-000000002016,A,EXACT_NAME_AND_LGD_MATCH,RESOLVED_1_TO_1
9,Alwal,Medchal_Malkajgiri,6328,TS-MDL-6328,1a4eb0ba-30a4-5cb5-b668-0b79f83dfca7,TS-MDL-6328-V1,2016-10-11,2022-09-26,ts_lgd_mandals_2016_v1,b80781bd-8feb-56a1-96de-80be689560a2,e0160000-0000-0000-0000-000000002016,A,EXACT_NAME_AND_LGD_MATCH,RESOLVED_1_TO_1
10,Asifnagar,Hyderabad,4506,TS-MDL-4506,22692b23-3fc8-56ea-9b3e-78f571a16baf,TS-MDL-4506-V1,2016-10-11,2022-09-26,ts_lgd_mandals_2016_v1,9a0e1a1e-74d2-5589-a8e3-a36b852348ca,e0160000-0000-0000-0000-000000002016,A,STANDARDIZED_TRANSLITERATION_MAP,RESOLVED_1_TO_1
11,Bhongiri,Yadadri Bhuvanagiri,4628,TS-MDL-4628,60135979-7106-5a38-9430-58dec91e10ef,TS-MDL-4628-V1,2016-10-11,2022-09-26,ts_lgd_mandals_2016_v1,f2425b1e-3711-5f57-9ed4-6695caa35eab,e0160000-0000-0000-0000-000000002016,A,STANDARDIZED_TRANSLITERATION_MAP,RESOLVED_1_TO_1
12,Sirpur_T,Kumurambheem Asifabad,4315,TS-MDL-4315,c655117f-17e8-547f-8699-b0b9ac406895,TS-MDL-4315-V1,2016-10-11,2022-09-26,ts_lgd_mandals_2016_v1,76d86ead-15ad-5c15-8f4b-51ed1edfbcae,e0160000-0000-0000-0000-000000002016,A,STANDARDIZED_TRANSLITERATION_MAP,RESOLVED_1_TO_1
13,Amangal,Rangareddy,4563,TS-MDL-4563,518dd560-92ef-556a-854f-b7cb3662ddfa,TS-MDL-4563-V1,2016-10-11,2022-09-26,ts_lgd_mandals_2016_v1,f4098e27-d055-5c86-bad2-5702fe18a3d7,e0160000-0000-0000-0000-000000002016,A,EXACT_NAME_AND_LGD_MATCH,RESOLVED_1_TO_1
14,Amarchintha,Wanaparthy,6290,TS-MDL-6290,92c16e5b-cb49-5b86-b407-ae43fcb61305,TS-MDL-6290-V1,2016-10-11,2022-09-26,ts_lgd_mandals_2016_v1,36b93aa5-08a1-5c02-8579-d384c694eba1,e0160000-0000-0000-0000-000000002016,A,EXACT_NAME_AND_LGD_MATCH,RESOLVED_1_TO_1
15,Amberpet,Hyderabad,4502,TS-MDL-4502,93999fe1-5240-5de5-b4b5-f2412228abbd,TS-MDL-4502-V1,2016-10-11,2022-09-26,ts_lgd_mandals_2016_v1,a895cdcb-9a64-5133-9c94-58035d9070c1,e0160000-0000-0000-0000-000000002016,A,EXACT_NAME_AND_LGD_MATCH,RESOLVED_1_TO_1
16,Sirpur_U,Kumurambheem Asifabad,4326,TS-MDL-4326,9843dbb3-d9bd-5ac8-9bdc-62795ecbd65d,TS-MDL-4326-V1,2016-10-11,2022-09-26,ts_lgd_mandals_2016_v1,7178617c-b0e1-51aa-9723-2d0f1dcfe7bf,e0160000-0000-0000-0000-000000002016,A,STANDARDIZED_TRANSLITERATION_MAP,RESOLVED_1_TO_1
17,Bahadurpura,Hyderabad,4508,TS-MDL-4508,5e57b2c7-7127-5fbe-b82f-2f7338323523,TS-MDL-4508-V1,2016-10-11,2022-09-26,ts_lgd_mandals_2016_v1,495ffed3-bd63-540f-9b03-615068769010,e0160000-0000-0000-0000-000000002016,A,EXACT_NAME_AND_LGD_MATCH,RESOLVED_1_TO_1
18,Balanagar,Mahabubnagar,4557,TS-MDL-4557,2bab551e-e45b-5139-915f-582dd5fcf15f,TS-MDL-4557-V1,2016-10-11,2022-09-26,ts_lgd_mandals_2016_v1,e208a156-a121-56ce-a88e-3996c5c852d0,e0160000-0000-0000-0000-000000002016,A,EXACT_NAME_AND_LGD_MATCH,RESOLVED_1_TO_1
19,Ananthagiri,Suryapet,6302,TS-MDL-6302,020a0c7c-adf0-5109-bb99-425a77228765,TS-MDL-6302-V1,2016-10-11,2022-09-26,ts_lgd_mandals_2016_v1,998aaffb-2336-5d5a-83f5-0e8e010ef15b,e0160000-0000-0000-0000-000000002016,A,EXACT_NAME_AND_LGD_MATCH,RESOLVED_1_TO_1
20,Andole,Sangareddy,4479,TS-MDL-4479,e7ad7fdf-4435-5a2f-81b6-66a264da5054,TS-MDL-4479-V1,2016-10-11,2022-09-26,ts_lgd_mandals_2016_v1,1773885b-6018-5db9-9103-f3bbe3d2a87f,e0160000-0000-0000-0000-000000002016,A,EXACT_NAME_AND_LGD_MATCH,RESOLVED_1_TO_1
21,Aswaraopeta,Bhadradri Kothagudem,4749,TS-MDL-4749,1d37a57a-1e8c-5ff5-9824-3020cdf32968,TS-MDL-4749-V1,2016-10-11,2022-09-26,ts_lgd_mandals_2016_v1,082d8376-ab97-5833-afc9-059cfa60df43,e0160000-0000-0000-0000-000000002016,A,EXACT_NAME_AND_LGD_MATCH,RESOLVED_1_TO_1
22,Athmakur (M),Yadadri Bhuvanagiri,4626,TS-MDL-4626,5f89d3a1-dc52-5b6e-8d71-650584b157cf,TS-MDL-4626-V1,2016-10-11,2022-09-26,ts_lgd_mandals_2016_v1,b9fcac99-3c2d-54b7-9895-008bdad23945,e0160000-0000-0000-0000-000000002016,A,STANDARDIZED_TRANSLITERATION_MAP,RESOLVED_1_TO_1
23,Atmakur,Warangal_Rural,4694,TS-MDL-4694,68af3faa-e72f-5ba2-87e7-661cef31e083,TS-MDL-4694-V1,2016-10-11,2022-09-26,ts_lgd_mandals_2016_v1,f02ab4ed-2f7e-5269-98da-beed2893d678,e0160000-0000-0000-0000-000000002016,A,STANDARDIZED_TRANSLITERATION_MAP,RESOLVED_1_TO_1
24,Atmakur_S,Suryapet,4622,TS-MDL-4622,340eb178-39a1-570e-a97d-2e851969e0a4,TS-MDL-4622-V1,2016-10-11,2022-09-26,ts_lgd_mandals_2016_v1,f2202281-59ca-53d4-842b-8f9546f7e27b,e0160000-0000-0000-0000-000000002016,A,STANDARDIZED_TRANSLITERATION_MAP,RESOLVED_1_TO_1
25,Atmakur,Wanaparthy,4592,TS-MDL-4592,09feb05b-686d-5a72-83da-3ff332050b91,TS-MDL-4592-V1,2016-10-11,2022-09-26,ts_lgd_mandals_2016_v1,01009c5a-a652-5680-a861-1db83eac29ee,e0160000-0000-0000-0000-000000002016,A,EXACT_NAME_AND_LGD_MATCH,RESOLVED_1_TO_1
26,B.Pochampally,Yadadri Bhuvanagiri,4630,TS-MDL-4630,940bef1d-d6aa-5d78-987a-200086a0c74b,TS-MDL-4630-V1,2016-10-11,2022-09-26,ts_lgd_mandals_2016_v1,9ecef36c-ab20-5e7b-9731-819ca2a46c92,e0160000-0000-0000-0000-000000002016,A,STANDARDIZED_TRANSLITERATION_MAP,RESOLVED_1_TO_1
27,Balanagar,Medchal_Malkajgiri,4517,TS-MDL-4517,d9e06592-5553-5f22-922b-ca856f47d9bd,TS-MDL-4517-V1,2016-10-11,2022-09-26,ts_lgd_mandals_2016_v1,c37a0fab-25b2-5cdd-a4ab-a9c0505ef3b8,e0160000-0000-0000-0000-000000002016,A,EXACT_NAME_AND_LGD_MATCH,RESOLVED_1_TO_1
28,Balkonda,Nizamabad,4361,TS-MDL-4361,06fe6c81-b5ad-5ffa-876a-963575ccc8d0,TS-MDL-4361-V1,2016-10-11,2022-09-26,ts_lgd_mandals_2016_v1,53a188a2-a601-5e37-b2ab-06e523a9a375,e0160000-0000-0000-0000-000000002016,A,EXACT_NAME_AND_LGD_MATCH,RESOLVED_1_TO_1
29,Balmoor,Nagarkurnool,4597,TS-MDL-4597,56fddb04-b1cc-59c1-8652-d9cdbfc70eb7,TS-MDL-4597-V1,2016-10-11,2022-09-26,ts_lgd_mandals_2016_v1,12dfd6a1-3eb1-5ac1-8ee1-5381c4f31b02,e0160000-0000-0000-0000-000000002016,A,EXACT_NAME_AND_LGD_MATCH,RESOLVED_1_TO_1
30,Balapur,Rangareddy,6323,TS-MDL-6323,97843e35-11a3-5f32-98ac-0cda3138a6e3,TS-MDL-6323-V1,2016-10-11,2022-09-26,ts_lgd_mandals_2016_v1,991cd9e8-0166-56c4-9afe-3d23f3651d8b,e0160000-0000-0000-0000-000000002016,A,EXACT_NAME_AND_LGD_MATCH,RESOLVED_1_TO_1
31,Banswada,Kamareddy,4383,TS-MDL-4383,04d9af8d-cd2c-5944-8cde-15a4b6ddef9d,TS-MDL-4383-V1,2016-10-11,2022-09-26,ts_lgd_mandals_2016_v1,185cde28-5d29-5786-8185-c9d028455ffe,e0160000-0000-0000-0000-000000002016,A,EXACT_NAME_AND_LGD_MATCH,RESOLVED_1_TO_1
32,Bantwaram,Vikarabad,4532,TS-MDL-4532,4c80918b-f76e-55cb-be24-6158a8251354,TS-MDL-4532-V1,2016-10-11,2022-09-26,ts_lgd_mandals_2016_v1,3c257bb0-7705-517d-a5f2-8fabf96f4b58,e0160000-0000-0000-0000-000000002016,A,EXACT_NAME_AND_LGD_MATCH,RESOLVED_1_TO_1
33,Basar,Nirmal,6205,TS-MDL-6205,25afbbf8-a11d-5c07-b578-009c7653155d,TS-MDL-6205-V1,2016-10-11,2022-09-26,ts_lgd_mandals_2016_v1,2178d578-132f-52ff-a225-f6abcf318da8,e0160000-0000-0000-0000-000000002016,A,EXACT_NAME_AND_LGD_MATCH,RESOLVED_1_TO_1
34,Bayyaram,Mahabubabad,4742,TS-MDL-4742,269a7368-773c-5dc3-86d7-b3f55befaaf3,TS-MDL-4742-V1,2016-10-11,2022-09-26,ts_lgd_mandals_2016_v1,55b252e4-9f49-5e63-a24d-4a0c010ac9de,e0160000-0000-0000-0000-000000002016,A,EXACT_NAME_AND_LGD_MATCH,RESOLVED_1_TO_1
35,Basheerabad,Vikarabad,4535,TS-MDL-4535,c7016976-f787-55e6-bf8c-79a72ccef881,TS-MDL-4535-V1,2016-10-11,2022-09-26,ts_lgd_mandals_2016_v1,405aade7-b137-518f-ba6d-cb235e8f777e,e0160000-0000-0000-0000-000000002016,A,EXACT_NAME_AND_LGD_MATCH,RESOLVED_1_TO_1
36,Bejjanki,Siddipet,4437,TS-MDL-4437,298f0082-0432-53cf-befd-54d76c0df8fa,TS-MDL-4437-V1,2016-10-11,2022-09-26,ts_lgd_mandals_2016_v1,82d49b9b-033e-5e01-a21a-8a69e91beafb,e0160000-0000-0000-0000-000000002016,A,EXACT_NAME_AND_LGD_MATCH,RESOLVED_1_TO_1
37,Bazarhathnoor,Adilabad,4323,TS-MDL-4323,2a8c700a-d14d-5cd6-a52f-04ef5475d044,TS-MDL-4323-V1,2016-10-11,2022-09-26,ts_lgd_mandals_2016_v1,d5cee6d6-29c5-5e73-a68e-32f97db625b0,e0160000-0000-0000-0000-000000002016,C,STANDARDIZED_TRANSLITERATION_MAP,RESOLVED_1_TO_1
38,Beerpur,Jagtial,6212,TS-MDL-6212,878a8f9f-b724-5f59-8d00-b889b6a39f9a,TS-MDL-6212-V1,2016-10-11,2022-09-26,ts_lgd_mandals_2016_v1,e2ecc73c-6fb1-5474-9d53-04063ea3b14e,e0160000-0000-0000-0000-000000002016,A,EXACT_NAME_AND_LGD_MATCH,RESOLVED_1_TO_1
39,Bejjur,Kumurambheem Asifabad,4317,TS-MDL-4317,13dcf3c0-fb85-5623-9b53-dac6fedd4c17,TS-MDL-4317-V1,2016-10-11,2022-09-26,ts_lgd_mandals_2016_v1,765f40a4-5c26-51a8-8453-b246a868be26,e0160000-0000-0000-0000-000000002016,A,EXACT_NAME_AND_LGD_MATCH,RESOLVED_1_TO_1
40,Bela,Adilabad,4308,TS-MDL-4308,ccea18d4-6ad7-5bb5-89b5-b53583ac97b1,TS-MDL-4308-V1,2016-10-11,2022-09-26,ts_lgd_mandals_2016_v1,c8d86389-2df0-5543-be0d-03d52f83515d,e0160000-0000-0000-0000-000000002016,A,EXACT_NAME_AND_LGD_MATCH,RESOLVED_1_TO_1
41,Bheemgal,Nizamabad,4364,TS-MDL-4364,be652d09-a33b-57c3-9213-88a4f22537be,TS-MDL-4364-V1,2016-10-11,2022-09-26,ts_lgd_mandals_2016_v1,e094ae64-188d-5892-9f89-caef5dc7a49a,e0160000-0000-0000-0000-000000002016,A,EXACT_NAME_AND_LGD_MATCH,RESOLVED_1_TO_1
42,Bellampalle,Mancherial,4350,TS-MDL-4350,f7974a33-b336-58a5-a1cc-c11e235430c9,TS-MDL-4350-V1,2016-10-11,2022-09-26,ts_lgd_mandals_2016_v1,9a60f802-e8d5-5032-b753-f6ccd51ab068,e0160000-0000-0000-0000-000000002016,A,STANDARDIZED_TRANSLITERATION_MAP,RESOLVED_1_TO_1
43,Chinna Chinta Kunta,Mahabubnagar,4587,TS-MDL-4587,e395aa1a-04ae-5274-aa83-37214f52004e,TS-MDL-4587-V1,2016-10-11,2022-09-26,ts_lgd_mandals_2016_v1,5c00fb6f-3bf9-5027-9314-0e1aa758ec18,e0160000-0000-0000-0000-000000002016,A,STANDARDIZED_TRANSLITERATION_MAP,RESOLVED_1_TO_1
44,Bheemaram,Mancherial,6228,TS-MDL-6228,6817c1a0-6b0c-541c-99a7-80149e89ad30,TS-MDL-6228-V1,2016-10-11,2022-09-26,ts_lgd_mandals_2016_v1,007cea4c-9a51-544d-a541-78ec625304f6,e0160000-0000-0000-0000-000000002016,A,EXACT_NAME_AND_LGD_MATCH,RESOLVED_1_TO_1
45,Bheempoor,Adilabad,6223,TS-MDL-6223,9a753c44-7fd7-5c64-a14f-288e65aa67c5,TS-MDL-6223-V1,2016-10-11,2022-09-26,ts_lgd_mandals_2016_v1,a01a5d11-58a2-5ead-9a2b-af36cf206266,e0160000-0000-0000-0000-000000002016,A,STANDARDIZED_TRANSLITERATION_MAP,RESOLVED_1_TO_1
46,Bijinapalle,Nagarkurnool,4584,TS-MDL-4584,644daa8a-0808-57a3-9aaf-58c165c9c4e1,TS-MDL-4584-V1,2016-10-11,2022-09-26,ts_lgd_mandals_2016_v1,ae7acbaf-5ecf-5041-b197-0153ba349ff3,e0160000-0000-0000-0000-000000002016,A,STANDARDIZED_TRANSLITERATION_MAP,RESOLVED_1_TO_1
47,Bodhan,Nizamabad,4370,TS-MDL-4370,eb338308-3547-5b6d-bf1f-52e53ae8548c,TS-MDL-4370-V1,2016-10-11,2022-09-26,ts_lgd_mandals_2016_v1,c841adfc-aaf4-5aeb-bd8f-074bebee1fd5,e0160000-0000-0000-0000-000000002016,C,EXACT_NAME_AND_LGD_MATCH,RESOLVED_1_TO_1
48,Boinpalli,Rajanna Sircilla,4429,TS-MDL-4429,dc5e5546-aa8e-56e8-b2d0-b3af6e6a8127,TS-MDL-4429-V1,2016-10-11,2022-09-26,ts_lgd_mandals_2016_v1,03b22f99-39b7-5024-8011-c401db82360e,e0160000-0000-0000-0000-000000002016,A,EXACT_NAME_AND_LGD_MATCH,RESOLVED_1_TO_1
49,Bommalaramaram,Yadadri Bhuvanagiri,4613,TS-MDL-4613,b528d1ea-864c-5320-8c7d-8577cc16f736,TS-MDL-4613-V1,2016-10-11,2022-09-26,ts_lgd_mandals_2016_v1,aa970a7d-dea5-53c0-a172-9b885b51aee4,e0160000-0000-0000-0000-000000002016,A,EXACT_NAME_AND_LGD_MATCH,RESOLVED_1_TO_1
50,Bommaraspeta,Vikarabad,4550,TS-MDL-4550,a336057f-a52f-5da4-96a2-b15739d18c2c,TS-MDL-4550-V1,2016-10-11,2022-09-26,ts_lgd_mandals_2016_v1,a4f07f85-7ea5-5e5f-b62e-b6f422ff7642,e0160000-0000-0000-0000-000000002016,C,STANDARDIZED_TRANSLITERATION_MAP,RESOLVED_1_TO_1
51,Bonakal,Khammam,4765,TS-MDL-4765,a9364d14-b165-505f-9ae5-508192cc949e,TS-MDL-4765-V1,2016-10-11,2022-09-26,ts_lgd_mandals_2016_v1,6b85d736-cf9c-5898-adc8-f770a8ecbaaa,e0160000-0000-0000-0000-000000002016,A,EXACT_NAME_AND_LGD_MATCH,RESOLVED_1_TO_1
52,Soan,Nirmal,6209,TS-MDL-6209,62c50f4e-ce54-5dac-9c43-548237156ff2,TS-MDL-6209-V1,2016-10-11,2022-09-26,ts_lgd_mandals_2016_v1,6b7cb092-38bc-5715-9f5b-e97cc23e461c,e0160000-0000-0000-0000-000000002016,A,EXACT_NAME_AND_LGD_MATCH,RESOLVED_1_TO_1
53,Bhiknoor,Kamareddy,4391,TS-MDL-4391,d98311f7-3c1a-5bc9-a95d-8056c2d91170,TS-MDL-4391-V1,2016-10-11,2022-09-26,ts_lgd_mandals_2016_v1,86a8704e-8bac-5a39-8db5-3eb75de52db5,e0160000-0000-0000-0000-000000002016,A,EXACT_NAME_AND_LGD_MATCH,RESOLVED_1_TO_1
54,Bibipet,Kamareddy,6242,TS-MDL-6242,7e4a9f52-1f9f-5f8b-8675-d427e3c767b5,TS-MDL-6242-V1,2016-10-11,2022-09-26,ts_lgd_mandals_2016_v1,4f692012-0be0-54e7-9d8d-bf73ff1c4ba7,e0160000-0000-0000-0000-000000002016,A,EXACT_NAME_AND_LGD_MATCH,RESOLVED_1_TO_1
55,Boath,Adilabad,4324,TS-MDL-4324,f041bc39-8808-5c8b-ac62-6deb587d9f89,TS-MDL-4324-V1,2016-10-11,2022-09-26,ts_lgd_mandals_2016_v1,826ead6c-42a1-5d2d-96f9-2c7311381b18,e0160000-0000-0000-0000-000000002016,C,EXACT_NAME_AND_LGD_MATCH,RESOLVED_1_TO_1
56,Buggaram,Jagtial,6213,TS-MDL-6213,115c1cf9-245a-5e2a-995a-3d7d30cee3f6,TS-MDL-6213-V1,2016-10-11,2022-09-26,ts_lgd_mandals_2016_v1,7f581046-418b-5299-92f7-3668a036eb51,e0160000-0000-0000-0000-000000002016,A,EXACT_NAME_AND_LGD_MATCH,RESOLVED_1_TO_1
57,Chinnakodur,Siddipet,4460,TS-MDL-4460,95d7394b-99cb-5688-baee-25885da17999,TS-MDL-4460-V1,2016-10-11,2022-09-26,ts_lgd_mandals_2016_v1,7bb3b228-530e-5f8a-ad3c-efbc66be8878,e0160000-0000-0000-0000-000000002016,A,EXACT_NAME_AND_LGD_MATCH,RESOLVED_1_TO_1
58,Burgampadu,Bhadradri Kothagudem,4736,TS-MDL-4736,b53197b1-6fdb-5ada-8c3b-64da861125f1,TS-MDL-4736-V1,2016-10-11,2022-09-26,ts_lgd_mandals_2016_v1,9f78978d-c9f7-565c-b15a-e00b51f3af77,e0160000-0000-0000-0000-000000002016,A,STANDARDIZED_TRANSLITERATION_MAP,RESOLVED_1_TO_1
59,Sujathanagar,Bhadradri Kothagudem,6265,TS-MDL-6265,188bfed8-6bc1-5dc9-b7c1-0660d9873275,TS-MDL-6265-V1,2016-10-11,2022-09-26,ts_lgd_mandals_2016_v1,8c456264-d2a3-53e1-b155-b11bccd2e6be,e0160000-0000-0000-0000-000000002016,A,EXACT_NAME_AND_LGD_MATCH,RESOLVED_1_TO_1
60,Chandampet,Nalgonda,4652,TS-MDL-4652,80cc7833-f1f3-59fc-8386-cb7ed9ae1911,TS-MDL-4652-V1,2016-10-11,2022-09-26,ts_lgd_mandals_2016_v1,2e23588d-73b0-5d42-91ed-be7680ce3b24,e0160000-0000-0000-0000-000000002016,A,STANDARDIZED_TRANSLITERATION_MAP,RESOLVED_1_TO_1
61,Chandrugonda,Bhadradri Kothagudem,4747,TS-MDL-4747,32c97eab-482e-57b7-88fe-ed4074201db3,TS-MDL-4747-V1,2016-10-11,2022-09-26,ts_lgd_mandals_2016_v1,c82be140-1a03-5f9b-b722-6d85c9e14771,e0160000-0000-0000-0000-000000002016,A,EXACT_NAME_AND_LGD_MATCH,RESOLVED_1_TO_1
62,Charakonda,Nagarkurnool,6293,TS-MDL-6293,9db1e8d0-06c6-5880-b983-b579c27c96b3,TS-MDL-6293-V1,2016-10-11,2022-09-26,ts_lgd_mandals_2016_v1,e7060a60-a09e-59d3-80cb-5a011b0194a1,e0160000-0000-0000-0000-000000002016,A,EXACT_NAME_AND_LGD_MATCH,RESOLVED_1_TO_1
63,Charminar,Hyderabad,4510,TS-MDL-4510,c72a1ba5-e701-550f-8532-ad143b174c1d,TS-MDL-4510-V1,2016-10-11,2022-09-26,ts_lgd_mandals_2016_v1,aba6f1cc-08be-577e-978d-f1f94fb3544c,e0160000-0000-0000-0000-000000002016,A,EXACT_NAME_AND_LGD_MATCH,RESOLVED_1_TO_1
64,Chendurthi,Rajanna Sircilla,4419,TS-MDL-4419,3877d6a7-fdc5-5a3a-b674-13d52eda30ef,TS-MDL-4419-V1,2016-10-11,2022-09-26,ts_lgd_mandals_2016_v1,6e2e149b-2c58-59f2-840a-f0f9f8362c78,e0160000-0000-0000-0000-000000002016,A,STANDARDIZED_TRANSLITERATION_MAP,RESOLVED_1_TO_1
65,Chityal,Nalgonda,4633,TS-MDL-4633,e3bf4e59-7b5f-5015-829b-18a7cef001d1,TS-MDL-4633-V1,2016-10-11,2022-09-26,ts_lgd_mandals_2016_v1,ce704335-5f45-53ba-88e1-255efdf96c9a,e0160000-0000-0000-0000-000000002016,A,EXACT_NAME_AND_LGD_MATCH,RESOLVED_1_TO_1
66,Chivvemla,Suryapet,4639,TS-MDL-4639,8093b892-0454-5151-8795-cb82297a884d,TS-MDL-4639-V1,2016-10-11,2022-09-26,ts_lgd_mandals_2016_v1,29a83357-a7ec-5610-b5d3-4d160b692823,e0160000-0000-0000-0000-000000002016,A,STANDARDIZED_TRANSLITERATION_MAP,RESOLVED_1_TO_1
67,Choppadandi,Karimnagar,4424,TS-MDL-4424,26ded643-d78a-5e37-97ae-083a9aaab2c8,TS-MDL-4424-V1,2016-10-11,2022-09-26,ts_lgd_mandals_2016_v1,5ff31c49-c124-5ab8-879e-e5803f8ef413,e0160000-0000-0000-0000-000000002016,A,EXACT_NAME_AND_LGD_MATCH,RESOLVED_1_TO_1
68,Choutuppal,Yadadri Bhuvanagiri,4631,TS-MDL-4631,7baf817d-c0d3-5ee9-aa17-70583d8ab435,TS-MDL-4631-V1,2016-10-11,2022-09-26,ts_lgd_mandals_2016_v1,396de3af-1b56-5b08-aa1e-ff2337a65f5c,e0160000-0000-0000-0000-000000002016,A,EXACT_NAME_AND_LGD_MATCH,RESOLVED_1_TO_1
69,Chennaraopet,Warangal_Rural,4712,TS-MDL-4712,be9066ca-a5c1-5d2d-b104-c26a756ad8c4,TS-MDL-4712-V1,2016-10-11,2022-09-26,ts_lgd_mandals_2016_v1,ff7444cf-8e11-5eb7-bad3-07e29bae568b,e0160000-0000-0000-0000-000000002016,A,EXACT_NAME_AND_LGD_MATCH,RESOLVED_1_TO_1
70,Chennur,Mancherial,4356,TS-MDL-4356,b60e24c8-1e53-59e2-aa48-01a0e0135d1f,TS-MDL-4356-V1,2016-10-11,2022-09-26,ts_lgd_mandals_2016_v1,a0ec8567-fbcb-5be5-8ffa-6fa510be7b32,e0160000-0000-0000-0000-000000002016,A,EXACT_NAME_AND_LGD_MATCH,RESOLVED_1_TO_1
71,Cherial,Siddipet,4672,TS-MDL-4672,9852aee7-adab-5876-8c6c-d2f354f17b17,TS-MDL-4672-V1,2016-10-11,2020-09-24,ts_lgd_mandals_2016_v1,c1230da9-6fa2-5372-b357-5f61fce99465,e0160000-0000-0000-0000-000000002016,B,EXACT_NAME_AND_LGD_MATCH,RESOLVED_1_TO_1
72,Munipally,Sangareddy,4477,TS-MDL-4477,f8f321f3-e9aa-5905-a2d4-55fd5d392953,TS-MDL-4477-V1,2016-10-11,2022-09-26,ts_lgd_mandals_2016_v1,7ea7e782-c8c5-5fbc-ac57-caa64a49b2e2,e0160000-0000-0000-0000-000000002016,A,EXACT_NAME_AND_LGD_MATCH,RESOLVED_1_TO_1
73,Munugode,Nalgonda,4647,TS-MDL-4647,a7707132-e18d-55ad-aa00-b8732270f155,TS-MDL-4647-V1,2016-10-11,2022-09-26,ts_lgd_mandals_2016_v1,7361f6ae-84a6-57a9-b79b-c0b241e8ac1f,e0160000-0000-0000-0000-000000002016,C,EXACT_NAME_AND_LGD_MATCH,RESOLVED_1_TO_1
74,Cherla,Bhadradri Kothagudem,4726,TS-MDL-4726,d5000252-f40b-52f9-a5a0-8d181d3cfdd0,TS-MDL-4726-V1,2016-10-11,2022-09-26,ts_lgd_mandals_2016_v1,0e17c0c3-b417-51e5-9380-a42ef4b457d2,e0160000-0000-0000-0000-000000002016,A,EXACT_NAME_AND_LGD_MATCH,RESOLVED_1_TO_1
75,Chigurumamidi,Karimnagar,4442,TS-MDL-4442,6a451f99-2c2d-5f8d-a7ef-cf7faf0106d7,TS-MDL-4442-V1,2016-10-11,2022-09-26,ts_lgd_mandals_2016_v1,17e612af-332e-56b2-9a53-45acc83e7875,e0160000-0000-0000-0000-000000002016,A,EXACT_NAME_AND_LGD_MATCH,RESOLVED_1_TO_1
76,Chilkur,Suryapet,4667,TS-MDL-4667,69708b8d-af76-5a70-a9c3-1015d1b2ed60,TS-MDL-4667-V1,2016-10-11,2022-09-26,ts_lgd_mandals_2016_v1,14990131-9e59-54f3-8904-0674f710a4b1,e0160000-0000-0000-0000-000000002016,A,EXACT_NAME_AND_LGD_MATCH,RESOLVED_1_TO_1
77,Mustabad,Rajanna Sircilla,4434,TS-MDL-4434,bdfca16f-286d-549f-8af4-5b82698b752b,TS-MDL-4434-V1,2016-10-11,2022-09-26,ts_lgd_mandals_2016_v1,aab93727-e3b1-5f17-8a8c-14852350ea6a,e0160000-0000-0000-0000-000000002016,A,EXACT_NAME_AND_LGD_MATCH,RESOLVED_1_TO_1
78,Dahegaon,Kumurambheem Asifabad,4329,TS-MDL-4329,e5c296da-ac8e-594e-95f9-9fcfb63d679e,TS-MDL-4329-V1,2016-10-11,2022-09-26,ts_lgd_mandals_2016_v1,a1eded91-b812-54ca-bf06-4798448c34c0,e0160000-0000-0000-0000-000000002016,A,STANDARDIZED_TRANSLITERATION_MAP,RESOLVED_1_TO_1
79,Devarakonda,Nalgonda,4653,TS-MDL-4653,fea3f521-de89-580c-9d2c-88c07bc20883,TS-MDL-4653-V1,2016-10-11,2022-09-26,ts_lgd_mandals_2016_v1,d2b50ad0-61e3-5f0c-ae1c-72498583cff4,e0160000-0000-0000-0000-000000002016,A,EXACT_NAME_AND_LGD_MATCH,RESOLVED_1_TO_1
80,Devarkadra,Mahabubnagar,4573,TS-MDL-4573,e7ffa78c-5d54-5ff0-8999-89743c440f5d,TS-MDL-4573-V1,2016-10-11,2022-09-26,ts_lgd_mandals_2016_v1,7af7d45c-2021-576e-8ef3-918e3f0f7efa,e0160000-0000-0000-0000-000000002016,C,STANDARDIZED_TRANSLITERATION_MAP,RESOLVED_1_TO_1
81,Devaruppula,Jangoan,4701,TS-MDL-4701,a811482b-6148-5148-99c8-626fdc40fe94,TS-MDL-4701-V1,2016-10-11,2022-09-26,ts_lgd_mandals_2016_v1,db3b3b0b-b8d7-5d9c-8a2a-4bbf7e500b14,e0160000-0000-0000-0000-000000002016,A,EXACT_NAME_AND_LGD_MATCH,RESOLVED_1_TO_1
82,Vemsoor,Khammam,4768,TS-MDL-4768,1d83b59d-3e98-53d0-9c7a-add203056403,TS-MDL-4768-V1,2016-10-11,2022-09-26,ts_lgd_mandals_2016_v1,cc942752-b54d-5cb4-9a5c-453b70495bee,e0160000-0000-0000-0000-000000002016,A,EXACT_NAME_AND_LGD_MATCH,RESOLVED_1_TO_1
83,Suryapet,Suryapet,4638,TS-MDL-4638,055705a3-7675-594f-bc00-873b0b0496b8,TS-MDL-4638-V1,2016-10-11,2022-09-26,ts_lgd_mandals_2016_v1,f628056f-3f62-5bc2-8272-fd0ad5ee60d2,e0160000-0000-0000-0000-000000002016,A,EXACT_NAME_AND_LGD_MATCH,RESOLVED_1_TO_1
84,Tadvai (Sammakka Sarakka),Mulugu,4687,TS-MDL-4687,38b1062d-4168-5858-8ff3-59c3b44d8a5a,TS-MDL-4687-V1,2016-10-11,2022-09-26,ts_lgd_mandals_2016_v1,518a29d0-70e2-524c-853e-65ac62373e9c,e0160000-0000-0000-0000-000000002016,A,STANDARDIZED_TRANSLITERATION_MAP,RESOLVED_1_TO_1
85,Tadwai,Kamareddy,4389,TS-MDL-4389,1c362e69-67a0-5286-8852-c6cdc4d87e7c,TS-MDL-4389-V1,2016-10-11,2022-09-26,ts_lgd_mandals_2016_v1,7607065f-389e-5281-b4fb-4f2c3bb570a4,e0160000-0000-0000-0000-000000002016,A,EXACT_NAME_AND_LGD_MATCH,RESOLVED_1_TO_1
86,Talamadugu,Adilabad,4309,TS-MDL-4309,88a52601-3a13-5d86-9de1-50dff98d9e1d,TS-MDL-4309-V1,2016-10-11,2022-09-26,ts_lgd_mandals_2016_v1,be837990-1fc2-5800-bf70-48029ba92458,e0160000-0000-0000-0000-000000002016,A,EXACT_NAME_AND_LGD_MATCH,RESOLVED_1_TO_1
87,Tamsi,Adilabad,4305,TS-MDL-4305,dc2bf5d5-0061-5c5b-a3c4-3e30a3f5e438,TS-MDL-4305-V1,2016-10-11,2022-09-26,ts_lgd_mandals_2016_v1,b9b58f86-8859-5c01-8c91-25ad8309acfb,e0160000-0000-0000-0000-000000002016,A,EXACT_NAME_AND_LGD_MATCH,RESOLVED_1_TO_1
88,Tandur,Mancherial,4332,TS-MDL-4332,0bdb140f-109e-55d2-9cc2-8c03d82669a7,TS-MDL-4332-V1,2016-10-11,2022-09-26,ts_lgd_mandals_2016_v1,39664f82-3713-5740-b7ab-cc88d597664b,e0160000-0000-0000-0000-000000002016,A,EXACT_NAME_AND_LGD_MATCH,RESOLVED_1_TO_1
89,Tandur,Vikarabad,4534,TS-MDL-4534,9eab60e3-5431-50c5-835e-c35db7854f62,TS-MDL-4534-V1,2016-10-11,2022-09-26,ts_lgd_mandals_2016_v1,bc496505-9afe-59b7-8c62-b14fe53698ce,e0160000-0000-0000-0000-000000002016,A,EXACT_NAME_AND_LGD_MATCH,RESOLVED_1_TO_1
90,Tekmal,Medak,4469,TS-MDL-4469,4b2fb35c-0a0c-5f51-8bf1-3a8b4013037d,TS-MDL-4469-V1,2016-10-11,2022-09-26,ts_lgd_mandals_2016_v1,37f15149-b51b-5c57-901f-5ffe08bcbaff,e0160000-0000-0000-0000-000000002016,A,EXACT_NAME_AND_LGD_MATCH,RESOLVED_1_TO_1
91,Gollapalli,Jagtial,4412,TS-MDL-4412,d430d026-2665-54fc-8c51-4128802c851e,TS-MDL-4412-V1,2016-10-11,2022-09-26,ts_lgd_mandals_2016_v1,1978bd1d-6d49-5a4e-9ae8-7773c5469179,e0160000-0000-0000-0000-000000002016,A,EXACT_NAME_AND_LGD_MATCH,RESOLVED_1_TO_1
92,Tekulapalle,Bhadradri Kothagudem,4739,TS-MDL-4739,fff794a3-0a43-5178-a451-304822d7f7cb,TS-MDL-4739-V1,2016-10-11,2022-09-26,ts_lgd_mandals_2016_v1,85f917ea-bb22-5d63-972b-019650271c28,e0160000-0000-0000-0000-000000002016,A,STANDARDIZED_TRANSLITERATION_MAP,RESOLVED_1_TO_1
93,Dasturabad,Nirmal,6207,TS-MDL-6207,74bfe708-a087-5ef0-bf14-3740745a0f66,TS-MDL-6207-V1,2016-10-11,2022-09-26,ts_lgd_mandals_2016_v1,5876a2e6-9884-5a39-af9f-0272ef01849e,e0160000-0000-0000-0000-000000002016,A,EXACT_NAME_AND_LGD_MATCH,RESOLVED_1_TO_1
94,Tekumatla,Jayashankar Bhupalpally,6248,TS-MDL-6248,5f297f9a-a514-5d99-9e9a-90fce340439f,TS-MDL-6248-V1,2016-10-11,2022-09-26,ts_lgd_mandals_2016_v1,18c95073-eab3-5c61-9c38-55c11bb1e2b3,e0160000-0000-0000-0000-000000002016,A,EXACT_NAME_AND_LGD_MATCH,RESOLVED_1_TO_1
95,Dharoor,Vikarabad,4531,TS-MDL-4531,95120335-f39d-5e1b-a5dd-bec9aaf4daf2,TS-MDL-4531-V1,2016-10-11,2022-09-26,ts_lgd_mandals_2016_v1,0a59624c-7dcf-579d-bc71-5a1337a185ab,e0160000-0000-0000-0000-000000002016,A,STANDARDIZED_TRANSLITERATION_MAP,RESOLVED_1_TO_1
96,Dharpally,Nizamabad,4378,TS-MDL-4378,979a3085-3b7c-5780-8f2d-f572207f51cf,TS-MDL-4378-V1,2016-10-11,2022-09-26,ts_lgd_mandals_2016_v1,f2fe153d-4ad9-5299-9346-728cca129bc8,e0160000-0000-0000-0000-000000002016,A,EXACT_NAME_AND_LGD_MATCH,RESOLVED_1_TO_1
97,Dichpally,Nizamabad,4377,TS-MDL-4377,19061944-478f-53e9-b9b1-6816f70fe8a9,TS-MDL-4377-V1,2016-10-11,2022-09-26,ts_lgd_mandals_2016_v1,6528cc1e-31bc-5034-8a60-20357a73a8f7,e0160000-0000-0000-0000-000000002016,A,EXACT_NAME_AND_LGD_MATCH,RESOLVED_1_TO_1
98,Doma,Vikarabad,4537,TS-MDL-4537,118f081a-24d3-5de4-b717-77527e02a56c,TS-MDL-4537-V1,2016-10-11,2022-09-26,ts_lgd_mandals_2016_v1,13d5ee90-0e45-545e-b23f-952fa795bed4,e0160000-0000-0000-0000-000000002016,A,EXACT_NAME_AND_LGD_MATCH,RESOLVED_1_TO_1
99,Yellandu,Bhadradri Kothagudem,4740,TS-MDL-4740,06007103-c97d-5425-91a2-f5ce51ca9a3f,TS-MDL-4740-V1,2016-10-11,2022-09-26,ts_lgd_mandals_2016_v1,7e55744e-21d3-538c-869b-7f175721e28c,e0160000-0000-0000-0000-000000002016,A,EXACT_NAME_AND_LGD_MATCH,RESOLVED_1_TO_1
100,Doulthabad,Vikarabad,4552,TS-MDL-4552,e8037542-92d1-5cf3-b0aa-2fdb2377c557,TS-MDL-4552-V1,2016-10-11,2022-09-26,ts_lgd_mandals_2016_v1,7b38335e-61ec-54d0-91bf-4fe9f7c8b78a,e0160000-0000-0000-0000-000000002016,A,STANDARDIZED_TRANSLITERATION_MAP,RESOLVED_1_TO_1
101,Dubbak,Siddipet,4458,TS-MDL-4458,1ea0c443-2dd9-5792-b94e-77931f77c8d9,TS-MDL-4458-V1,2016-10-11,2022-09-26,ts_lgd_mandals_2016_v1,5fb4cbc2-0e3e-556d-acf5-1aad44dc5c99,e0160000-0000-0000-0000-000000002016,C,EXACT_NAME_AND_LGD_MATCH,RESOLVED_1_TO_1
102,Duggondi,Warangal_Rural,4693,TS-MDL-4693,1b5b1c04-40bf-5e5d-85cb-eb213b9e93ec,TS-MDL-4693-V1,2016-10-11,2022-09-26,ts_lgd_mandals_2016_v1,618cae4b-d8d7-5a2a-b35a-7f93f36e576b,e0160000-0000-0000-0000-000000002016,A,EXACT_NAME_AND_LGD_MATCH,RESOLVED_1_TO_1
103,Thangallapalli,Rajanna Sircilla,6217,TS-MDL-6217,f89f539b-3d2b-598b-897e-4326e47f7237,TS-MDL-6217-V1,2016-10-11,2022-09-26,ts_lgd_mandals_2016_v1,55c7e281-7c18-5cff-a388-a3c1e09b1cd3,e0160000-0000-0000-0000-000000002016,A,EXACT_NAME_AND_LGD_MATCH,RESOLVED_1_TO_1
104,Dundigal Gandimaisamma,Medchal_Malkajgiri,6316,TS-MDL-6316,e19821aa-aba7-57a4-b7c7-c5e7101613c1,TS-MDL-6316-V1,2016-10-11,2022-09-26,ts_lgd_mandals_2016_v1,52d0392f-0407-598c-b8ab-daf16d484660,e0160000-0000-0000-0000-000000002016,A,STANDARDIZED_TRANSLITERATION_MAP,RESOLVED_1_TO_1
105,Eligaid,Peddapalli,4410,TS-MDL-4410,4cc62dd8-2eec-502b-97e3-f851f3fc0a1f,TS-MDL-4410-V1,2016-10-11,2022-09-26,ts_lgd_mandals_2016_v1,5fa6dcf6-d743-56b5-9414-f93f72abece9,e0160000-0000-0000-0000-000000002016,A,EXACT_NAME_AND_LGD_MATCH,RESOLVED_1_TO_1
106,Elkathurthi,Warangal_Urban,4449,TS-MDL-4449,2c1ea526-f3b9-5df6-b6a8-f4d999ac5ec8,TS-MDL-4449-V1,2016-10-11,2022-09-26,ts_lgd_mandals_2016_v1,bfecb7d8-51dd-5806-8e5d-fc0bb392b984,e0160000-0000-0000-0000-000000002016,A,STANDARDIZED_TRANSLITERATION_MAP,RESOLVED_1_TO_1
107,Ellandakunta,Karimnagar,6234,TS-MDL-6234,d0313587-9179-5b51-984c-23a5e800ec34,TS-MDL-6234-V1,2016-10-11,2022-09-26,ts_lgd_mandals_2016_v1,4d0c6bf8-6264-5c6e-97b0-edea0a0dfd9d,e0160000-0000-0000-0000-000000002016,A,EXACT_NAME_AND_LGD_MATCH,RESOLVED_1_TO_1
108,Gandeed,Mahabubnagar,4538,TS-MDL-4538,b06efd1b-991f-57d0-b64b-391748bea576,TS-MDL-4538-V1,2016-10-11,2020-09-24,ts_lgd_mandals_2016_v1,406de7e6-a89d-5587-a025-dd7abdf427d3,e0160000-0000-0000-0000-000000002016,B,EXACT_NAME_AND_LGD_MATCH,RESOLVED_1_TO_1
109,Gandhari,Kamareddy,4382,TS-MDL-4382,3147c5f5-7f97-5c85-8ae8-e8d818d8a495,TS-MDL-4382-V1,2016-10-11,2022-09-26,ts_lgd_mandals_2016_v1,b77ce364-f339-5ee6-8b08-b620d98ead6e,e0160000-0000-0000-0000-000000002016,A,EXACT_NAME_AND_LGD_MATCH,RESOLVED_1_TO_1
110,Gandipet,Rangareddy,6320,TS-MDL-6320,603f5924-4bae-5070-888f-bd004384d6dc,TS-MDL-6320-V1,2016-10-11,2022-09-26,ts_lgd_mandals_2016_v1,93be90cd-3016-58fb-b1ee-58722e06c3e0,e0160000-0000-0000-0000-000000002016,A,EXACT_NAME_AND_LGD_MATCH,RESOLVED_1_TO_1
111,Gangadhara,Karimnagar,4422,TS-MDL-4422,8331585a-29eb-534c-b958-820cebc5c526,TS-MDL-4422-V1,2016-10-11,2022-09-26,ts_lgd_mandals_2016_v1,81605a59-04a8-52b0-a9e0-2b2a1938d970,e0160000-0000-0000-0000-000000002016,A,EXACT_NAME_AND_LGD_MATCH,RESOLVED_1_TO_1
112,Golkonda,Hyderabad,4507,TS-MDL-4507,313ab26d-d069-5bbc-9f1a-71ab5732ef01,TS-MDL-4507-V1,2016-10-11,2022-09-26,ts_lgd_mandals_2016_v1,0df9c152-27ee-5ae9-935b-215ec9cfc415,e0160000-0000-0000-0000-000000002016,A,STANDARDIZED_TRANSLITERATION_MAP,RESOLVED_1_TO_1
113,Mosra,Nizamabad,6668,TS-MDL-6668,d52a4bf5-1906-5f53-b41d-a16a1861195b,TS-MDL-6668-V1,2016-10-11,2022-09-26,ts_lgd_mandals_2016_v1,0e6c1450-6a57-5acb-8355-6a6bc1debddf,e0160000-0000-0000-0000-000000002016,A,STANDARDIZED_TRANSLITERATION_MAP,RESOLVED_1_TO_1
114,Farooqnagar,Rangareddy,4559,TS-MDL-4559,4b947956-fd8c-52eb-9cba-cec4546e2591,TS-MDL-4559-V1,2016-10-11,2022-09-26,ts_lgd_mandals_2016_v1,ead5ac0b-8006-5bb7-b1b6-83d8fd085e77,e0160000-0000-0000-0000-000000002016,A,EXACT_NAME_AND_LGD_MATCH,RESOLVED_1_TO_1
115,Tharigoppula,Jangoan,6257,TS-MDL-6257,54449ba6-2370-5dc6-a830-bfc024964cfe,TS-MDL-6257-V1,2016-10-11,2022-09-26,ts_lgd_mandals_2016_v1,f1210ba0-5f8c-579f-a4fe-e24b80a2999b,e0160000-0000-0000-0000-000000002016,A,EXACT_NAME_AND_LGD_MATCH,RESOLVED_1_TO_1
116,Thimmapur,Karimnagar,4438,TS-MDL-4438,7e273115-d401-5aa6-a1dc-5b4c33485784,TS-MDL-4438-V1,2016-10-11,2022-09-26,ts_lgd_mandals_2016_v1,7473276f-f860-5e58-93b0-4d440e3f9c5a,e0160000-0000-0000-0000-000000002016,A,STANDARDIZED_TRANSLITERATION_MAP,RESOLVED_1_TO_1
117,Gadwal,Jogulamba Gadwal,4603,TS-MDL-4603,a031e786-79ef-506d-b17b-875c10e1e6c2,TS-MDL-4603-V1,2016-10-11,2022-09-26,ts_lgd_mandals_2016_v1,c3a4f1c3-a4d1-573b-bc9f-16872cfefd81,e0160000-0000-0000-0000-000000002016,A,EXACT_NAME_AND_LGD_MATCH,RESOLVED_1_TO_1
118,Gajwel,Siddipet,4483,TS-MDL-4483,db152f5e-b83f-567a-a915-867e7cfa269d,TS-MDL-4483-V1,2016-10-11,2022-09-26,ts_lgd_mandals_2016_v1,10e79f4a-3288-5c37-a0e8-e67c2cd8f499,e0160000-0000-0000-0000-000000002016,A,EXACT_NAME_AND_LGD_MATCH,RESOLVED_1_TO_1
119,Himayatnagar,Hyderabad,4503,TS-MDL-4503,85f7b091-d135-5708-9bb9-c75a19a0ef70,TS-MDL-4503-V1,2016-10-11,2022-09-26,ts_lgd_mandals_2016_v1,e16201f1-1516-5e50-b276-de105e1efc9b,e0160000-0000-0000-0000-000000002016,A,EXACT_NAME_AND_LGD_MATCH,RESOLVED_1_TO_1
120,Yellareddypet,Rajanna Sircilla,4432,TS-MDL-4432,6f149072-4888-595b-9b00-93af2c0abf2c,TS-MDL-4432-V1,2016-10-11,2022-09-26,ts_lgd_mandals_2016_v1,10e570a9-e975-5ca5-921b-ce9a73ef9fee,e0160000-0000-0000-0000-000000002016,A,STANDARDIZED_TRANSLITERATION_MAP,RESOLVED_1_TO_1
121,Chilpur,Jangoan,6259,TS-MDL-6259,92fba39e-4476-519e-954b-676587be8bdf,TS-MDL-6259-V1,2016-10-11,2022-09-26,ts_lgd_mandals_2016_v1,3418b1b4-b40c-55eb-ba54-b3214987dc00,e0160000-0000-0000-0000-000000002016,A,EXACT_NAME_AND_LGD_MATCH,RESOLVED_1_TO_1
122,Chinnagudur,Mahabubabad,6254,TS-MDL-6254,c7cd4385-f9f8-52d6-b237-4487eb0276fc,TS-MDL-6254-V1,2016-10-11,2022-09-26,ts_lgd_mandals_2016_v1,faa98eb0-ba6c-5b63-9b17-dbca76f273b2,e0160000-0000-0000-0000-000000002016,A,EXACT_NAME_AND_LGD_MATCH,RESOLVED_1_TO_1
123,Ganneruvaram,Karimnagar,6232,TS-MDL-6232,0075da7f-19b4-5620-aff0-2652cacc5381,TS-MDL-6232-V1,2016-10-11,2022-09-26,ts_lgd_mandals_2016_v1,e5e7104e-3384-585f-a212-81a720ca2ad8,e0160000-0000-0000-0000-000000002016,A,EXACT_NAME_AND_LGD_MATCH,RESOLVED_1_TO_1
124,Garidepalli,Suryapet,4666,TS-MDL-4666,c22be103-6a91-5a98-8a47-ac78598ac6e7,TS-MDL-4666-V1,2016-10-11,2022-09-26,ts_lgd_mandals_2016_v1,0f8100d3-387a-554d-8a35-da727bd19794,e0160000-0000-0000-0000-000000002016,A,STANDARDIZED_TRANSLITERATION_MAP,RESOLVED_1_TO_1
125,Garla,Mahabubabad,4743,TS-MDL-4743,91d0b992-928a-531a-8bc1-cff96dc7aa74,TS-MDL-4743-V1,2016-10-11,2022-09-26,ts_lgd_mandals_2016_v1,b654deb9-2485-5554-9a6d-102c22fd8060,e0160000-0000-0000-0000-000000002016,A,EXACT_NAME_AND_LGD_MATCH,RESOLVED_1_TO_1
126,Geesugonda,Warangal_Rural,4707,TS-MDL-4707,d3f42779-bf55-5c86-a913-1cf46a8ff6ea,TS-MDL-4707-V1,2016-10-11,2022-09-26,ts_lgd_mandals_2016_v1,1745872a-a5c9-5a6f-a6fc-27d45514b8df,e0160000-0000-0000-0000-000000002016,A,EXACT_NAME_AND_LGD_MATCH,RESOLVED_1_TO_1
127,Chinnambavi,Wanaparthy,6287,TS-MDL-6287,6098c01e-317b-50ce-8c66-2ce2b28fb4db,TS-MDL-6287-V1,2016-10-11,2022-09-26,ts_lgd_mandals_2016_v1,53273a2f-e3aa-5ded-86ba-6c7484a8e657,e0160000-0000-0000-0000-000000002016,A,EXACT_NAME_AND_LGD_MATCH,RESOLVED_1_TO_1
128,Ghanpur,Wanaparthy,4585,TS-MDL-4585,e38f63eb-42b7-5c74-bd16-95b63be7b48f,TS-MDL-4585-V1,2016-10-11,2022-09-26,ts_lgd_mandals_2016_v1,52f3fc1b-d2cf-5003-ae21-f5cea58e481b,e0160000-0000-0000-0000-000000002016,A,EXACT_NAME_AND_LGD_MATCH,RESOLVED_1_TO_1
129,Chintakani,Khammam,4760,TS-MDL-4760,62c0016b-aab6-595f-b0f0-6d77d04e5858,TS-MDL-4760-V1,2016-10-11,2022-09-26,ts_lgd_mandals_2016_v1,7787da02-9cff-5d37-a319-aeef2159e0e1,e0160000-0000-0000-0000-000000002016,A,STANDARDIZED_TRANSLITERATION_MAP,RESOLVED_1_TO_1
130,Chintalamanepally,Kumurambheem Asifabad,6314,TS-MDL-6314,d94b9050-3e52-5acd-8dc4-a34900bc0a6d,TS-MDL-6314-V1,2016-10-11,2022-09-26,ts_lgd_mandals_2016_v1,65cac8c8-8f04-558d-8c40-32b592a3ea1b,e0160000-0000-0000-0000-000000002016,A,EXACT_NAME_AND_LGD_MATCH,RESOLVED_1_TO_1
131,Ghattu,Jogulamba Gadwal,4605,TS-MDL-4605,6d7af5f8-8d90-55e4-ba5c-04eda412163a,TS-MDL-4605-V1,2016-10-11,2022-09-26,ts_lgd_mandals_2016_v1,704ea700-ba96-53eb-be08-c5fe3da802d1,e0160000-0000-0000-0000-000000002016,A,EXACT_NAME_AND_LGD_MATCH,RESOLVED_1_TO_1
132,Chinthala palem,Suryapet,6303,TS-MDL-6303,954c4212-5953-55fd-a219-b8dbe867b420,TS-MDL-6303-V1,2016-10-11,2022-09-26,ts_lgd_mandals_2016_v1,8d52230c-a9f2-5cf9-a889-697bbb4e6f11,e0160000-0000-0000-0000-000000002016,A,STANDARDIZED_TRANSLITERATION_MAP,RESOLVED_1_TO_1
133,Chinthapally,Nalgonda,4650,TS-MDL-4650,9c7db959-91a4-57d0-9e5f-dc42ad810bfb,TS-MDL-4650-V1,2016-10-11,2022-09-26,ts_lgd_mandals_2016_v1,26492da7-e4bb-51b4-af81-a82de474cadb,e0160000-0000-0000-0000-000000002016,A,EXACT_NAME_AND_LGD_MATCH,RESOLVED_1_TO_1
134,Chowdergudem,Rangareddy,6322,TS-MDL-6322,4f0fe9b1-23b4-501e-a8d6-152d6e2f9da3,TS-MDL-6322-V1,2016-10-11,2022-09-26,ts_lgd_mandals_2016_v1,554ee061-6dcf-558b-8feb-45ad0683834b,e0160000-0000-0000-0000-000000002016,A,STANDARDIZED_TRANSLITERATION_MAP,RESOLVED_1_TO_1
135,Chunchupally,Bhadradri Kothagudem,6376,TS-MDL-6376,df9eefef-3894-5f89-840e-0dbf37c48dd5,TS-MDL-6376-V1,2016-10-11,2022-09-26,ts_lgd_mandals_2016_v1,ae896a2d-b6ae-5726-b9ad-82561bfaa984,e0160000-0000-0000-0000-000000002016,A,STANDARDIZED_TRANSLITERATION_MAP,RESOLVED_1_TO_1
136,Damaracherla,Nalgonda,4663,TS-MDL-4663,7b4783e5-a267-5b77-8086-dff38371c615,TS-MDL-4663-V1,2016-10-11,2022-09-26,ts_lgd_mandals_2016_v1,caf33e2a-a41d-56f4-97bf-c87854335ba1,e0160000-0000-0000-0000-000000002016,A,STANDARDIZED_TRANSLITERATION_MAP,RESOLVED_1_TO_1
137,Damargidda,Narayanpet,4553,TS-MDL-4553,6ac54424-0c9a-5e66-a393-fd7f6e52f4ab,TS-MDL-4553-V1,2016-10-11,2022-09-26,ts_lgd_mandals_2016_v1,438fe76f-6c2f-5c80-a2ae-42dd92dc622c,e0160000-0000-0000-0000-000000002016,A,EXACT_NAME_AND_LGD_MATCH,RESOLVED_1_TO_1
138,Gummadidala,Sangareddy,6277,TS-MDL-6277,feb09cd8-4f8d-5f8a-a405-573c097c0cd4,TS-MDL-6277-V1,2016-10-11,2022-09-26,ts_lgd_mandals_2016_v1,750e5135-1b80-5fd6-8e42-c9e10ea73b5c,e0160000-0000-0000-0000-000000002016,A,EXACT_NAME_AND_LGD_MATCH,RESOLVED_1_TO_1
139,Damera,Warangal_Rural,6375,TS-MDL-6375,d9316c15-3360-5fce-8437-e93e24d680db,TS-MDL-6375-V1,2016-10-11,2022-09-26,ts_lgd_mandals_2016_v1,99290df0-5799-54be-947c-65cdac57e403,e0160000-0000-0000-0000-000000002016,A,EXACT_NAME_AND_LGD_MATCH,RESOLVED_1_TO_1
140,Kalwakurthy,Nagarkurnool,4576,TS-MDL-4576,fedc69df-a76d-5070-804c-f59eb0581d16,TS-MDL-4576-V1,2016-10-11,2022-09-26,ts_lgd_mandals_2016_v1,6c9bf621-4704-5674-aa37-c0338d0208c5,e0160000-0000-0000-0000-000000002016,A,EXACT_NAME_AND_LGD_MATCH,RESOLVED_1_TO_1
141,Kamalapur,Warangal_Urban,4447,TS-MDL-4447,04422094-58a1-5d63-bf03-75a9a00713f6,TS-MDL-4447-V1,2016-10-11,2022-09-26,ts_lgd_mandals_2016_v1,f3789b68-fa3f-5e45-872a-aa9f0a5a7fb2,e0160000-0000-0000-0000-000000002016,A,EXACT_NAME_AND_LGD_MATCH,RESOLVED_1_TO_1
142,Yergatla,Nizamabad,6239,TS-MDL-6239,b78d53f0-6e77-5ddf-824f-76228d449cb4,TS-MDL-6239-V1,2016-10-11,2022-09-26,ts_lgd_mandals_2016_v1,a4bb6307-0f1d-595c-a2fe-45ceecee515f,e0160000-0000-0000-0000-000000002016,A,EXACT_NAME_AND_LGD_MATCH,RESOLVED_1_TO_1
143,Chandur,Nizamabad,6669,TS-MDL-6669,bfeb751e-94dd-505f-a344-0b2f10094307,TS-MDL-6669-V1,2016-10-11,2022-09-26,ts_lgd_mandals_2016_v1,4e87fdf4-8e78-5d13-9c53-7c17f0f2ad7c,e0160000-0000-0000-0000-000000002016,A,EXACT_NAME_AND_LGD_MATCH,RESOLVED_1_TO_1
144,Hanwada,Mahabubnagar,4555,TS-MDL-4555,34e99d1b-40a6-5cc8-bc7e-f7782d3c54b4,TS-MDL-4555-V1,2016-10-11,2022-09-26,ts_lgd_mandals_2016_v1,1e5ad295-74a1-5929-ab1c-15c25f903967,e0160000-0000-0000-0000-000000002016,A,EXACT_NAME_AND_LGD_MATCH,RESOLVED_1_TO_1
145,Hasanparthy,Warangal_Urban,4678,TS-MDL-4678,f6af9305-8048-51ef-a331-d6eb0a586b91,TS-MDL-4678-V1,2016-10-11,2022-09-26,ts_lgd_mandals_2016_v1,7714a8ff-69c9-5de8-aa77-7415c016b3f1,e0160000-0000-0000-0000-000000002016,A,EXACT_NAME_AND_LGD_MATCH,RESOLVED_1_TO_1
146,Hathnoora,Sangareddy,4489,TS-MDL-4489,3d24ffb3-0aeb-5a08-99af-4b5434994feb,TS-MDL-4489-V1,2016-10-11,2022-09-26,ts_lgd_mandals_2016_v1,90e407a2-7602-5434-895c-f873e27d82e3,e0160000-0000-0000-0000-000000002016,A,EXACT_NAME_AND_LGD_MATCH,RESOLVED_1_TO_1
147,Lingal,Nagarkurnool,4598,TS-MDL-4598,78bd05f7-7c35-5228-9a0e-989d0b404392,TS-MDL-4598-V1,2016-10-11,2022-09-26,ts_lgd_mandals_2016_v1,66f7c1bd-8cf2-55e8-9cf3-9cf53d53137b,e0160000-0000-0000-0000-000000002016,A,EXACT_NAME_AND_LGD_MATCH,RESOLVED_1_TO_1
148,Dammapeta,Bhadradri Kothagudem,4750,TS-MDL-4750,2d5d23ca-58e7-5635-8441-706deca589a0,TS-MDL-4750-V1,2016-10-11,2022-09-26,ts_lgd_mandals_2016_v1,12c14471-c600-563e-95f7-ed786f7f9ba2,e0160000-0000-0000-0000-000000002016,A,EXACT_NAME_AND_LGD_MATCH,RESOLVED_1_TO_1
149,Dandepalle,Mancherial,4348,TS-MDL-4348,53db9dbc-5e7f-5cdb-80a0-a455eb870a5d,TS-MDL-4348-V1,2016-10-11,2022-09-26,ts_lgd_mandals_2016_v1,d4fcd013-95b6-5943-a5fb-45896bb7c247,e0160000-0000-0000-0000-000000002016,A,STANDARDIZED_TRANSLITERATION_MAP,RESOLVED_1_TO_1
150,Danthalapalle,Mahabubabad,6255,TS-MDL-6255,fd588a55-c77b-5402-b7da-ec3b70751167,TS-MDL-6255-V1,2016-10-11,2022-09-26,ts_lgd_mandals_2016_v1,7d656953-4c5b-5772-9783-5c5cfd3060e9,e0160000-0000-0000-0000-000000002016,A,EXACT_NAME_AND_LGD_MATCH,RESOLVED_1_TO_1
151,Ibrahimpatnam,Rangareddy,4546,TS-MDL-4546,dc1c45d2-b839-5390-b699-2eb037168029,TS-MDL-4546-V1,2016-10-11,2022-09-26,ts_lgd_mandals_2016_v1,2c7c73ef-31b7-5b07-b173-56976b28c928,e0160000-0000-0000-0000-000000002016,A,EXACT_NAME_AND_LGD_MATCH,RESOLVED_1_TO_1
152,Dhanwada,Narayanpet,4572,TS-MDL-4572,608bd86d-40fe-5b58-8379-95b7b24b0234,TS-MDL-4572-V1,2016-10-11,2022-09-26,ts_lgd_mandals_2016_v1,b880ae23-6d0c-5a2f-a977-2945bbebc5c2,e0160000-0000-0000-0000-000000002016,A,EXACT_NAME_AND_LGD_MATCH,RESOLVED_1_TO_1
153,Illanthakunta,Rajanna Sircilla,4436,TS-MDL-4436,fbe1c549-866c-5932-833e-6089e4f28927,TS-MDL-4436-V1,2016-10-11,2022-09-26,ts_lgd_mandals_2016_v1,ec3cd5c2-f2cc-57df-92cb-ea9ea84fe049,e0160000-0000-0000-0000-000000002016,A,EXACT_NAME_AND_LGD_MATCH,RESOLVED_1_TO_1
154,Inavolu,Warangal_Urban,6249,TS-MDL-6249,fcd8256c-f7bb-54b9-a01e-58a48f9c999c,TS-MDL-6249-V1,2016-10-11,2022-09-26,ts_lgd_mandals_2016_v1,c3537d94-aecb-5b87-bb0e-4aecdb5137d9,e0160000-0000-0000-0000-000000002016,A,STANDARDIZED_TRANSLITERATION_MAP,RESOLVED_1_TO_1
155,Indalwai,Nizamabad,6236,TS-MDL-6236,37f1278f-ae9b-5dca-a330-f8abf22b0a82,TS-MDL-6236-V1,2016-10-11,2022-09-26,ts_lgd_mandals_2016_v1,12e9f4f1-b02f-5ecb-ae9f-6bb50a004ce3,e0160000-0000-0000-0000-000000002016,A,EXACT_NAME_AND_LGD_MATCH,RESOLVED_1_TO_1
156,Dharmapuri,Jagtial,4397,TS-MDL-4397,ead07a73-c53a-5f4c-b96c-b4a367e9e285,TS-MDL-4397-V1,2016-10-11,2022-09-26,ts_lgd_mandals_2016_v1,b44c96d0-1472-5a6d-a710-25bb88b0f1b9,e0160000-0000-0000-0000-000000002016,C,EXACT_NAME_AND_LGD_MATCH,RESOLVED_1_TO_1
157,Itikyal,Jogulamba Gadwal,4607,TS-MDL-4607,e84ab6f0-1667-56d1-b7a0-8c07e736919a,TS-MDL-4607-V1,2016-10-11,2023-06-15,ts_lgd_mandals_2016_v1,a9627297-d6a3-52d1-96fc-f83c20a97d89,e0160000-0000-0000-0000-000000002016,D,STANDARDIZED_TRANSLITERATION_MAP,RESOLVED_1_TO_1
158,Dharoor,Jogulamba Gadwal,4591,TS-MDL-4591,a1d7ee64-4331-514f-b1ec-fa98224ac39b,TS-MDL-4591-V1,2016-10-11,2022-09-26,ts_lgd_mandals_2016_v1,16c34ec9-bc63-57ba-8fee-247729fd5c74,e0160000-0000-0000-0000-000000002016,A,EXACT_NAME_AND_LGD_MATCH,RESOLVED_1_TO_1
159,Dilawarpur,Nirmal,4343,TS-MDL-4343,92540a5c-428f-5c39-a352-04bb5561c07f,TS-MDL-4343-V1,2016-10-11,2022-09-26,ts_lgd_mandals_2016_v1,f1975838-5d33-5437-8c9a-5cfb36ed0459,e0160000-0000-0000-0000-000000002016,A,EXACT_NAME_AND_LGD_MATCH,RESOLVED_1_TO_1
160,Dornakal,Mahabubabad,4722,TS-MDL-4722,498b8441-0394-5d34-aba3-0cfc901f2243,TS-MDL-4722-V1,2016-10-11,2022-09-26,ts_lgd_mandals_2016_v1,326bbbf2-2126-5387-9b78-2d6bba04cb6c,e0160000-0000-0000-0000-000000002016,A,EXACT_NAME_AND_LGD_MATCH,RESOLVED_1_TO_1
161,Jakranpally,Nizamabad,4366,TS-MDL-4366,605bd228-d3e8-5310-809d-8454fafda622,TS-MDL-4366-V1,2016-10-11,2022-09-26,ts_lgd_mandals_2016_v1,3619e6b1-6f6f-5b5e-8de2-09cc4ad937c6,e0160000-0000-0000-0000-000000002016,A,EXACT_NAME_AND_LGD_MATCH,RESOLVED_1_TO_1
162,Jammikunta,Karimnagar,4440,TS-MDL-4440,080cf434-0e0f-5b1b-ab47-accd4beba778,TS-MDL-4440-V1,2016-10-11,2022-09-26,ts_lgd_mandals_2016_v1,83adcb4a-197f-5373-ab07-930b2267125f,e0160000-0000-0000-0000-000000002016,A,EXACT_NAME_AND_LGD_MATCH,RESOLVED_1_TO_1
163,Dummugudem,Bhadradri Kothagudem,4729,TS-MDL-4729,f5308b4c-d6c1-53e7-a421-15690d3f5df4,TS-MDL-4729-V1,2016-10-11,2022-09-26,ts_lgd_mandals_2016_v1,88cb0df3-2527-5ed2-9eee-66d15c42e792,e0160000-0000-0000-0000-000000002016,A,EXACT_NAME_AND_LGD_MATCH,RESOLVED_1_TO_1
164,Enkoor,Khammam,4753,TS-MDL-4753,021bf81f-bdbd-5211-b160-a9d527c844d7,TS-MDL-4753-V1,2016-10-11,2022-09-26,ts_lgd_mandals_2016_v1,c4deb066-f4f6-536f-946d-d44d6f347e6d,e0160000-0000-0000-0000-000000002016,A,EXACT_NAME_AND_LGD_MATCH,RESOLVED_1_TO_1
165,Jharasangam,Sangareddy,4476,TS-MDL-4476,a08132d3-16f5-5eec-933e-aeededce3f78,TS-MDL-4476-V1,2016-10-11,2022-09-26,ts_lgd_mandals_2016_v1,b6b6c0cb-feca-5553-b6d6-3dc8cbd367f9,e0160000-0000-0000-0000-000000002016,A,EXACT_NAME_AND_LGD_MATCH,RESOLVED_1_TO_1
166,Eturnagaram,Mulugu,4685,TS-MDL-4685,de21e799-4f14-5207-b910-38b664f4685c,TS-MDL-4685-V1,2016-10-11,2022-09-26,ts_lgd_mandals_2016_v1,515fedda-5f5f-541a-94e0-89fac234ed22,e0160000-0000-0000-0000-000000002016,A,STANDARDIZED_TRANSLITERATION_MAP,RESOLVED_1_TO_1
167,Julapalli,Peddapalli,4409,TS-MDL-4409,6dd52a8e-8922-5304-9082-9e0f24f6a439,TS-MDL-4409-V1,2016-10-11,2022-09-26,ts_lgd_mandals_2016_v1,c3ca6732-14d0-5297-a89f-bd946199e97d,e0160000-0000-0000-0000-000000002016,A,EXACT_NAME_AND_LGD_MATCH,RESOLVED_1_TO_1
168,Gadiguda,Adilabad,6225,TS-MDL-6225,c385e913-217e-57a2-b055-e5b7b9ca03e1,TS-MDL-6225-V1,2016-10-11,2022-09-26,ts_lgd_mandals_2016_v1,59cbc4d1-8068-5e70-a359-ce9c36860e75,e0160000-0000-0000-0000-000000002016,A,EXACT_NAME_AND_LGD_MATCH,RESOLVED_1_TO_1
169,Kagaznagar,Kumurambheem Asifabad,4318,TS-MDL-4318,0a67aeea-53e2-5e63-afba-b52334bf78f9,TS-MDL-4318-V1,2016-10-11,2022-09-26,ts_lgd_mandals_2016_v1,76985190-6e2f-5888-a3ca-78fc855b1029,e0160000-0000-0000-0000-000000002016,A,EXACT_NAME_AND_LGD_MATCH,RESOLVED_1_TO_1
170,Venkatapur,Mulugu,4684,TS-MDL-4684,59c21eb1-eae0-5da9-823e-f2469a135bf2,TS-MDL-4684-V1,2016-10-11,2022-09-26,ts_lgd_mandals_2016_v1,c9e6631a-f245-5d1e-a158-f4e91e85c37c,e0160000-0000-0000-0000-000000002016,A,EXACT_NAME_AND_LGD_MATCH,RESOLVED_1_TO_1
171,Gambhiraopet,Rajanna Sircilla,4433,TS-MDL-4433,f5dc36c2-a40c-57b1-b574-d04873f5dedf,TS-MDL-4433-V1,2016-10-11,2022-09-26,ts_lgd_mandals_2016_v1,c677fab1-eae2-5cc8-b5fe-2640989f3311,e0160000-0000-0000-0000-000000002016,A,EXACT_NAME_AND_LGD_MATCH,RESOLVED_1_TO_1
172,Gangaram,Mahabubabad,6253,TS-MDL-6253,81d3462c-a4db-5963-8454-04584ad21c46,TS-MDL-6253-V1,2016-10-11,2022-09-26,ts_lgd_mandals_2016_v1,9ec0794d-032a-5d07-8be5-6d69280613fc,e0160000-0000-0000-0000-000000002016,A,EXACT_NAME_AND_LGD_MATCH,RESOLVED_1_TO_1
173,Kamareddy,Kamareddy,4390,TS-MDL-4390,c4cd7849-c0fa-5122-a32d-f396e33a77e2,TS-MDL-4390-V1,2016-10-11,2022-09-26,ts_lgd_mandals_2016_v1,b57aef93-9636-57aa-a943-3bd257c9accb,e0160000-0000-0000-0000-000000002016,A,EXACT_NAME_AND_LGD_MATCH,RESOLVED_1_TO_1
174,Ghanapur_Mulug,Jayashankar Bhupalpally,4683,TS-MDL-4683,3901e55f-93f7-51f9-a338-6c92ab5ad1b7,TS-MDL-4683-V1,2016-10-11,2022-09-26,ts_lgd_mandals_2016_v1,cad21a5a-cfce-518e-abe0-6cd04b3ab474,e0160000-0000-0000-0000-000000002016,A,STANDARDIZED_TRANSLITERATION_MAP,RESOLVED_1_TO_1
175,Ghanpur (Stn),Jangoan,4676,TS-MDL-4676,8ba0301b-058a-53be-954f-164672e78f5f,TS-MDL-4676-V1,2016-10-11,2022-09-26,ts_lgd_mandals_2016_v1,22d31965-a1c1-55dc-bf43-a0f1551bcd5c,e0160000-0000-0000-0000-000000002016,A,STANDARDIZED_TRANSLITERATION_MAP,RESOLVED_1_TO_1
176,Ghatkesar,Medchal_Malkajgiri,4523,TS-MDL-4523,2336f86b-4dd6-52a7-9117-dc373d4c68f6,TS-MDL-4523-V1,2016-10-11,2022-09-26,ts_lgd_mandals_2016_v1,7b46f79f-1730-540d-9a38-29a08d9b7cc7,e0160000-0000-0000-0000-000000002016,A,EXACT_NAME_AND_LGD_MATCH,RESOLVED_1_TO_1
177,Kannepalli,Mancherial,6229,TS-MDL-6229,91216c87-8d41-5e24-ae27-a0269fefe467,TS-MDL-6229-V1,2016-10-11,2022-09-26,ts_lgd_mandals_2016_v1,015cf94d-812d-5e86-bb6d-95affd3d9486,e0160000-0000-0000-0000-000000002016,A,STANDARDIZED_TRANSLITERATION_MAP,RESOLVED_1_TO_1
178,Khammam_Rural,Khammam,4756,TS-MDL-4756,1c3fb44b-a2ca-53e3-b16b-cb3e47b8a1eb,TS-MDL-4756-V1,2016-10-11,2022-09-26,ts_lgd_mandals_2016_v1,a2cdf57d-764a-5c2f-b999-cf980b4fe3c9,e0160000-0000-0000-0000-000000002016,A,STANDARDIZED_TRANSLITERATION_MAP,RESOLVED_1_TO_1
179,Venkatapuram,Mulugu,4724,TS-MDL-4724,2e29a033-4321-57e0-be22-d2f85be31827,TS-MDL-4724-V1,2016-10-11,2022-09-26,ts_lgd_mandals_2016_v1,f267e264-a96a-5367-aef9-d18b00977771,e0160000-0000-0000-0000-000000002016,A,EXACT_NAME_AND_LGD_MATCH,RESOLVED_1_TO_1
180,Kollapur,Nagarkurnool,4609,TS-MDL-4609,f8eb1224-ab4f-5894-9752-886501163000,TS-MDL-4609-V1,2016-10-11,2022-09-26,ts_lgd_mandals_2016_v1,281d48b7-e07d-5833-b302-3b5e776d4ced,e0160000-0000-0000-0000-000000002016,A,EXACT_NAME_AND_LGD_MATCH,RESOLVED_1_TO_1
181,Waddepally,Jogulamba Gadwal,4610,TS-MDL-4610,496ab346-0820-5495-9ca9-ccfc7909014d,TS-MDL-4610-V1,2016-10-11,2022-09-26,ts_lgd_mandals_2016_v1,5d88429d-c8e4-5c60-a48e-28b628fbf4de,e0160000-0000-0000-0000-000000002016,A,EXACT_NAME_AND_LGD_MATCH,RESOLVED_1_TO_1
182,Kondurg,Rangareddy,4558,TS-MDL-4558,3b8dca1c-1e1b-5d68-b704-83a37584a9d1,TS-MDL-4558-V1,2016-10-11,2022-09-26,ts_lgd_mandals_2016_v1,8cedddfc-2b4d-596d-8274-ff2fe24098a1,e0160000-0000-0000-0000-000000002016,A,EXACT_NAME_AND_LGD_MATCH,RESOLVED_1_TO_1
183,Warangal,Warangal_Urban,4706,TS-MDL-4706,578f550e-2a0b-55f2-93ee-1db2d53f5794,TS-MDL-4706-V1,2016-10-11,2022-09-26,ts_lgd_mandals_2016_v1,c16eb9a2-5b68-5088-adeb-6db9a7487841,e0160000-0000-0000-0000-000000002016,A,EXACT_NAME_AND_LGD_MATCH,RESOLVED_1_TO_1
184,Kathlapur,Jagtial,4418,TS-MDL-4418,e0b98115-8ce1-55d8-b8d0-7d340dd15e1b,TS-MDL-4418-V1,2016-10-11,2022-09-26,ts_lgd_mandals_2016_v1,7a9939b2-dbb0-5583-b46b-a3744b904933,e0160000-0000-0000-0000-000000002016,A,EXACT_NAME_AND_LGD_MATCH,RESOLVED_1_TO_1
185,Kattangur,Nalgonda,4635,TS-MDL-4635,3a324ab0-f9a7-5b91-9390-901b268bf046,TS-MDL-4635-V1,2016-10-11,2022-09-26,ts_lgd_mandals_2016_v1,3357f055-d5f5-5f4f-9884-d55f97105689,e0160000-0000-0000-0000-000000002016,A,EXACT_NAME_AND_LGD_MATCH,RESOLVED_1_TO_1
186,Kosgi,Narayanpet,4551,TS-MDL-4551,70e6d8c7-5f58-5138-bb4e-b68fa5d1528e,TS-MDL-4551-V1,2016-10-11,2022-09-26,ts_lgd_mandals_2016_v1,161adb2d-bf34-5f84-b62d-08f08c9c0625,e0160000-0000-0000-0000-000000002016,C,EXACT_NAME_AND_LGD_MATCH,RESOLVED_1_TO_1
187,Wargal,Siddipet,4485,TS-MDL-4485,06b1457f-5a21-520a-b38b-2aa7a587f3cc,TS-MDL-4485-V1,2016-10-11,2022-09-26,ts_lgd_mandals_2016_v1,4d2591d3-54ec-5f7d-91a8-90fa57fb0edd,e0160000-0000-0000-0000-000000002016,A,EXACT_NAME_AND_LGD_MATCH,RESOLVED_1_TO_1
188,Gopalpet,Wanaparthy,4596,TS-MDL-4596,a6d60ef5-efab-581b-8017-8818754fd231,TS-MDL-4596-V1,2016-10-11,2023-05-12,ts_lgd_mandals_2016_v1,94cb7b64-812a-553c-81cf-698960b25eec,e0160000-0000-0000-0000-000000002016,D,STANDARDIZED_TRANSLITERATION_MAP,RESOLVED_1_TO_1
189,Govindaraopet,Mulugu,4688,TS-MDL-4688,0e2e37dd-ffc5-548c-b27e-6b62d0e51069,TS-MDL-4688-V1,2016-10-11,2022-09-26,ts_lgd_mandals_2016_v1,935d69fd-dd5e-5f7a-b533-26ea3383facc,e0160000-0000-0000-0000-000000002016,A,EXACT_NAME_AND_LGD_MATCH,RESOLVED_1_TO_1
190,Kesamudram,Mahabubabad,4717,TS-MDL-4717,bd79a22c-c392-5a01-8b77-30dd52f646ff,TS-MDL-4717-V1,2016-10-11,2022-09-26,ts_lgd_mandals_2016_v1,32e8bfbf-c8d9-5381-bdd2-69d7fa41cbf2,e0160000-0000-0000-0000-000000002016,C,EXACT_NAME_AND_LGD_MATCH,RESOLVED_1_TO_1
191,Keshampeta,Rangareddy,4561,TS-MDL-4561,d74ec990-2a73-5ed4-994d-49a144d6bcb6,TS-MDL-4561-V1,2016-10-11,2022-09-26,ts_lgd_mandals_2016_v1,abeb6b79-76a9-52ff-b040-573c45a22c90,e0160000-0000-0000-0000-000000002016,A,STANDARDIZED_TRANSLITERATION_MAP,RESOLVED_1_TO_1
192,Kethepally,Nalgonda,4637,TS-MDL-4637,5d8c3690-aff5-57a4-a185-a2cc154353ed,TS-MDL-4637-V1,2016-10-11,2022-09-26,ts_lgd_mandals_2016_v1,d2bd57a0-4367-53a8-b269-9aa8da6e09fe,e0160000-0000-0000-0000-000000002016,A,EXACT_NAME_AND_LGD_MATCH,RESOLVED_1_TO_1
193,Wyra,Khammam,4764,TS-MDL-4764,8b510820-2f4e-519c-adf7-10f3269e091e,TS-MDL-4764-V1,2016-10-11,2022-09-26,ts_lgd_mandals_2016_v1,8bed89fa-ee07-57a6-8a2c-a81ce880b59c,e0160000-0000-0000-0000-000000002016,A,EXACT_NAME_AND_LGD_MATCH,RESOLVED_1_TO_1
194,Yacharam,Rangareddy,4548,TS-MDL-4548,7f781bf2-103a-5890-b2bb-efa6b2b9d3da,TS-MDL-4548-V1,2016-10-11,2022-09-26,ts_lgd_mandals_2016_v1,7d86d32c-396f-5c0e-8e83-bd8113b4a8fd,e0160000-0000-0000-0000-000000002016,A,EXACT_NAME_AND_LGD_MATCH,RESOLVED_1_TO_1
195,Gudihathnur,Adilabad,4310,TS-MDL-4310,5e3a8b05-6882-565b-9688-ed43506b23fd,TS-MDL-4310-V1,2016-10-11,2022-09-26,ts_lgd_mandals_2016_v1,e4544e02-5213-54d1-be1c-d5cb7268b837,e0160000-0000-0000-0000-000000002016,A,STANDARDIZED_TRANSLITERATION_MAP,RESOLVED_1_TO_1
196,Gudur,Mahabubabad,4711,TS-MDL-4711,5b22bd2e-d273-50b4-af2b-01ab083eec69,TS-MDL-4711-V1,2016-10-11,2022-09-26,ts_lgd_mandals_2016_v1,54887d7f-225c-5f0d-9b31-3353e562a5cf,e0160000-0000-0000-0000-000000002016,A,EXACT_NAME_AND_LGD_MATCH,RESOLVED_1_TO_1
197,Gundala,Yadadri Bhuvanagiri,4618,TS-MDL-4618,bcb3b94b-f248-57ac-91ab-d5fa864dea8f,TS-MDL-4618-V1,2016-10-11,2022-09-26,ts_lgd_mandals_2016_v1,d0f16021-c1dc-5630-b30e-48400ef1ee49,e0160000-0000-0000-0000-000000002016,A,EXACT_NAME_AND_LGD_MATCH,RESOLVED_1_TO_1
198,Gundlapally,Nalgonda,4651,TS-MDL-4651,59eadf45-903d-5059-849a-318c95456262,TS-MDL-4651-V1,2016-10-11,2022-09-26,ts_lgd_mandals_2016_v1,96bff7d4-0e0e-5bf2-95b3-6c28ebf2a9c9,e0160000-0000-0000-0000-000000002016,A,EXACT_NAME_AND_LGD_MATCH,RESOLVED_1_TO_1
199,Gurrampode,Nalgonda,4657,TS-MDL-4657,c4112b76-a9b7-5e63-8745-de977fe0c432,TS-MDL-4657-V1,2016-10-11,2022-09-26,ts_lgd_mandals_2016_v1,7e474ce7-fa9f-5e57-8eab-892f59f216f5,e0160000-0000-0000-0000-000000002016,A,EXACT_NAME_AND_LGD_MATCH,RESOLVED_1_TO_1
200,Hajipur,Mancherial,6227,TS-MDL-6227,b2fa0419-f282-55ed-b9ce-63566069b4e8,TS-MDL-6227-V1,2016-10-11,2022-09-26,ts_lgd_mandals_2016_v1,5242a286-1e3c-5c17-b6ad-48d96c17f271,e0160000-0000-0000-0000-000000002016,A,EXACT_NAME_AND_LGD_MATCH,RESOLVED_1_TO_1
201,Hanamkonda,Warangal_Urban,4695,TS-MDL-4695,e2b495b1-17dd-5a2d-8add-e2af8f498e58,TS-MDL-4695-V1,2016-10-11,2022-09-26,ts_lgd_mandals_2016_v1,e221249d-bee2-5a38-adf6-428895538d79,e0160000-0000-0000-0000-000000002016,A,EXACT_NAME_AND_LGD_MATCH,RESOLVED_1_TO_1
202,Maheswaram,Rangareddy,4544,TS-MDL-4544,c378317b-8704-5e17-9c33-37776afe31d6,TS-MDL-4544-V1,2016-10-11,2022-09-26,ts_lgd_mandals_2016_v1,9064998e-55c5-5a70-9bef-f0de45f7d019,e0160000-0000-0000-0000-000000002016,A,STANDARDIZED_TRANSLITERATION_MAP,RESOLVED_1_TO_1
203,Makloor,Nizamabad,4367,TS-MDL-4367,4a5ce749-456f-5228-8cb8-b6b12990eac2,TS-MDL-4367-V1,2016-10-11,2022-09-26,ts_lgd_mandals_2016_v1,8f26b0e5-b820-567e-b278-bcf0df7e38aa,e0160000-0000-0000-0000-000000002016,A,EXACT_NAME_AND_LGD_MATCH,RESOLVED_1_TO_1
204,Makthal,Narayanpet,4589,TS-MDL-4589,454b43a9-2bd7-5c0b-955f-3986bc21b314,TS-MDL-4589-V1,2016-10-11,2022-09-26,ts_lgd_mandals_2016_v1,c0186254-588d-5e2f-864b-278185a95225,e0160000-0000-0000-0000-000000002016,A,EXACT_NAME_AND_LGD_MATCH,RESOLVED_1_TO_1
205,Maldakal,Jogulamba Gadwal,4604,TS-MDL-4604,9b2b3231-ebec-5352-a67d-656ebd2ecc7e,TS-MDL-4604-V1,2016-10-11,2022-09-26,ts_lgd_mandals_2016_v1,b012a479-78ea-5244-81a6-e74353f4fa42,e0160000-0000-0000-0000-000000002016,A,EXACT_NAME_AND_LGD_MATCH,RESOLVED_1_TO_1
206,Havelighanpur,Medak,6270,TS-MDL-6270,14b711aa-06f4-5439-a9ca-4fb944096cfe,TS-MDL-6270-V1,2016-10-11,2022-09-26,ts_lgd_mandals_2016_v1,48fc799d-9719-52e7-9a40-d6cfb059a899,e0160000-0000-0000-0000-000000002016,A,STANDARDIZED_TRANSLITERATION_MAP,RESOLVED_1_TO_1
207,Hayathnagar,Rangareddy,4525,TS-MDL-4525,d85c04b8-df7f-510a-84d0-5240f073e1b1,TS-MDL-4525-V1,2016-10-11,2022-09-26,ts_lgd_mandals_2016_v1,68ff34fe-d15b-545f-8d2b-fa2d8ee80f28,e0160000-0000-0000-0000-000000002016,A,EXACT_NAME_AND_LGD_MATCH,RESOLVED_1_TO_1
208,Ibrahimpatnam,Jagtial,4393,TS-MDL-4393,9a031365-865e-50d2-a82c-987d86e2ae20,TS-MDL-4393-V1,2016-10-11,2022-09-26,ts_lgd_mandals_2016_v1,931df0f6-6a17-5a7f-9196-68768ab9def4,e0160000-0000-0000-0000-000000002016,A,EXACT_NAME_AND_LGD_MATCH,RESOLVED_1_TO_1
209,Ichoda,Adilabad,4322,TS-MDL-4322,3e35f4e4-3bd9-5dad-914b-e711adfffa29,TS-MDL-4322-V1,2016-10-11,2022-09-26,ts_lgd_mandals_2016_v1,c841ef49-4a54-5492-9864-8286c65a7157,e0160000-0000-0000-0000-000000002016,A,EXACT_NAME_AND_LGD_MATCH,RESOLVED_1_TO_1
210,Inderavelly,Adilabad,4311,TS-MDL-4311,2a2a775b-b317-528b-b1bb-30716275a630,TS-MDL-4311-V1,2016-10-11,2022-09-26,ts_lgd_mandals_2016_v1,9ecb63c8-8942-5f88-bf43-482fef2964c5,e0160000-0000-0000-0000-000000002016,A,EXACT_NAME_AND_LGD_MATCH,RESOLVED_1_TO_1
211,Jagityal_Rural,Jagtial,6211,TS-MDL-6211,b3806e4b-6c71-54a6-b767-e2553bfc147f,TS-MDL-6211-V1,2016-10-11,2022-09-26,ts_lgd_mandals_2016_v1,ed71a27d-4025-5e94-a38d-312e2d715270,e0160000-0000-0000-0000-000000002016,A,STANDARDIZED_TRANSLITERATION_MAP,RESOLVED_1_TO_1
212,Jagtial,Jagtial,4414,TS-MDL-4414,adfbb5a9-97b0-56ef-bbb5-43e2ec55cd35,TS-MDL-4414-V1,2016-10-11,2022-09-26,ts_lgd_mandals_2016_v1,b8c75d2d-374b-5780-8261-dbee4e9e4bfc,e0160000-0000-0000-0000-000000002016,A,STANDARDIZED_TRANSLITERATION_MAP,RESOLVED_1_TO_1
213,Jainad,Adilabad,4307,TS-MDL-4307,04e36591-653c-5a96-9909-faf37d92c503,TS-MDL-4307-V1,2016-10-11,2023-08-15,ts_lgd_mandals_2016_v1,edafe937-c4fc-5dc7-adc1-e7ee45014262,e0160000-0000-0000-0000-000000002016,D,STANDARDIZED_TRANSLITERATION_MAP,RESOLVED_1_TO_1
214,Jainoor,Kumurambheem Asifabad,4320,TS-MDL-4320,89be02d2-e073-5222-a340-93b26d2a8706,TS-MDL-4320-V1,2016-10-11,2022-09-26,ts_lgd_mandals_2016_v1,3e545e5e-614e-59e4-8626-32afc2e1146e,e0160000-0000-0000-0000-000000002016,A,EXACT_NAME_AND_LGD_MATCH,RESOLVED_1_TO_1
215,Jaipur,Mancherial,4355,TS-MDL-4355,ac0d18a1-826c-58bd-9710-52f3bddb33f0,TS-MDL-4355-V1,2016-10-11,2022-09-26,ts_lgd_mandals_2016_v1,973678de-7379-5364-b803-29e649fea793,e0160000-0000-0000-0000-000000002016,A,EXACT_NAME_AND_LGD_MATCH,RESOLVED_1_TO_1
216,Jajireddigudem,Suryapet,4623,TS-MDL-4623,83c7a9f8-839a-5f98-8094-bc51f01fdd10,TS-MDL-4623-V1,2016-10-11,2022-09-26,ts_lgd_mandals_2016_v1,b6d1be7d-69f4-55e7-8fd7-5a89f8dd67da,e0160000-0000-0000-0000-000000002016,A,STANDARDIZED_TRANSLITERATION_MAP,RESOLVED_1_TO_1
217,Mallapur,Jagtial,4394,TS-MDL-4394,ea1af2eb-eeef-5d9d-a72a-a9610e90c3aa,TS-MDL-4394-V1,2016-10-11,2022-09-26,ts_lgd_mandals_2016_v1,7a3cab37-64ad-5576-bbce-c29a44b3cded,e0160000-0000-0000-0000-000000002016,A,EXACT_NAME_AND_LGD_MATCH,RESOLVED_1_TO_1
218,Mallial,Jagtial,4413,TS-MDL-4413,9cf00b8e-5a69-50c2-b92c-f78ae8e4e2c7,TS-MDL-4413-V1,2016-10-11,2022-09-26,ts_lgd_mandals_2016_v1,e577fe50-3b0a-5766-a544-2377de14ed46,e0160000-0000-0000-0000-000000002016,A,EXACT_NAME_AND_LGD_MATCH,RESOLVED_1_TO_1
219,Mamda,Nirmal,4346,TS-MDL-4346,cbfefcf7-ab76-5e14-8247-991f0b4be9c8,TS-MDL-4346-V1,2016-10-11,2022-09-26,ts_lgd_mandals_2016_v1,d628f535-4834-5eca-8833-4310d785127e,e0160000-0000-0000-0000-000000002016,A,STANDARDIZED_TRANSLITERATION_MAP,RESOLVED_1_TO_1
220,Manakondur,Karimnagar,4427,TS-MDL-4427,f804666e-3323-532d-a80e-d18c5c69c964,TS-MDL-4427-V1,2016-10-11,2022-09-26,ts_lgd_mandals_2016_v1,417928b1-71a4-5515-84da-210a1d17ae7b,e0160000-0000-0000-0000-000000002016,A,EXACT_NAME_AND_LGD_MATCH,RESOLVED_1_TO_1
221,Jangoan,Jangoan,4699,TS-MDL-4699,fc760021-7e20-56fa-a40a-a2889b12ff00,TS-MDL-4699-V1,2016-10-11,2022-09-26,ts_lgd_mandals_2016_v1,f8bdba8f-5251-51ed-badd-9844ee914326,e0160000-0000-0000-0000-000000002016,A,EXACT_NAME_AND_LGD_MATCH,RESOLVED_1_TO_1
222,Jannaram,Mancherial,4334,TS-MDL-4334,8116ca90-595e-5a7e-a4c8-96f18809754b,TS-MDL-4334-V1,2016-10-11,2022-09-26,ts_lgd_mandals_2016_v1,d4e649f5-a5f5-5eda-b104-17a135d8375f,e0160000-0000-0000-0000-000000002016,A,EXACT_NAME_AND_LGD_MATCH,RESOLVED_1_TO_1
223,Kothakota,Wanaparthy,4593,TS-MDL-4593,6c4854fe-6456-5d2a-8051-63a529d80696,TS-MDL-4593-V1,2016-10-11,2022-09-26,ts_lgd_mandals_2016_v1,3ecf6d97-27d7-5a23-a6fb-675a46f85a8d,e0160000-0000-0000-0000-000000002016,A,EXACT_NAME_AND_LGD_MATCH,RESOLVED_1_TO_1
224,Kothapally,Karimnagar,6230,TS-MDL-6230,b7b47c6c-55f4-5ff2-b3f9-3baa9f419fe5,TS-MDL-6230-V1,2016-10-11,2022-09-26,ts_lgd_mandals_2016_v1,ee76a7d5-dfed-52bf-8e46-b656a5cb8261,e0160000-0000-0000-0000-000000002016,A,EXACT_NAME_AND_LGD_MATCH,RESOLVED_1_TO_1
225,Jukkal,Kamareddy,4373,TS-MDL-4373,18d75631-ec87-5dfc-a231-b05db09c6144,TS-MDL-4373-V1,2016-10-11,2022-09-26,ts_lgd_mandals_2016_v1,20341864-cc97-54db-ade6-816b539fd74d,e0160000-0000-0000-0000-000000002016,A,EXACT_NAME_AND_LGD_MATCH,RESOLVED_1_TO_1
226,Julurupad,Bhadradri Kothagudem,4746,TS-MDL-4746,fda187a0-4b83-5fc4-b799-0beb69018486,TS-MDL-4746-V1,2016-10-11,2022-09-26,ts_lgd_mandals_2016_v1,87219bb4-d415-5795-9f13-229582469b27,e0160000-0000-0000-0000-000000002016,A,STANDARDIZED_TRANSLITERATION_MAP,RESOLVED_1_TO_1
227,Kaddampeddur,Nirmal,4335,TS-MDL-4335,e6b8037a-f09a-53c1-bcbe-447b7b75b0e7,TS-MDL-4335-V1,2016-10-11,2022-09-26,ts_lgd_mandals_2016_v1,9d2c05b4-47c9-5a28-82c2-e9fa7f7859ee,e0160000-0000-0000-0000-000000002016,A,STANDARDIZED_TRANSLITERATION_MAP,RESOLVED_1_TO_1
228,Kadthal,Rangareddy,6324,TS-MDL-6324,1fb377a8-8fec-5cfd-b951-7d64d36c53e6,TS-MDL-6324-V1,2016-10-11,2022-09-26,ts_lgd_mandals_2016_v1,cb274268-ca41-5535-afc8-b4ba5feb9e0a,e0160000-0000-0000-0000-000000002016,A,EXACT_NAME_AND_LGD_MATCH,RESOLVED_1_TO_1
229,Kulkacharla,Vikarabad,4539,TS-MDL-4539,fa289325-07e2-5c9f-99af-678f3250cba3,TS-MDL-4539-V1,2016-10-11,2020-09-24,ts_lgd_mandals_2016_v1,72809c01-4b01-58ad-ba83-472f61e345b4,e0160000-0000-0000-0000-000000002016,B,EXACT_NAME_AND_LGD_MATCH,RESOLVED_1_TO_1
230,Kaloor_Thimmandoddi,Jogulamba Gadwal,6297,TS-MDL-6297,6a3b7419-bd7f-566a-94ce-0cb53d76eae6,TS-MDL-6297-V1,2016-10-11,2022-09-26,ts_lgd_mandals_2016_v1,5f0139ca-2570-575b-bfee-1d8ba2f9aa18,e0160000-0000-0000-0000-000000002016,A,STANDARDIZED_TRANSLITERATION_MAP,RESOLVED_1_TO_1
231,Kamanpur,Peddapalli,4400,TS-MDL-4400,8847ab13-609a-5434-bb3e-88728899241f,TS-MDL-4400-V1,2016-10-11,2022-09-26,ts_lgd_mandals_2016_v1,a38bd3f7-bf96-5eed-9b52-4019d6e3340a,e0160000-0000-0000-0000-000000002016,A,EXACT_NAME_AND_LGD_MATCH,RESOLVED_1_TO_1
232,Kusumanchi,Khammam,4755,TS-MDL-4755,934392a1-b207-510c-8e36-ee1accc39edd,TS-MDL-4755-V1,2016-10-11,2022-09-26,ts_lgd_mandals_2016_v1,3fa1c120-baec-580d-8046-d0575d8863ad,e0160000-0000-0000-0000-000000002016,A,EXACT_NAME_AND_LGD_MATCH,RESOLVED_1_TO_1
233,Kamepally,Khammam,4745,TS-MDL-4745,d081ba3c-ad6e-5a5b-a6a9-e1c90da6da22,TS-MDL-4745-V1,2016-10-11,2022-09-26,ts_lgd_mandals_2016_v1,500146a5-63de-501d-b4dd-6d1476d2d844,e0160000-0000-0000-0000-000000002016,A,STANDARDIZED_TRANSLITERATION_MAP,RESOLVED_1_TO_1
234,Kanagal,Nalgonda,4656,TS-MDL-4656,c54d4a82-9c39-52f4-89d1-4ff1bd9f18f4,TS-MDL-4656-V1,2016-10-11,2022-09-26,ts_lgd_mandals_2016_v1,28e903f2-2a05-5280-b3b0-62bbed5fa69b,e0160000-0000-0000-0000-000000002016,A,EXACT_NAME_AND_LGD_MATCH,RESOLVED_1_TO_1
235,Kandi,Sangareddy,6275,TS-MDL-6275,2552b409-7244-5512-ab7a-fe4f996982fa,TS-MDL-6275-V1,2016-10-11,2022-09-26,ts_lgd_mandals_2016_v1,e09c9b2f-9f49-5cce-bc11-87759637b864,e0160000-0000-0000-0000-000000002016,A,EXACT_NAME_AND_LGD_MATCH,RESOLVED_1_TO_1
236,Kandukur,Rangareddy,4545,TS-MDL-4545,cc965a78-2623-5364-924e-e6cc8c824908,TS-MDL-4545-V1,2016-10-11,2022-09-26,ts_lgd_mandals_2016_v1,87965db1-d2ee-58fe-b2ee-b014ca1ebd06,e0160000-0000-0000-0000-000000002016,A,EXACT_NAME_AND_LGD_MATCH,RESOLVED_1_TO_1
237,Kangti,Sangareddy,4450,TS-MDL-4450,8865fe58-4efb-5bbe-8a5b-08463af4584e,TS-MDL-4450-V1,2016-10-11,2022-09-26,ts_lgd_mandals_2016_v1,4cd9d579-8220-5e6b-b0d6-3a488a73cd7e,e0160000-0000-0000-0000-000000002016,A,EXACT_NAME_AND_LGD_MATCH,RESOLVED_1_TO_1
238,Kannaigudem,Mulugu,6251,TS-MDL-6251,67b7772f-ac5f-5f28-b593-96ee0c81e687,TS-MDL-6251-V1,2016-10-11,2022-09-26,ts_lgd_mandals_2016_v1,532fed35-6dd4-56d1-9a4f-4bb51468a5e7,e0160000-0000-0000-0000-000000002016,A,EXACT_NAME_AND_LGD_MATCH,RESOLVED_1_TO_1
239,Kapra,Medchal_Malkajgiri,6317,TS-MDL-6317,dd5eccc1-a571-5a3a-aa5e-7493b8d2b772,TS-MDL-6317-V1,2016-10-11,2022-09-26,ts_lgd_mandals_2016_v1,e5320ba0-f469-53c2-9c65-8779a9b339bf,e0160000-0000-0000-0000-000000002016,A,EXACT_NAME_AND_LGD_MATCH,RESOLVED_1_TO_1
240,Karakagudem,Bhadradri Kothagudem,6269,TS-MDL-6269,2973e876-49ab-510c-b78f-1b452dd33fa0,TS-MDL-6269-V1,2016-10-11,2022-09-26,ts_lgd_mandals_2016_v1,21f11197-1e3c-52a3-98e1-fccb64c3fd63,e0160000-0000-0000-0000-000000002016,A,EXACT_NAME_AND_LGD_MATCH,RESOLVED_1_TO_1
241,Karimnagar,Karimnagar,6231,TS-MDL-6231,276fc163-d788-5d4a-b1e1-0d66ebec4b01,TS-MDL-6231-V1,2016-10-11,2022-09-26,ts_lgd_mandals_2016_v1,8251412a-196c-5875-82b4-874e6b23df35,e0160000-0000-0000-0000-000000002016,A,EXACT_NAME_AND_LGD_MATCH,RESOLVED_1_TO_1
242,Luxettipet,Mancherial,4353,TS-MDL-4353,76709f2b-3600-5344-b4dd-577475d1f900,TS-MDL-4353-V1,2016-10-11,2022-09-26,ts_lgd_mandals_2016_v1,7de8b74a-4e0a-5154-81e2-dc5743dbb395,e0160000-0000-0000-0000-000000002016,A,EXACT_NAME_AND_LGD_MATCH,RESOLVED_1_TO_1
243,Marriguda,Nalgonda,4649,TS-MDL-4649,f053343d-b4b3-52df-81f3-d83337887dda,TS-MDL-4649-V1,2016-10-11,2022-09-26,ts_lgd_mandals_2016_v1,36e81be4-9769-5a69-bff4-c9cb4bbfef71,e0160000-0000-0000-0000-000000002016,A,EXACT_NAME_AND_LGD_MATCH,RESOLVED_1_TO_1
244,Kasipet,Mancherial,4349,TS-MDL-4349,4965263e-19fc-556e-a2a3-93cc08c41234,TS-MDL-4349-V1,2016-10-11,2022-09-26,ts_lgd_mandals_2016_v1,83c687a6-f494-5271-b85c-7a32fb3fd712,e0160000-0000-0000-0000-000000002016,A,EXACT_NAME_AND_LGD_MATCH,RESOLVED_1_TO_1
245,Madanapur,Wanaparthy,6289,TS-MDL-6289,c5534371-9a4b-5396-b3a5-b8970f1e66e4,TS-MDL-6289-V1,2016-10-11,2022-09-26,ts_lgd_mandals_2016_v1,256791d6-1743-5190-aeec-dd06643cf5a7,e0160000-0000-0000-0000-000000002016,A,EXACT_NAME_AND_LGD_MATCH,RESOLVED_1_TO_1
246,Maddirala,Suryapet,6300,TS-MDL-6300,8ca6854b-b897-58a5-b891-5548e70674e4,TS-MDL-6300-V1,2016-10-11,2022-09-26,ts_lgd_mandals_2016_v1,1e46f358-fd39-5213-bca4-47307368e0f9,e0160000-0000-0000-0000-000000002016,A,EXACT_NAME_AND_LGD_MATCH,RESOLVED_1_TO_1
247,Kataram,Jayashankar Bhupalpally,4402,TS-MDL-4402,1aa088cd-901f-510d-a6e2-d1b9a5973855,TS-MDL-4402-V1,2016-10-11,2022-09-26,ts_lgd_mandals_2016_v1,87e52bc4-3df5-513f-892f-860bf5fb5f1a,e0160000-0000-0000-0000-000000002016,A,EXACT_NAME_AND_LGD_MATCH,RESOLVED_1_TO_1
248,Keesara,Medchal_Malkajgiri,4522,TS-MDL-4522,3edfd588-2020-5028-8bc6-494927ff95d5,TS-MDL-4522-V1,2016-10-11,2022-09-26,ts_lgd_mandals_2016_v1,0c361342-7e41-52b7-b8ed-e046e8c3cae4,e0160000-0000-0000-0000-000000002016,A,EXACT_NAME_AND_LGD_MATCH,RESOLVED_1_TO_1
249,Kerameri,Kumurambheem Asifabad,4313,TS-MDL-4313,407eac73-cddd-5cb5-83fb-6b614a19f5f6,TS-MDL-4313-V1,2016-10-11,2022-09-26,ts_lgd_mandals_2016_v1,ca513b41-35b4-53f4-97eb-f96d2540dc74,e0160000-0000-0000-0000-000000002016,A,EXACT_NAME_AND_LGD_MATCH,RESOLVED_1_TO_1
250,Khaazipet,Warangal_Urban,6247,TS-MDL-6247,2951faed-e315-58c2-9cf8-a1bcc55ef1a2,TS-MDL-6247-V1,2016-10-11,2022-09-26,ts_lgd_mandals_2016_v1,57d91c23-b05f-5caf-8f13-39e2dd8900a2,e0160000-0000-0000-0000-000000002016,A,STANDARDIZED_TRANSLITERATION_MAP,RESOLVED_1_TO_1
251,Khairatabad,Hyderabad,4505,TS-MDL-4505,e5c0ce46-a3ea-5445-b8c5-bf7c8771a1c1,TS-MDL-4505-V1,2016-10-11,2022-09-26,ts_lgd_mandals_2016_v1,98bd9768-0f17-5405-9aa8-9a6fcc9605a5,e0160000-0000-0000-0000-000000002016,A,EXACT_NAME_AND_LGD_MATCH,RESOLVED_1_TO_1
252,Khammam_Urban,Khammam,6326,TS-MDL-6326,5394e2f7-0d1c-5766-9739-1ede909f1bd1,TS-MDL-6326-V1,2016-10-11,2022-09-26,ts_lgd_mandals_2016_v1,82d70a3a-fe3f-5ce5-8f51-118a3cc73080,e0160000-0000-0000-0000-000000002016,A,STANDARDIZED_TRANSLITERATION_MAP,RESOLVED_1_TO_1
253,Khanapur,Nirmal,4347,TS-MDL-4347,99979744-b527-5f3e-bbeb-6f409b14ee81,TS-MDL-4347-V1,2016-10-11,2022-09-26,ts_lgd_mandals_2016_v1,0d55ba59-2341-5ff2-a982-6da60b34b5fa,e0160000-0000-0000-0000-000000002016,A,EXACT_NAME_AND_LGD_MATCH,RESOLVED_1_TO_1
254,Manoor,Sangareddy,4451,TS-MDL-4451,3388be8e-cdc2-5153-8bcd-e84842217fca,TS-MDL-4451-V1,2016-10-11,2022-09-26,ts_lgd_mandals_2016_v1,47cc9f37-137f-555c-b28e-022c708e8c66,e0160000-0000-0000-0000-000000002016,A,EXACT_NAME_AND_LGD_MATCH,RESOLVED_1_TO_1
255,Manopad,Jogulamba Gadwal,4611,TS-MDL-4611,5d9a79c6-3a79-5da1-ab4e-0ed05bf824f7,TS-MDL-4611-V1,2016-10-11,2022-09-26,ts_lgd_mandals_2016_v1,214a5f82-8e3a-58f6-a930-b0f2ceeb5c75,e0160000-0000-0000-0000-000000002016,A,EXACT_NAME_AND_LGD_MATCH,RESOLVED_1_TO_1
256,Khanapur,Warangal_Rural,4709,TS-MDL-4709,3de83925-c462-5581-be33-149dc1aabace,TS-MDL-4709-V1,2016-10-11,2022-09-26,ts_lgd_mandals_2016_v1,6c0c5744-6faf-5712-9056-cb01d6c3b403,e0160000-0000-0000-0000-000000002016,A,EXACT_NAME_AND_LGD_MATCH,RESOLVED_1_TO_1
257,Khila Warangal,Warangal_Urban,6246,TS-MDL-6246,561a43e2-c0e7-5acd-a641-0b7d1215541d,TS-MDL-6246-V1,2016-10-11,2022-09-26,ts_lgd_mandals_2016_v1,cd9fef94-790a-56e0-b646-fab969da8d73,e0160000-0000-0000-0000-000000002016,A,EXACT_NAME_AND_LGD_MATCH,RESOLVED_1_TO_1
258,Kodad,Suryapet,4668,TS-MDL-4668,7c10e415-f0a7-519a-b26e-6581b8aba55c,TS-MDL-4668-V1,2016-10-11,2022-09-26,ts_lgd_mandals_2016_v1,158af399-534e-56ee-b31c-ef198fa14d8e,e0160000-0000-0000-0000-000000002016,A,EXACT_NAME_AND_LGD_MATCH,RESOLVED_1_TO_1
259,Kodair,Nagarkurnool,4600,TS-MDL-4600,27913174-7b8c-5583-94f3-d8e6fea82f2c,TS-MDL-4600-V1,2016-10-11,2022-09-26,ts_lgd_mandals_2016_v1,5672ba7c-837c-52bc-9906-a8ad01a0e702,e0160000-0000-0000-0000-000000002016,A,EXACT_NAME_AND_LGD_MATCH,RESOLVED_1_TO_1
260,Kodangal,Vikarabad,4549,TS-MDL-4549,85ee7686-6ff7-5b24-843c-800452286b5a,TS-MDL-4549-V1,2016-10-11,2022-09-26,ts_lgd_mandals_2016_v1,c9a1c29f-0cc7-537e-bd16-027f35cb5b21,e0160000-0000-0000-0000-000000002016,C,EXACT_NAME_AND_LGD_MATCH,RESOLVED_1_TO_1
261,Kodimial,Jagtial,4420,TS-MDL-4420,dede9aaf-dacd-59df-b40a-5934997c007c,TS-MDL-4420-V1,2016-10-11,2022-09-26,ts_lgd_mandals_2016_v1,65510043-7465-5c52-b7c9-1267d1860abf,e0160000-0000-0000-0000-000000002016,A,EXACT_NAME_AND_LGD_MATCH,RESOLVED_1_TO_1
262,Koheda,Siddipet,4443,TS-MDL-4443,b211b7a9-23a7-5259-860e-fe2bb3eee75e,TS-MDL-4443-V1,2016-10-11,2022-09-26,ts_lgd_mandals_2016_v1,bdd2ce57-2c77-5499-b65a-be321deef07d,e0160000-0000-0000-0000-000000002016,A,EXACT_NAME_AND_LGD_MATCH,RESOLVED_1_TO_1
263,Kohir,Sangareddy,4475,TS-MDL-4475,acd49578-d8b9-5676-92b4-dff5acecb532,TS-MDL-4475-V1,2016-10-11,2022-09-26,ts_lgd_mandals_2016_v1,e08ab6d0-cb5a-5937-9c7b-aed1bfa4388e,e0160000-0000-0000-0000-000000002016,A,EXACT_NAME_AND_LGD_MATCH,RESOLVED_1_TO_1
264,Koilkonda,Mahabubnagar,4569,TS-MDL-4569,a23c2f95-6c24-59b3-a498-4c444e52900b,TS-MDL-4569-V1,2016-10-11,2022-09-26,ts_lgd_mandals_2016_v1,7a40209f-2afa-575b-82a7-5273f45f9861,e0160000-0000-0000-0000-000000002016,A,EXACT_NAME_AND_LGD_MATCH,RESOLVED_1_TO_1
265,Konaraopet,Rajanna Sircilla,4431,TS-MDL-4431,2d25eaf1-45b5-5a6f-b4a0-57763599e838,TS-MDL-4431-V1,2016-10-11,2022-09-26,ts_lgd_mandals_2016_v1,dae1b4f6-d42b-5e00-bda3-1abd06365907,e0160000-0000-0000-0000-000000002016,A,EXACT_NAME_AND_LGD_MATCH,RESOLVED_1_TO_1
266,Kondamallapally,Nalgonda,6307,TS-MDL-6307,bbfba659-a1b1-57ca-b878-4dec631c324b,TS-MDL-6307-V1,2016-10-11,2022-09-26,ts_lgd_mandals_2016_v1,c8c0cfc4-b203-5768-878a-4a4e44f73ecc,e0160000-0000-0000-0000-000000002016,A,STANDARDIZED_TRANSLITERATION_MAP,RESOLVED_1_TO_1
267,Kondapak,Siddipet,4462,TS-MDL-4462,2fd5731f-3e8f-59b5-ad63-655f037e8698,TS-MDL-4462-V1,2016-10-11,2022-09-26,ts_lgd_mandals_2016_v1,bf663e3e-092a-5a28-8cdd-ac06dd6f4d27,e0160000-0000-0000-0000-000000002016,C,EXACT_NAME_AND_LGD_MATCH,RESOLVED_1_TO_1
268,Kondapur,Sangareddy,4491,TS-MDL-4491,9fdf9248-e712-5b10-b4ee-095c80e32048,TS-MDL-4491-V1,2016-10-11,2022-09-26,ts_lgd_mandals_2016_v1,1584e6a3-7d71-5cf0-a90a-857ca443e886,e0160000-0000-0000-0000-000000002016,A,EXACT_NAME_AND_LGD_MATCH,RESOLVED_1_TO_1
269,Metpalli,Jagtial,4417,TS-MDL-4417,3053474e-10c9-52a2-8dd0-0fe3bb8e1a33,TS-MDL-4417-V1,2016-10-11,2022-09-26,ts_lgd_mandals_2016_v1,467a51b7-0524-5790-95b0-2f60e5e46e8a,e0160000-0000-0000-0000-000000002016,A,EXACT_NAME_AND_LGD_MATCH,RESOLVED_1_TO_1
270,Yadagirigutta,Yadadri Bhuvanagiri,4616,TS-MDL-4616,f707de98-56d6-5f4d-8ef9-2cae7ee3d142,TS-MDL-4616-V1,2016-10-11,2022-09-26,ts_lgd_mandals_2016_v1,664e9648-831e-53c6-a6c7-e0d066fd3c86,e0160000-0000-0000-0000-000000002016,A,EXACT_NAME_AND_LGD_MATCH,RESOLVED_1_TO_1
271,Konijerla,Khammam,4761,TS-MDL-4761,9b3199c7-ed53-5597-ac48-e5b4209949a1,TS-MDL-4761-V1,2016-10-11,2022-09-26,ts_lgd_mandals_2016_v1,0179402c-1d86-5295-a28e-34dbef957ed8,e0160000-0000-0000-0000-000000002016,A,EXACT_NAME_AND_LGD_MATCH,RESOLVED_1_TO_1
272,Korutla,Jagtial,4416,TS-MDL-4416,09493a95-1dd7-5527-a509-a62839e57e2d,TS-MDL-4416-V1,2016-10-11,2022-09-26,ts_lgd_mandals_2016_v1,76a89bc1-40e6-5cbc-a4a8-9741b8660950,e0160000-0000-0000-0000-000000002016,A,EXACT_NAME_AND_LGD_MATCH,RESOLVED_1_TO_1
273,Kotagiri,Nizamabad,4371,TS-MDL-4371,1456029b-3bf8-583e-8ea3-fd91760b26b4,TS-MDL-4371-V1,2016-10-11,2022-11-22,ts_lgd_mandals_2016_v1,664470b2-bc63-54b6-ba33-7dd90ea1a991,e0160000-0000-0000-0000-000000002016,D,EXACT_NAME_AND_LGD_MATCH,RESOLVED_1_TO_1
274,Miryalaguda,Nalgonda,4664,TS-MDL-4664,12ff74c1-1f93-5696-9741-958c899a6384,TS-MDL-4664-V1,2016-10-11,2023-03-15,ts_lgd_mandals_2016_v1,18bcdeed-09f7-5463-a7af-03795ac5f760,e0160000-0000-0000-0000-000000002016,D,EXACT_NAME_AND_LGD_MATCH,RESOLVED_1_TO_1
275,Kothaguda,Mahabubabad,4710,TS-MDL-4710,2ac5bd37-cc66-55b9-9ed9-3daa89aabb72,TS-MDL-4710-V1,2016-10-11,2022-09-26,ts_lgd_mandals_2016_v1,79351039-b4b5-5b55-b4a3-11a189f74033,e0160000-0000-0000-0000-000000002016,A,EXACT_NAME_AND_LGD_MATCH,RESOLVED_1_TO_1
276,Kothagudem,Bhadradri Kothagudem,4738,TS-MDL-4738,bbd6bfce-8170-5c81-8a32-1a0d18d446db,TS-MDL-4738-V1,2016-10-11,2022-09-26,ts_lgd_mandals_2016_v1,3ac139fe-8873-5080-b0c4-d6bfd89e0450,e0160000-0000-0000-0000-000000002016,A,EXACT_NAME_AND_LGD_MATCH,RESOLVED_1_TO_1
277,Kouthala,Kumurambheem Asifabad,4316,TS-MDL-4316,3fee4c1c-3218-53ed-8cb2-4c8b3238400d,TS-MDL-4316-V1,2016-10-11,2022-09-26,ts_lgd_mandals_2016_v1,896e7580-212a-5679-bfaa-79079bfba9af,e0160000-0000-0000-0000-000000002016,A,STANDARDIZED_TRANSLITERATION_MAP,RESOLVED_1_TO_1
278,Mudhole,Nirmal,4341,TS-MDL-4341,dccd6133-f885-5516-8f07-e1a2eb0b5bbf,TS-MDL-4341-V1,2016-10-11,2022-09-26,ts_lgd_mandals_2016_v1,61027281-dbcf-5ca5-8dee-8b2750c539f4,e0160000-0000-0000-0000-000000002016,A,EXACT_NAME_AND_LGD_MATCH,RESOLVED_1_TO_1
279,Mudigonda,Khammam,4758,TS-MDL-4758,52e5ab32-cde8-5d4a-a1dd-4517d8ab5b5d,TS-MDL-4758-V1,2016-10-11,2022-09-26,ts_lgd_mandals_2016_v1,ae511d3c-e690-5db2-91b6-3b89fe4fd9e5,e0160000-0000-0000-0000-000000002016,A,EXACT_NAME_AND_LGD_MATCH,RESOLVED_1_TO_1
280,Kowdipally,Medak,4480,TS-MDL-4480,f4bc305a-9f49-5d48-b04a-7312362af5fe,TS-MDL-4480-V1,2016-10-11,2022-09-26,ts_lgd_mandals_2016_v1,5519b843-0198-535b-84f0-663d5cd31ab6,e0160000-0000-0000-0000-000000002016,A,EXACT_NAME_AND_LGD_MATCH,RESOLVED_1_TO_1
281,Kubeer,Nirmal,4338,TS-MDL-4338,d512d7fb-f604-5b7e-89ee-f0f03d27fb63,TS-MDL-4338-V1,2016-10-11,2022-09-26,ts_lgd_mandals_2016_v1,9ff2de2f-b140-542e-a1ac-85f3967d1cdd,e0160000-0000-0000-0000-000000002016,A,EXACT_NAME_AND_LGD_MATCH,RESOLVED_1_TO_1
282,Kukatpally,Medchal_Malkajgiri,6327,TS-MDL-6327,342064f1-55cd-5c01-8cdb-4769dfa6a139,TS-MDL-6327-V1,2016-10-11,2022-09-26,ts_lgd_mandals_2016_v1,a07b864d-5ee8-50ce-881c-91955c6a7a6f,e0160000-0000-0000-0000-000000002016,A,EXACT_NAME_AND_LGD_MATCH,RESOLVED_1_TO_1
283,Kulcharam,Medak,4468,TS-MDL-4468,b3330100-cb67-5d82-8918-bb6ee1090eb2,TS-MDL-4468-V1,2016-10-11,2022-09-26,ts_lgd_mandals_2016_v1,1d218a39-4112-5a3f-9535-107206d5be11,e0160000-0000-0000-0000-000000002016,A,EXACT_NAME_AND_LGD_MATCH,RESOLVED_1_TO_1
284,Kuntala,Nirmal,4337,TS-MDL-4337,e67b7a94-4ae6-53a7-8b0d-8ce7b9a727da,TS-MDL-4337-V1,2016-10-11,2022-09-26,ts_lgd_mandals_2016_v1,e981df64-d17f-573c-8b4c-f21495db8501,e0160000-0000-0000-0000-000000002016,A,EXACT_NAME_AND_LGD_MATCH,RESOLVED_1_TO_1
285,Nyalkal,Sangareddy,4473,TS-MDL-4473,b664ca82-bb74-5d90-9d35-f9d97824475f,TS-MDL-4473-V1,2016-10-11,2022-09-26,ts_lgd_mandals_2016_v1,2abf2372-d5a0-5f2b-9267-f76ccbc21629,e0160000-0000-0000-0000-000000002016,A,EXACT_NAME_AND_LGD_MATCH,RESOLVED_1_TO_1
286,Kuravi,Mahabubabad,4721,TS-MDL-4721,9c1ebb72-2a15-5aae-ab7d-d3ef8806d28b,TS-MDL-4721-V1,2016-10-11,2022-09-26,ts_lgd_mandals_2016_v1,ed7a193b-93f5-5bc2-9983-2a0b8fcb4ab3,e0160000-0000-0000-0000-000000002016,C,EXACT_NAME_AND_LGD_MATCH,RESOLVED_1_TO_1
287,Laxmanchanda,Nirmal,4345,TS-MDL-4345,5d4492ab-2975-5d04-a67d-029833fa92f2,TS-MDL-4345-V1,2016-10-11,2022-09-26,ts_lgd_mandals_2016_v1,ef3b253e-b491-5812-8f87-5ac238903f95,e0160000-0000-0000-0000-000000002016,A,EXACT_NAME_AND_LGD_MATCH,RESOLVED_1_TO_1
288,Laxmidevipally,Bhadradri Kothagudem,6266,TS-MDL-6266,1d65086d-ea67-5b44-9417-798c8295a86b,TS-MDL-6266-V1,2016-10-11,2022-09-26,ts_lgd_mandals_2016_v1,a08a3574-e62e-510c-b504-51867fd32284,e0160000-0000-0000-0000-000000002016,A,STANDARDIZED_TRANSLITERATION_MAP,RESOLVED_1_TO_1
289,Lingalaghanpur,Jangoan,4700,TS-MDL-4700,2a777a2f-dd13-57b0-b040-f79273d3d429,TS-MDL-4700-V1,2016-10-11,2022-09-26,ts_lgd_mandals_2016_v1,a7278df7-b2d4-501c-a465-0eb9a8c4be34,e0160000-0000-0000-0000-000000002016,A,EXACT_NAME_AND_LGD_MATCH,RESOLVED_1_TO_1
290,Lingampet,Kamareddy,4388,TS-MDL-4388,ed6f7158-3741-5c7e-86e7-3b28d0b12035,TS-MDL-4388-V1,2016-10-11,2022-09-26,ts_lgd_mandals_2016_v1,fa2917c9-cdde-5666-aefb-847214ee7f51,e0160000-0000-0000-0000-000000002016,A,EXACT_NAME_AND_LGD_MATCH,RESOLVED_1_TO_1
291,Lingapur,Kumurambheem Asifabad,6311,TS-MDL-6311,e2a68ec4-0b95-5390-827f-fd254b2aec6a,TS-MDL-6311-V1,2016-10-11,2022-09-26,ts_lgd_mandals_2016_v1,f0639b15-b20e-5351-a983-0bf7f009fe25,e0160000-0000-0000-0000-000000002016,A,EXACT_NAME_AND_LGD_MATCH,RESOLVED_1_TO_1
292,Nakrekal,Nalgonda,4636,TS-MDL-4636,40151d58-be3f-55c5-9424-0670c4e27093,TS-MDL-4636-V1,2016-10-11,2022-09-26,ts_lgd_mandals_2016_v1,6891f4fc-d874-51e7-80cc-1b0197e36a56,e0160000-0000-0000-0000-000000002016,A,EXACT_NAME_AND_LGD_MATCH,RESOLVED_1_TO_1
293,Lokeshwaram,Nirmal,4342,TS-MDL-4342,97568933-fb6b-543f-9ce3-d798b8b515e6,TS-MDL-4342-V1,2016-10-11,2022-09-26,ts_lgd_mandals_2016_v1,7476152b-5122-5cbc-a50e-dd8525b24b19,e0160000-0000-0000-0000-000000002016,A,STANDARDIZED_TRANSLITERATION_MAP,RESOLVED_1_TO_1
294,Machareddy,Kamareddy,4380,TS-MDL-4380,a3ed499d-5d90-5ba9-aafc-5a63675c5c58,TS-MDL-4380-V1,2016-10-11,2023-04-18,ts_lgd_mandals_2016_v1,3ce0cff8-de90-525e-b56a-d7b20e1addda,e0160000-0000-0000-0000-000000002016,D,EXACT_NAME_AND_LGD_MATCH,RESOLVED_1_TO_1
295,Narsampet,Warangal_Rural,4708,TS-MDL-4708,b5627172-2cd4-5730-a699-e5266d04ecdc,TS-MDL-4708-V1,2016-10-11,2022-09-26,ts_lgd_mandals_2016_v1,a6080b76-7ca9-522a-9f17-1dcd958d94b8,e0160000-0000-0000-0000-000000002016,A,EXACT_NAME_AND_LGD_MATCH,RESOLVED_1_TO_1
296,Narsapur,Medak,4488,TS-MDL-4488,3495733b-b8af-5c59-87af-e42367676d48,TS-MDL-4488-V1,2016-10-11,2022-09-26,ts_lgd_mandals_2016_v1,8a7d826c-cf10-5b8e-9290-4105022eb4ac,e0160000-0000-0000-0000-000000002016,A,EXACT_NAME_AND_LGD_MATCH,RESOLVED_1_TO_1
297,Narsapur_G,Nirmal,6208,TS-MDL-6208,e0a9d8a7-6461-5dff-ab3d-8db49ed33f36,TS-MDL-6208-V1,2016-10-11,2022-09-26,ts_lgd_mandals_2016_v1,f2b799a5-a853-5bd2-9446-6be6813b2cf7,e0160000-0000-0000-0000-000000002016,A,STANDARDIZED_TRANSLITERATION_MAP,RESOLVED_1_TO_1
298,Mahabubnagar_Rural,Mahabubnagar,6258,TS-MDL-6258,2eab86b7-5359-55b3-a142-687bd31b3cb9,TS-MDL-6258-V1,2016-10-11,2022-09-26,ts_lgd_mandals_2016_v1,3e6a7b52-ac54-5d01-b81a-c7aa6336d615,e0160000-0000-0000-0000-000000002016,A,STANDARDIZED_TRANSLITERATION_MAP,RESOLVED_1_TO_1
299,Maddur,Narayanpet,4554,TS-MDL-4554,d853436c-3d21-5463-b3eb-dd6771d1b98c,TS-MDL-4554-V1,2016-10-11,2022-09-26,ts_lgd_mandals_2016_v1,85140025-9188-5a2d-9bbf-66a089914697,e0160000-0000-0000-0000-000000002016,A,EXACT_NAME_AND_LGD_MATCH,RESOLVED_1_TO_1
300,Madhira,Khammam,4766,TS-MDL-4766,6a2e0bb8-fb61-5e57-a880-e213603ac0a6,TS-MDL-4766-V1,2016-10-11,2022-09-26,ts_lgd_mandals_2016_v1,8e289c6a-d6ca-574a-8890-c494b91aa1e0,e0160000-0000-0000-0000-000000002016,A,EXACT_NAME_AND_LGD_MATCH,RESOLVED_1_TO_1
301,Madnur,Kamareddy,4372,TS-MDL-4372,6ec04ca1-f297-5ac4-92d9-2b7e8f0fac27,TS-MDL-4372-V1,2016-10-11,2022-09-26,ts_lgd_mandals_2016_v1,8b459872-0789-5442-a88a-e68b05352670,e0160000-0000-0000-0000-000000002016,C,STANDARDIZED_TRANSLITERATION_MAP,RESOLVED_1_TO_1
302,Madugulapally,Nalgonda,6305,TS-MDL-6305,f0e66511-eab2-58a5-940d-b1cb29a3c66f,TS-MDL-6305-V1,2016-10-11,2022-09-26,ts_lgd_mandals_2016_v1,082e93d1-050a-5435-bcdc-aa10c6d33017,e0160000-0000-0000-0000-000000002016,A,EXACT_NAME_AND_LGD_MATCH,RESOLVED_1_TO_1
303,Maganoor,Narayanpet,4590,TS-MDL-4590,31403422-2f6d-5565-ae2e-f743a62718aa,TS-MDL-4590-V1,2016-10-11,2022-09-26,ts_lgd_mandals_2016_v1,5ff7580d-251b-5095-bf7e-3077239192f6,e0160000-0000-0000-0000-000000002016,A,EXACT_NAME_AND_LGD_MATCH,RESOLVED_1_TO_1
304,Mahabubabad,Mahabubabad,4718,TS-MDL-4718,8e375042-f679-5a3e-97df-b23efdfaacbf,TS-MDL-4718-V1,2016-10-11,2022-09-26,ts_lgd_mandals_2016_v1,4acac307-3a39-5f8a-b9a3-b6c92c13fc29,e0160000-0000-0000-0000-000000002016,C,EXACT_NAME_AND_LGD_MATCH,RESOLVED_1_TO_1
305,Narva,Narayanpet,4588,TS-MDL-4588,d69dee1a-4a00-54d2-8aaf-3fcfa8065495,TS-MDL-4588-V1,2016-10-11,2022-09-26,ts_lgd_mandals_2016_v1,079b8343-3fc6-52d8-9dcf-81c24926dcea,e0160000-0000-0000-0000-000000002016,A,STANDARDIZED_TRANSLITERATION_MAP,RESOLVED_1_TO_1
306,Mahabubnagar_Urban,Mahabubnagar,4568,TS-MDL-4568,a765b7e6-4d12-5986-866e-7aafd4d064fa,TS-MDL-4568-V1,2016-10-11,2022-09-26,ts_lgd_mandals_2016_v1,6b4cd21b-2e7c-59bf-9a27-8a514066dc99,e0160000-0000-0000-0000-000000002016,A,STANDARDIZED_TRANSLITERATION_MAP,RESOLVED_1_TO_1
307,Navipet,Nizamabad,4358,TS-MDL-4358,8ad11c0f-125e-5f45-883a-02f113ed2954,TS-MDL-4358-V1,2016-10-11,2022-09-26,ts_lgd_mandals_2016_v1,561599f5-0bcd-5a25-a2cf-82cbd4ecb735,e0160000-0000-0000-0000-000000002016,A,EXACT_NAME_AND_LGD_MATCH,RESOLVED_1_TO_1
308,Nawabpet,Mahabubnagar,4556,TS-MDL-4556,c8214a95-6179-59a5-ad75-dfc07179108a,TS-MDL-4556-V1,2016-10-11,2022-09-26,ts_lgd_mandals_2016_v1,ccd62ff2-3e58-5e4d-b072-ddf112f2414b,e0160000-0000-0000-0000-000000002016,A,EXACT_NAME_AND_LGD_MATCH,RESOLVED_1_TO_1
309,Nawabpet,Vikarabad,4514,TS-MDL-4514,58437593-eea5-5e3d-b86a-d14558af4aca,TS-MDL-4514-V1,2016-10-11,2020-09-24,ts_lgd_mandals_2016_v1,b21f967f-b777-5b45-beac-603e43f709cd,e0160000-0000-0000-0000-000000002016,B,EXACT_NAME_AND_LGD_MATCH,RESOLVED_1_TO_1
310,Nekkonda,Warangal_Rural,4713,TS-MDL-4713,77562635-e480-5fa3-a2c1-e9c0341779ba,TS-MDL-4713-V1,2016-10-11,2022-09-26,ts_lgd_mandals_2016_v1,4e9c4ff3-4d83-590b-a401-31774651cc0d,e0160000-0000-0000-0000-000000002016,A,EXACT_NAME_AND_LGD_MATCH,RESOLVED_1_TO_1
311,Nelakondapally,Khammam,4759,TS-MDL-4759,d252582f-2f91-54cf-9483-12ff31119206,TS-MDL-4759-V1,2016-10-11,2022-09-26,ts_lgd_mandals_2016_v1,e1a80a50-4412-5b09-be2c-aac4427cfa1c,e0160000-0000-0000-0000-000000002016,A,STANDARDIZED_TRANSLITERATION_MAP,RESOLVED_1_TO_1
312,Nellikudur,Mahabubabad,4716,TS-MDL-4716,8b702647-d684-5502-aa77-718db9cda56b,TS-MDL-4716-V1,2016-10-11,2022-09-26,ts_lgd_mandals_2016_v1,0456a221-aaf6-5725-b04e-8e858976b3fe,e0160000-0000-0000-0000-000000002016,A,EXACT_NAME_AND_LGD_MATCH,RESOLVED_1_TO_1
313,Mahadevpur,Jayashankar Bhupalpally,4403,TS-MDL-4403,26346678-07bf-5aff-9714-48430cf5820d,TS-MDL-4403-V1,2016-10-11,2022-09-26,ts_lgd_mandals_2016_v1,2e986a2f-bb8f-52de-95ea-05465cc92527,e0160000-0000-0000-0000-000000002016,A,EXACT_NAME_AND_LGD_MATCH,RESOLVED_1_TO_1
314,Saroornagar,Rangareddy,4526,TS-MDL-4526,e4ddca9a-b057-5b50-9fbe-467ee04e1cf6,TS-MDL-4526-V1,2016-10-11,2022-09-26,ts_lgd_mandals_2016_v1,d00373fa-2620-571b-b27d-469f67c2911a,e0160000-0000-0000-0000-000000002016,A,EXACT_NAME_AND_LGD_MATCH,RESOLVED_1_TO_1
315,Aswapuram,Bhadradri Kothagudem,4728,TS-MDL-4728,3ff7a00f-7b2f-5cce-9c83-a221e70ce1db,TS-MDL-4728-V1,2016-10-11,2022-09-26,ts_lgd_mandals_2016_v1,700f8e28-520b-54ca-8d8b-fe5899775fdf,e0160000-0000-0000-0000-000000002016,A,EXACT_NAME_AND_LGD_MATCH,RESOLVED_1_TO_1
316,Bachannapet,Jangoan,4674,TS-MDL-4674,9f6f0be8-a846-5a26-9906-5b93172d52f5,TS-MDL-4674-V1,2016-10-11,2022-09-26,ts_lgd_mandals_2016_v1,05f51d6e-d171-5186-b7f4-139e209e4dcc,e0160000-0000-0000-0000-000000002016,A,EXACT_NAME_AND_LGD_MATCH,RESOLVED_1_TO_1
317,Bachupally,Medchal_Malkajgiri,6315,TS-MDL-6315,394cff07-315a-5fec-975c-e00b411f24a9,TS-MDL-6315-V1,2016-10-11,2022-09-26,ts_lgd_mandals_2016_v1,b1502697-24f1-54dc-b64c-565256f06438,e0160000-0000-0000-0000-000000002016,A,EXACT_NAME_AND_LGD_MATCH,RESOLVED_1_TO_1
318,Malharrao,Jayashankar Bhupalpally,4405,TS-MDL-4405,860b3140-2290-5412-9fe6-051d8c77b05a,TS-MDL-4405-V1,2016-10-11,2022-09-26,ts_lgd_mandals_2016_v1,11560e5d-1bfe-5e59-a5bd-498b29801efc,e0160000-0000-0000-0000-000000002016,A,EXACT_NAME_AND_LGD_MATCH,RESOLVED_1_TO_1
319,Nidamanoor,Nalgonda,4661,TS-MDL-4661,0e2be00f-3575-554a-9473-824e2f0bb771,TS-MDL-4661-V1,2016-10-11,2022-09-26,ts_lgd_mandals_2016_v1,943d18cd-4004-5dc0-bcc8-244a0f94ab6f,e0160000-0000-0000-0000-000000002016,A,STANDARDIZED_TRANSLITERATION_MAP,RESOLVED_1_TO_1
320,Malkajgiri,Medchal_Malkajgiri,4521,TS-MDL-4521,024e8a9d-9e2f-57a5-ac5d-1b81a15e4188,TS-MDL-4521-V1,2016-10-11,2022-09-26,ts_lgd_mandals_2016_v1,566f6caf-8c57-5d9e-89b0-83038dd92d11,e0160000-0000-0000-0000-000000002016,A,EXACT_NAME_AND_LGD_MATCH,RESOLVED_1_TO_1
321,Mancherial,Mancherial,4354,TS-MDL-4354,f92de9d5-f541-5d00-b429-1fb80d1cbbfd,TS-MDL-4354-V1,2016-10-11,2022-09-26,ts_lgd_mandals_2016_v1,46326a9b-8b77-5a18-afbd-7a14258665f3,e0160000-0000-0000-0000-000000002016,A,EXACT_NAME_AND_LGD_MATCH,RESOLVED_1_TO_1
322,Nirmal Rural,Nirmal,6210,TS-MDL-6210,55749944-4074-5424-b11e-3cc2c933744b,TS-MDL-6210-V1,2016-10-11,2022-09-26,ts_lgd_mandals_2016_v1,183e5eaf-74d3-561d-918a-a0cc7dfcb329,e0160000-0000-0000-0000-000000002016,A,EXACT_NAME_AND_LGD_MATCH,RESOLVED_1_TO_1
323,Nizamabad Rural,Nizamabad,6233,TS-MDL-6233,36a9f21b-8028-56e3-9131-df753b5b25f5,TS-MDL-6233-V1,2016-10-11,2022-09-26,ts_lgd_mandals_2016_v1,b42fa84b-d7f9-525f-b3c6-32f8207889f4,e0160000-0000-0000-0000-000000002016,A,EXACT_NAME_AND_LGD_MATCH,RESOLVED_1_TO_1
324,Mandamarri,Mancherial,4352,TS-MDL-4352,eed97efa-f603-5229-b7a0-83d26ba0fe2c,TS-MDL-4352-V1,2016-10-11,2022-09-26,ts_lgd_mandals_2016_v1,4d76ac80-86a9-545d-ae91-f75466d8332f,e0160000-0000-0000-0000-000000002016,A,EXACT_NAME_AND_LGD_MATCH,RESOLVED_1_TO_1
325,Nizamsagar,Kamareddy,4385,TS-MDL-4385,fec91f68-0c31-5410-9bd1-5717d23632c6,TS-MDL-4385-V1,2016-10-11,2023-04-18,ts_lgd_mandals_2016_v1,f03f5052-d064-57b3-b358-68a90a6ea66b,e0160000-0000-0000-0000-000000002016,D,EXACT_NAME_AND_LGD_MATCH,RESOLVED_1_TO_1
326,Mangapet,Mulugu,4686,TS-MDL-4686,c1924e2c-e0ad-5f7c-ac09-15c7eeec738f,TS-MDL-4686-V1,2016-10-11,2022-09-26,ts_lgd_mandals_2016_v1,115abc1f-52bd-5b9c-8caa-3b7decb305c6,e0160000-0000-0000-0000-000000002016,A,EXACT_NAME_AND_LGD_MATCH,RESOLVED_1_TO_1
327,Manthani,Peddapalli,4401,TS-MDL-4401,7b571736-62c7-51c3-ad99-75d488b014dc,TS-MDL-4401-V1,2016-10-11,2022-09-26,ts_lgd_mandals_2016_v1,ca47d646-c8d1-5203-80cb-15d7c23e0b27,e0160000-0000-0000-0000-000000002016,A,EXACT_NAME_AND_LGD_MATCH,RESOLVED_1_TO_1
328,Manuguru,Bhadradri Kothagudem,4727,TS-MDL-4727,0642efd1-6066-59f9-8450-4a0d7541c428,TS-MDL-4727-V1,2016-10-11,2022-09-26,ts_lgd_mandals_2016_v1,8db6872e-1873-5850-8641-55eb2a3e758a,e0160000-0000-0000-0000-000000002016,A,EXACT_NAME_AND_LGD_MATCH,RESOLVED_1_TO_1
329,Maredpally,Hyderabad,4500,TS-MDL-4500,916c2ff0-940c-5fa1-89d6-27dd4d53e64e,TS-MDL-4500-V1,2016-10-11,2022-09-26,ts_lgd_mandals_2016_v1,1683168d-40d9-5d9f-a003-a035bb290052,e0160000-0000-0000-0000-000000002016,A,STANDARDIZED_TRANSLITERATION_MAP,RESOLVED_1_TO_1
330,Ameenpur,Sangareddy,6276,TS-MDL-6276,2d702da8-4e47-5bc5-809d-d8729703bde7,TS-MDL-6276-V1,2016-10-11,2022-09-26,ts_lgd_mandals_2016_v1,57d95add-b96d-54e9-9c8d-2eb760229fa3,e0160000-0000-0000-0000-000000002016,A,EXACT_NAME_AND_LGD_MATCH,RESOLVED_1_TO_1
331,Jinnaram,Sangareddy,4493,TS-MDL-4493,99442cf9-a4c3-5f39-a057-e5ce1c2a2f52,TS-MDL-4493-V1,2016-10-11,2022-09-26,ts_lgd_mandals_2016_v1,ae409e37-2f4b-5e2e-9ef4-cef6b5089636,e0160000-0000-0000-0000-000000002016,A,EXACT_NAME_AND_LGD_MATCH,RESOLVED_1_TO_1
332,Marikal,Narayanpet,6263,TS-MDL-6263,1a6e699c-d3fd-5c4b-aa08-ef775eedc6ec,TS-MDL-6263-V1,2016-10-11,2022-09-26,ts_lgd_mandals_2016_v1,ab746d5c-2bcb-5ff3-ac01-12bb26d24e20,e0160000-0000-0000-0000-000000002016,A,EXACT_NAME_AND_LGD_MATCH,RESOLVED_1_TO_1
333,Maripeda,Mahabubabad,4720,TS-MDL-4720,779563e8-fbe6-5634-a020-f8b88e89bde6,TS-MDL-4720-V1,2016-10-11,2022-09-26,ts_lgd_mandals_2016_v1,be54500e-9381-5233-ac87-7da13bb463ac,e0160000-0000-0000-0000-000000002016,A,EXACT_NAME_AND_LGD_MATCH,RESOLVED_1_TO_1
334,Markook,Siddipet,6282,TS-MDL-6282,13151c3a-8d2e-504b-99f6-67c357fc57d4,TS-MDL-6282-V1,2016-10-11,2022-09-26,ts_lgd_mandals_2016_v1,010d787b-209c-5149-8e74-6e7735a61a26,e0160000-0000-0000-0000-000000002016,A,EXACT_NAME_AND_LGD_MATCH,RESOLVED_1_TO_1
335,Marpalle,Vikarabad,4512,TS-MDL-4512,12e60fab-68ed-5c6c-81a5-cd2b8dcf4d5a,TS-MDL-4512-V1,2016-10-11,2022-09-26,ts_lgd_mandals_2016_v1,e5bff137-e7c0-5973-8391-c08651bbd3e0,e0160000-0000-0000-0000-000000002016,A,EXACT_NAME_AND_LGD_MATCH,RESOLVED_1_TO_1
336,Mattampalli,Suryapet,4670,TS-MDL-4670,815f6f98-6bd6-50f0-a004-513ad53ab811,TS-MDL-4670-V1,2016-10-11,2022-09-26,ts_lgd_mandals_2016_v1,1267659a-419a-540e-8a4f-e4002a6fe6e7,e0160000-0000-0000-0000-000000002016,A,STANDARDIZED_TRANSLITERATION_MAP,RESOLVED_1_TO_1
337,Medak,Medak,4456,TS-MDL-4456,287f6800-8a10-57f8-86a2-fe840ee4bf21,TS-MDL-4456-V1,2016-10-11,2022-09-26,ts_lgd_mandals_2016_v1,9e211523-2ffe-5392-8d90-75250d95877b,e0160000-0000-0000-0000-000000002016,A,EXACT_NAME_AND_LGD_MATCH,RESOLVED_1_TO_1
338,Medchal,Medchal_Malkajgiri,4519,TS-MDL-4519,e7ba47ba-517a-5f38-9b44-c61e77acee0b,TS-MDL-4519-V1,2016-10-11,2022-09-26,ts_lgd_mandals_2016_v1,1c02045e-4321-5242-84f9-a86428ec4669,e0160000-0000-0000-0000-000000002016,A,EXACT_NAME_AND_LGD_MATCH,RESOLVED_1_TO_1
339,Medipalle,Jagtial,4415,TS-MDL-4415,85f47788-9872-58b8-afe9-641fa3f07414,TS-MDL-4415-V1,2016-10-11,2022-09-26,ts_lgd_mandals_2016_v1,66999ada-d6df-5db1-bb80-5ab7ab93ad8e,e0160000-0000-0000-0000-000000002016,C,STANDARDIZED_TRANSLITERATION_MAP,RESOLVED_1_TO_1
340,Pangal,Wanaparthy,4601,TS-MDL-4601,deff86a1-73cc-5736-8d76-5785e09c7030,TS-MDL-4601-V1,2016-10-11,2022-09-26,ts_lgd_mandals_2016_v1,735a3527-aa89-5a6d-b955-ffd56c89a04e,e0160000-0000-0000-0000-000000002016,A,EXACT_NAME_AND_LGD_MATCH,RESOLVED_1_TO_1
341,Raiparthy,Warangal_Rural,4703,TS-MDL-4703,4d45e92d-5b02-54c2-8bf9-261db077a3e8,TS-MDL-4703-V1,2016-10-11,2022-09-26,ts_lgd_mandals_2016_v1,cea5631f-1bc7-5c53-b527-fb5d3db99363,e0160000-0000-0000-0000-000000002016,A,STANDARDIZED_TRANSLITERATION_MAP,RESOLVED_1_TO_1
342,Medipally,Medchal_Malkajgiri,6318,TS-MDL-6318,82aafd1d-eae8-58b1-b513-05238d08addc,TS-MDL-6318-V1,2016-10-11,2022-09-26,ts_lgd_mandals_2016_v1,d91e6f12-9dba-5291-a49d-96c1cf24f1ed,e0160000-0000-0000-0000-000000002016,A,EXACT_NAME_AND_LGD_MATCH,RESOLVED_1_TO_1
343,Pargi,Vikarabad,4540,TS-MDL-4540,c4a3ee18-84f6-5f1d-82bc-2ecbec2e991c,TS-MDL-4540-V1,2016-10-11,2022-09-26,ts_lgd_mandals_2016_v1,8e67fae8-2641-5474-8c76-2f24e913381d,e0160000-0000-0000-0000-000000002016,A,EXACT_NAME_AND_LGD_MATCH,RESOLVED_1_TO_1
344,Parkal,Warangal_Rural,4679,TS-MDL-4679,7acea368-3af8-5a42-9ffc-5ba9e80409c9,TS-MDL-4679-V1,2016-10-11,2022-09-26,ts_lgd_mandals_2016_v1,bd6f879f-49f3-5d03-8ae7-5c0de9c677f0,e0160000-0000-0000-0000-000000002016,A,EXACT_NAME_AND_LGD_MATCH,RESOLVED_1_TO_1
345,Parvathagiri,Warangal_Rural,4714,TS-MDL-4714,6ed0ff8e-06a0-563c-98cc-0a210fdfed1d,TS-MDL-4714-V1,2016-10-11,2022-09-26,ts_lgd_mandals_2016_v1,99edfa34-3125-5758-9893-5b1b14a71610,e0160000-0000-0000-0000-000000002016,A,EXACT_NAME_AND_LGD_MATCH,RESOLVED_1_TO_1
346,Patancheruvu,Sangareddy,4494,TS-MDL-4494,b0f11412-ff6e-5467-8f7b-9e0b7f6e1829,TS-MDL-4494-V1,2016-10-11,2022-09-26,ts_lgd_mandals_2016_v1,2604a32e-3faa-5734-ad31-f2fa4ae22f03,e0160000-0000-0000-0000-000000002016,A,STANDARDIZED_TRANSLITERATION_MAP,RESOLVED_1_TO_1
347,Pebbair,Wanaparthy,4602,TS-MDL-4602,bbd1b226-47a8-5a87-977a-ff62228fd43e,TS-MDL-4602-V1,2016-10-11,2022-09-26,ts_lgd_mandals_2016_v1,888c61c7-58bf-54cd-8a6a-f9dc549f7168,e0160000-0000-0000-0000-000000002016,A,EXACT_NAME_AND_LGD_MATCH,RESOLVED_1_TO_1
348,Mellachervu,Suryapet,4671,TS-MDL-4671,ed26085d-b6cd-579f-8194-11c904b243dd,TS-MDL-4671-V1,2016-10-11,2022-09-26,ts_lgd_mandals_2016_v1,bda87ce9-aeb1-5569-90b9-10689717fa01,e0160000-0000-0000-0000-000000002016,A,EXACT_NAME_AND_LGD_MATCH,RESOLVED_1_TO_1
349,Peddakothapalle,Nagarkurnool,4599,TS-MDL-4599,9a9bb1a4-1c07-5d24-93b2-8831ae41b9cf,TS-MDL-4599-V1,2016-10-11,2022-09-26,ts_lgd_mandals_2016_v1,337ec1c0-7fa9-570b-ad99-b0549214908f,e0160000-0000-0000-0000-000000002016,A,STANDARDIZED_TRANSLITERATION_MAP,RESOLVED_1_TO_1
350,Mendora,Nizamabad,6237,TS-MDL-6237,dd94e8e1-0553-5647-9fdf-638690a8f4fe,TS-MDL-6237-V1,2016-10-11,2022-09-26,ts_lgd_mandals_2016_v1,32376b1b-0c5d-568b-9076-0168ee7e227e,e0160000-0000-0000-0000-000000002016,A,EXACT_NAME_AND_LGD_MATCH,RESOLVED_1_TO_1
351,Midjil,Mahabubnagar,4566,TS-MDL-4566,b567fac4-123f-508f-9b36-8e1487125466,TS-MDL-4566-V1,2016-10-11,2022-09-26,ts_lgd_mandals_2016_v1,dad592af-1aab-5f7b-b42d-c14e992a9191,e0160000-0000-0000-0000-000000002016,A,EXACT_NAME_AND_LGD_MATCH,RESOLVED_1_TO_1
352,Pegadapalli,Jagtial,4421,TS-MDL-4421,bbaa0636-725c-5557-b66f-08e07d49d378,TS-MDL-4421-V1,2016-10-11,2022-09-26,ts_lgd_mandals_2016_v1,477d3f28-794c-5043-a06c-08d876ac7a06,e0160000-0000-0000-0000-000000002016,A,EXACT_NAME_AND_LGD_MATCH,RESOLVED_1_TO_1
353,Mirdoddi,Siddipet,4464,TS-MDL-4464,c2e44a04-5ded-5a67-947a-39a937be5b4e,TS-MDL-4464-V1,2016-10-11,2022-09-26,ts_lgd_mandals_2016_v1,ebe1554c-437d-562d-874a-dd90afd083e9,e0160000-0000-0000-0000-000000002016,C,EXACT_NAME_AND_LGD_MATCH,RESOLVED_1_TO_1
354,Mogudampally,Sangareddy,6278,TS-MDL-6278,45e4d972-e087-5d4b-8bc9-005541b86ba3,TS-MDL-6278-V1,2016-10-11,2022-09-26,ts_lgd_mandals_2016_v1,4309cfb1-8a2f-5cdd-a521-675c98b9fed5,e0160000-0000-0000-0000-000000002016,A,EXACT_NAME_AND_LGD_MATCH,RESOLVED_1_TO_1
355,Mogullapally,Jayashankar Bhupalpally,4680,TS-MDL-4680,faeb1007-4044-59c8-bcba-aec01d8f4e9a,TS-MDL-4680-V1,2016-10-11,2022-09-26,ts_lgd_mandals_2016_v1,953c37f5-14d4-5a86-b9b6-f773e4f449d6,e0160000-0000-0000-0000-000000002016,A,EXACT_NAME_AND_LGD_MATCH,RESOLVED_1_TO_1
356,Moinabad,Rangareddy,4528,TS-MDL-4528,db8072a3-0989-5f42-9e79-35eab7902be2,TS-MDL-4528-V1,2016-10-11,2022-09-26,ts_lgd_mandals_2016_v1,fdb728a4-d33b-5f22-836e-fd24eff49de9,e0160000-0000-0000-0000-000000002016,A,EXACT_NAME_AND_LGD_MATCH,RESOLVED_1_TO_1
357,Mominpet,Vikarabad,4513,TS-MDL-4513,e4d59034-c5d2-5e4a-a760-cf9a68b4ab54,TS-MDL-4513-V1,2016-10-11,2022-09-26,ts_lgd_mandals_2016_v1,cf782a52-59e5-5fc3-8064-9fae920d1de5,e0160000-0000-0000-0000-000000002016,A,EXACT_NAME_AND_LGD_MATCH,RESOLVED_1_TO_1
358,Moosapet,Mahabubnagar,6260,TS-MDL-6260,925c3350-e87e-5d0b-bd73-06026577bebd,TS-MDL-6260-V1,2016-10-11,2022-09-26,ts_lgd_mandals_2016_v1,09413bda-1432-5e17-801e-cbd53de8ca21,e0160000-0000-0000-0000-000000002016,A,EXACT_NAME_AND_LGD_MATCH,RESOLVED_1_TO_1
359,Mothey,Suryapet,4640,TS-MDL-4640,39a53c9d-5034-5831-913a-79dddd7e53e1,TS-MDL-4640-V1,2016-10-11,2022-09-26,ts_lgd_mandals_2016_v1,20fd3384-633a-57b8-81bd-ffb46a59ebde,e0160000-0000-0000-0000-000000002016,A,EXACT_NAME_AND_LGD_MATCH,RESOLVED_1_TO_1
360,Mothkur,Yadadri Bhuvanagiri,4625,TS-MDL-4625,faca6c64-92ff-5714-a0e7-0ce9b417c76f,TS-MDL-4625-V1,2016-10-11,2022-09-26,ts_lgd_mandals_2016_v1,e5a6bd68-6d82-5525-a037-28ae0c8d7b71,e0160000-0000-0000-0000-000000002016,A,EXACT_NAME_AND_LGD_MATCH,RESOLVED_1_TO_1
361,Mugpal,Nizamabad,6235,TS-MDL-6235,7305b237-5b1c-552f-9261-9f55aa859cfe,TS-MDL-6235-V1,2016-10-11,2022-09-26,ts_lgd_mandals_2016_v1,261b5295-6988-55ae-b04c-9d8689307b38,e0160000-0000-0000-0000-000000002016,A,EXACT_NAME_AND_LGD_MATCH,RESOLVED_1_TO_1
362,Mulakalapally,Bhadradri Kothagudem,4748,TS-MDL-4748,43981639-5c29-536f-ae89-558017d56011,TS-MDL-4748-V1,2016-10-11,2022-09-26,ts_lgd_mandals_2016_v1,b4f31051-8441-5662-8ddf-da0dc3dc1ef8,e0160000-0000-0000-0000-000000002016,A,STANDARDIZED_TRANSLITERATION_MAP,RESOLVED_1_TO_1
363,Pudur,Vikarabad,4541,TS-MDL-4541,32007587-305e-56bd-822c-fc34ff2cda0a,TS-MDL-4541-V1,2016-10-11,2022-09-26,ts_lgd_mandals_2016_v1,a7af0a13-3609-593b-bd80-253edd6627ca,e0160000-0000-0000-0000-000000002016,A,EXACT_NAME_AND_LGD_MATCH,RESOLVED_1_TO_1
364,Pulkal,Sangareddy,4478,TS-MDL-4478,9377f870-65c0-51c5-85f0-d460f277f451,TS-MDL-4478-V1,2016-10-11,2020-09-24,ts_lgd_mandals_2016_v1,9b5c86cb-8aa3-58aa-b68b-ba7d37c951d2,e0160000-0000-0000-0000-000000002016,B,EXACT_NAME_AND_LGD_MATCH,RESOLVED_1_TO_1
365,Manoharabad,Medak,6273,TS-MDL-6273,bea3c1d8-2f42-5da9-b832-47938918e8fc,TS-MDL-6273-V1,2016-10-11,2022-09-26,ts_lgd_mandals_2016_v1,61fe2038-7b3a-57fb-9bd0-3f11ab401395,e0160000-0000-0000-0000-000000002016,A,EXACT_NAME_AND_LGD_MATCH,RESOLVED_1_TO_1
366,Mulug,Mulugu,4689,TS-MDL-4689,32092ae3-2036-54c3-ba51-04f02c8c9433,TS-MDL-4689-V1,2016-10-11,2023-09-10,ts_lgd_mandals_2016_v1,d57d0cdf-7bc7-5eaf-b817-a83d39938155,e0160000-0000-0000-0000-000000002016,D,EXACT_NAME_AND_LGD_MATCH,RESOLVED_1_TO_1
367,Mulug,Siddipet,4486,TS-MDL-4486,d5a846fe-2d62-5463-bdbf-ff8028146600,TS-MDL-4486-V1,2016-10-11,2022-09-26,ts_lgd_mandals_2016_v1,b31e8062-cc59-5184-a6b9-6b30d88c41cf,e0160000-0000-0000-0000-000000002016,A,EXACT_NAME_AND_LGD_MATCH,RESOLVED_1_TO_1
368,Munagala,Suryapet,4642,TS-MDL-4642,3711e7c9-81d4-5bbe-ae75-f55c23e2a24b,TS-MDL-4642-V1,2016-10-11,2022-09-26,ts_lgd_mandals_2016_v1,06a7deb3-21da-579c-9ee4-5590dcf9a0c6,e0160000-0000-0000-0000-000000002016,A,EXACT_NAME_AND_LGD_MATCH,RESOLVED_1_TO_1
369,Musheerabad,Hyderabad,4501,TS-MDL-4501,701d932f-1f38-56e0-b675-dc4b4c7c24e0,TS-MDL-4501-V1,2016-10-11,2022-09-26,ts_lgd_mandals_2016_v1,b3540078-4ca1-549d-8a6c-b5b838484c8e,e0160000-0000-0000-0000-000000002016,A,EXACT_NAME_AND_LGD_MATCH,RESOLVED_1_TO_1
370,Mutharam_Mahadevpur,Jayashankar Bhupalpally,4404,TS-MDL-4404,db492efa-935e-52d3-b421-f7b6c0f5da4a,TS-MDL-4404-V1,2016-10-11,2022-09-26,ts_lgd_mandals_2016_v1,0ca2e250-9a6a-5f9b-913d-f9123af6bc0b,e0160000-0000-0000-0000-000000002016,A,STANDARDIZED_TRANSLITERATION_MAP,RESOLVED_1_TO_1
371,Mutharam_Manthani,Peddapalli,4406,TS-MDL-4406,1080745a-1105-5a99-824e-89616dfc5a20,TS-MDL-4406-V1,2016-10-11,2022-09-26,ts_lgd_mandals_2016_v1,f703d28a-9565-5ebf-ae19-9d2c5f30729d,e0160000-0000-0000-0000-000000002016,A,STANDARDIZED_TRANSLITERATION_MAP,RESOLVED_1_TO_1
372,Nadigudem,Suryapet,4641,TS-MDL-4641,713ff327-7dbb-5633-94d8-68c6d4df6e19,TS-MDL-4641-V1,2016-10-11,2022-09-26,ts_lgd_mandals_2016_v1,f6489339-8c89-5e4f-9800-af3bc1825dde,e0160000-0000-0000-0000-000000002016,A,EXACT_NAME_AND_LGD_MATCH,RESOLVED_1_TO_1
373,Nagalgidda,Sangareddy,6280,TS-MDL-6280,92312325-ba54-50b1-98ae-27ce776fba64,TS-MDL-6280-V1,2016-10-11,2022-09-26,ts_lgd_mandals_2016_v1,19ca688d-4909-5471-9fdc-5823f8c366fd,e0160000-0000-0000-0000-000000002016,A,EXACT_NAME_AND_LGD_MATCH,RESOLVED_1_TO_1
374,Tanoor,Nirmal,4340,TS-MDL-4340,60bb9992-6c31-56b6-821f-c96d3b6bfd9a,TS-MDL-4340-V1,2016-10-11,2022-09-26,ts_lgd_mandals_2016_v1,81657792-77ed-566e-9dc9-774753c178e9,e0160000-0000-0000-0000-000000002016,A,EXACT_NAME_AND_LGD_MATCH,RESOLVED_1_TO_1
375,Nagaram,Suryapet,6298,TS-MDL-6298,c7c5401f-6eaf-502b-9551-b91762c3ead9,TS-MDL-6298-V1,2016-10-11,2022-09-26,ts_lgd_mandals_2016_v1,2f9cdc09-f026-5d44-9270-33d4ff1087b6,e0160000-0000-0000-0000-000000002016,A,EXACT_NAME_AND_LGD_MATCH,RESOLVED_1_TO_1
376,Mavala,Adilabad,6222,TS-MDL-6222,417c6f62-7bcc-532c-be69-c91bcd92552d,TS-MDL-6222-V1,2016-10-11,2022-09-26,ts_lgd_mandals_2016_v1,434931f8-efbc-5481-98a7-e89802a434cd,e0160000-0000-0000-0000-000000002016,A,EXACT_NAME_AND_LGD_MATCH,RESOLVED_1_TO_1
377,Nagi_Reddypet,Kamareddy,4387,TS-MDL-4387,85bb443a-4eb1-5512-8d2e-3676a3807fee,TS-MDL-4387-V1,2016-10-11,2023-04-18,ts_lgd_mandals_2016_v1,f61279de-cf32-54c8-bb44-0f6ef0ff55e0,e0160000-0000-0000-0000-000000002016,D,STANDARDIZED_TRANSLITERATION_MAP,RESOLVED_1_TO_1
378,Nallabelli,Warangal_Rural,4692,TS-MDL-4692,527c91ba-7452-5f09-a863-9eaa3d439cd0,TS-MDL-4692-V1,2016-10-11,2022-09-26,ts_lgd_mandals_2016_v1,69b1c05c-0269-5d7a-b3e1-a672b4511672,e0160000-0000-0000-0000-000000002016,A,EXACT_NAME_AND_LGD_MATCH,RESOLVED_1_TO_1
379,Nampally,Hyderabad,4504,TS-MDL-4504,4beef196-0ba2-5fae-b34a-9e3b9670290c,TS-MDL-4504-V1,2016-10-11,2022-09-26,ts_lgd_mandals_2016_v1,8765e6f1-60c8-5b8b-83b2-a4e1f03b671e,e0160000-0000-0000-0000-000000002016,A,EXACT_NAME_AND_LGD_MATCH,RESOLVED_1_TO_1
380,Nampally,Nalgonda,4654,TS-MDL-4654,c46ba981-fb54-581c-9716-210a412741eb,TS-MDL-4654-V1,2016-10-11,2022-09-26,ts_lgd_mandals_2016_v1,8cf8b4e3-4bbd-5cb6-82c6-054abccad6a9,e0160000-0000-0000-0000-000000002016,A,EXACT_NAME_AND_LGD_MATCH,RESOLVED_1_TO_1
381,Nandigama,Rangareddy,6321,TS-MDL-6321,425e91f8-ee3c-5a11-8c7b-20749da9f624,TS-MDL-6321-V1,2016-10-11,2022-09-26,ts_lgd_mandals_2016_v1,49a9d102-7b55-5a1e-8d70-7c1e2e06c7b6,e0160000-0000-0000-0000-000000002016,A,EXACT_NAME_AND_LGD_MATCH,RESOLVED_1_TO_1
382,Nandipet,Nizamabad,4359,TS-MDL-4359,83e44d1c-a474-514b-ba0f-6c439554b4e6,TS-MDL-4359-V1,2016-10-11,2022-09-26,ts_lgd_mandals_2016_v1,e3054404-734b-587e-8b14-1ca3e350f25c,e0160000-0000-0000-0000-000000002016,C,EXACT_NAME_AND_LGD_MATCH,RESOLVED_1_TO_1
383,Nangnoor,Siddipet,4461,TS-MDL-4461,1a3291ce-fd22-5c3c-b19c-f57adb2473af,TS-MDL-4461-V1,2016-10-11,2022-09-26,ts_lgd_mandals_2016_v1,f34a0822-33a4-57c0-93c7-ba3e518bc747,e0160000-0000-0000-0000-000000002016,A,EXACT_NAME_AND_LGD_MATCH,RESOLVED_1_TO_1
384,Narayanapoor,Yadadri Bhuvanagiri,4648,TS-MDL-4648,b6f35fd5-6d2a-5f0a-9660-5a331704daf4,TS-MDL-4648-V1,2016-10-11,2022-09-26,ts_lgd_mandals_2016_v1,a495992d-bfca-51eb-a582-f7dfc4b26bec,e0160000-0000-0000-0000-000000002016,A,STANDARDIZED_TRANSLITERATION_MAP,RESOLVED_1_TO_1
385,Narayankhed,Sangareddy,4452,TS-MDL-4452,0057d5fe-9980-5008-8bdc-ea5a24c03286,TS-MDL-4452-V1,2016-10-11,2022-09-26,ts_lgd_mandals_2016_v1,6441230e-3a6d-5d88-ac90-37500c193225,e0160000-0000-0000-0000-000000002016,A,EXACT_NAME_AND_LGD_MATCH,RESOLVED_1_TO_1
386,Narayanpet,Narayanpet,4570,TS-MDL-4570,02a9cf52-c10d-5b0c-ab48-6f168ad9e256,TS-MDL-4570-V1,2016-10-11,2022-09-26,ts_lgd_mandals_2016_v1,027427fb-b892-5ad3-80fa-efcf5cb6c55d,e0160000-0000-0000-0000-000000002016,C,EXACT_NAME_AND_LGD_MATCH,RESOLVED_1_TO_1
387,Narketpally,Nalgonda,4634,TS-MDL-4634,d893e65f-4d9e-5220-9ce4-95ef6b08226f,TS-MDL-4634-V1,2016-10-11,2022-09-26,ts_lgd_mandals_2016_v1,237b169f-904d-51f6-ab4c-b9969cb92d67,e0160000-0000-0000-0000-000000002016,A,EXACT_NAME_AND_LGD_MATCH,RESOLVED_1_TO_1
388,Ramadugu,Karimnagar,4423,TS-MDL-4423,0f08d635-1d37-5bdb-98ca-9c072cfde7bd,TS-MDL-4423-V1,2016-10-11,2022-09-26,ts_lgd_mandals_2016_v1,be16986c-af57-50db-8c75-a11e10fe1a0a,e0160000-0000-0000-0000-000000002016,A,EXACT_NAME_AND_LGD_MATCH,RESOLVED_1_TO_1
389,Ramagiri,Peddapalli,6216,TS-MDL-6216,138425c6-5c88-54f4-8dac-49d0e3fa3bfe,TS-MDL-6216-V1,2016-10-11,2022-09-26,ts_lgd_mandals_2016_v1,b8398b85-3f0e-58c2-a5e7-46d4c4751378,e0160000-0000-0000-0000-000000002016,A,EXACT_NAME_AND_LGD_MATCH,RESOLVED_1_TO_1
390,Thorrur,Mahabubabad,4715,TS-MDL-4715,14ae53ab-562f-5dc2-aa05-0887459e5686,TS-MDL-4715-V1,2016-10-11,2022-09-26,ts_lgd_mandals_2016_v1,4d14dbef-a62e-53b7-8f39-fa0017360d07,e0160000-0000-0000-0000-000000002016,A,EXACT_NAME_AND_LGD_MATCH,RESOLVED_1_TO_1
391,Thungathurthy,Suryapet,4620,TS-MDL-4620,896e5904-b09f-51bd-b57b-699e11756512,TS-MDL-4620-V1,2016-10-11,2022-09-26,ts_lgd_mandals_2016_v1,19b41a59-2c11-55f1-b12a-f016c4c2482d,e0160000-0000-0000-0000-000000002016,A,STANDARDIZED_TRANSLITERATION_MAP,RESOLVED_1_TO_1
392,Tipparthy,Nalgonda,4645,TS-MDL-4645,b32551ff-ab55-5ab2-b219-08b3b04b26bc,TS-MDL-4645-V1,2016-10-11,2022-09-26,ts_lgd_mandals_2016_v1,2f14c8a9-b532-5686-ab39-8feffcab8b83,e0160000-0000-0000-0000-000000002016,A,STANDARDIZED_TRANSLITERATION_MAP,RESOLVED_1_TO_1
393,Narmetta,Jangoan,4675,TS-MDL-4675,ceb9b2e8-7873-5341-87e1-835471b07018,TS-MDL-4675-V1,2016-10-11,2022-09-26,ts_lgd_mandals_2016_v1,eefc1c7c-0655-5e65-937f-b736517a264e,e0160000-0000-0000-0000-000000002016,A,EXACT_NAME_AND_LGD_MATCH,RESOLVED_1_TO_1
394,Ramannapet,Yadadri Bhuvanagiri,4632,TS-MDL-4632,1241313a-c080-5974-a942-a2938ad87e75,TS-MDL-4632-V1,2016-10-11,2022-09-26,ts_lgd_mandals_2016_v1,a6cf830b-28db-5e60-bd56-9c61f0bdc1f0,e0160000-0000-0000-0000-000000002016,A,EXACT_NAME_AND_LGD_MATCH,RESOLVED_1_TO_1
395,Narnoor,Adilabad,4312,TS-MDL-4312,b6d55710-6ee7-5928-83ad-da4893d03cff,TS-MDL-4312-V1,2016-10-11,2022-09-26,ts_lgd_mandals_2016_v1,ef39de65-294f-516d-8380-e292b4ce3609,e0160000-0000-0000-0000-000000002016,A,EXACT_NAME_AND_LGD_MATCH,RESOLVED_1_TO_1
396,Narsimhulapet,Mahabubabad,4719,TS-MDL-4719,be2b8bbf-409a-596e-91c3-0805c6b5d6ab,TS-MDL-4719-V1,2016-10-11,2022-09-26,ts_lgd_mandals_2016_v1,70f2fa61-ee8e-5dd2-a3fa-b65ee19f2c83,e0160000-0000-0000-0000-000000002016,A,EXACT_NAME_AND_LGD_MATCH,RESOLVED_1_TO_1
397,Rebbena,Kumurambheem Asifabad,4327,TS-MDL-4327,4b30513a-7aac-5f05-9571-da1294da4a02,TS-MDL-4327-V1,2016-10-11,2022-09-26,ts_lgd_mandals_2016_v1,d777fad2-d60f-5f05-86d1-e94816eb600e,e0160000-0000-0000-0000-000000002016,A,EXACT_NAME_AND_LGD_MATCH,RESOLVED_1_TO_1
398,Tripuraram,Nalgonda,4662,TS-MDL-4662,5ca5583f-f14d-5fde-8c85-9f8baadd4431,TS-MDL-4662-V1,2016-10-11,2022-09-26,ts_lgd_mandals_2016_v1,d2b03636-e507-54de-a703-a9d389a6cd10,e0160000-0000-0000-0000-000000002016,A,EXACT_NAME_AND_LGD_MATCH,RESOLVED_1_TO_1
399,Turkapalle_M,Yadadri Bhuvanagiri,4614,TS-MDL-4614,a5b036f4-0bad-5193-8f66-688de91c5220,TS-MDL-4614-V1,2016-10-11,2022-09-26,ts_lgd_mandals_2016_v1,963cd858-f625-500d-8e69-f0cf8426b764,e0160000-0000-0000-0000-000000002016,A,STANDARDIZED_TRANSLITERATION_MAP,RESOLVED_1_TO_1
400,Narsingi,Medak,6272,TS-MDL-6272,c2dc546a-1fec-5142-95e3-74191c1c28d6,TS-MDL-6272-V1,2016-10-11,2022-09-26,ts_lgd_mandals_2016_v1,fecb5bff-9f25-591f-86e9-ca629e5c7127,e0160000-0000-0000-0000-000000002016,A,EXACT_NAME_AND_LGD_MATCH,RESOLVED_1_TO_1
401,Naspur,Mancherial,6226,TS-MDL-6226,1b20ac4c-1b33-509b-8c2d-bacbbdc215a9,TS-MDL-6226-V1,2016-10-11,2022-09-26,ts_lgd_mandals_2016_v1,6082436e-dc72-5913-a329-6dd9d8022a14,e0160000-0000-0000-0000-000000002016,A,EXACT_NAME_AND_LGD_MATCH,RESOLVED_1_TO_1
402,Sadashivnagar,Kamareddy,4381,TS-MDL-4381,335dde09-5f9c-5b2b-bbf8-eef94b589478,TS-MDL-4381-V1,2016-10-11,2022-09-26,ts_lgd_mandals_2016_v1,b8f32fa0-ea1e-55b0-8e5b-797b540a49e9,e0160000-0000-0000-0000-000000002016,A,STANDARDIZED_TRANSLITERATION_MAP,RESOLVED_1_TO_1
403,Velgatur,Jagtial,4398,TS-MDL-4398,47e4949a-f7b8-5480-afa8-59bf72a7d820,TS-MDL-4398-V1,2016-10-11,2022-09-26,ts_lgd_mandals_2016_v1,318bc85e-de1c-5a1c-994c-8b8056b748fc,e0160000-0000-0000-0000-000000002016,A,EXACT_NAME_AND_LGD_MATCH,RESOLVED_1_TO_1
404,Nasurullabad,Kamareddy,6244,TS-MDL-6244,793d28e3-f401-5c58-8371-ee0d0fd42469,TS-MDL-6244-V1,2016-10-11,2022-09-26,ts_lgd_mandals_2016_v1,b1b93b2b-6016-56a5-818f-240f451e20f5,e0160000-0000-0000-0000-000000002016,A,EXACT_NAME_AND_LGD_MATCH,RESOLVED_1_TO_1
405,Sangem,Warangal_Rural,4705,TS-MDL-4705,aeffe165-9f94-59b6-945e-06467506fbd5,TS-MDL-4705-V1,2016-10-11,2022-09-26,ts_lgd_mandals_2016_v1,fb852f72-67b0-5102-9b20-387d80e98271,e0160000-0000-0000-0000-000000002016,A,EXACT_NAME_AND_LGD_MATCH,RESOLVED_1_TO_1
406,Nennel,Mancherial,4331,TS-MDL-4331,27f6b67c-c5fb-52bd-89b0-feb47053317f,TS-MDL-4331-V1,2016-10-11,2022-09-26,ts_lgd_mandals_2016_v1,e8b6061e-a507-5436-b036-2be9eaee8b2e,e0160000-0000-0000-0000-000000002016,A,EXACT_NAME_AND_LGD_MATCH,RESOLVED_1_TO_1
407,Neradigonda,Adilabad,4325,TS-MDL-4325,6d9ebe2e-3613-5a53-b658-f59a3a0c018a,TS-MDL-4325-V1,2016-10-11,2022-09-26,ts_lgd_mandals_2016_v1,bb6f0320-88a9-5be9-a340-c45ad6826d3e,e0160000-0000-0000-0000-000000002016,A,EXACT_NAME_AND_LGD_MATCH,RESOLVED_1_TO_1
408,Secunderabad,Hyderabad,4498,TS-MDL-4498,cecbb700-fc42-5c4d-a44b-bcb80bc685c7,TS-MDL-4498-V1,2016-10-11,2022-09-26,ts_lgd_mandals_2016_v1,d25b1071-1aa8-5148-93d4-7915444a0cc1,e0160000-0000-0000-0000-000000002016,A,EXACT_NAME_AND_LGD_MATCH,RESOLVED_1_TO_1
409,Nereducherla,Suryapet,4665,TS-MDL-4665,22702567-fad1-551b-a076-ee0f079a12cd,TS-MDL-4665-V1,2016-10-11,2022-09-26,ts_lgd_mandals_2016_v1,acaec913-37e6-5543-bda1-9589a087756a,e0160000-0000-0000-0000-000000002016,A,EXACT_NAME_AND_LGD_MATCH,RESOLVED_1_TO_1
410,Shabad,Rangareddy,4542,TS-MDL-4542,8b696739-10b3-55ac-9ed0-c02bb8d33f05,TS-MDL-4542-V1,2016-10-11,2022-09-26,ts_lgd_mandals_2016_v1,4f4e3366-ffc1-535a-bd06-82ccde0becee,e0160000-0000-0000-0000-000000002016,A,EXACT_NAME_AND_LGD_MATCH,RESOLVED_1_TO_1
411,Neredugommu,Nalgonda,6308,TS-MDL-6308,c7b8d206-5c48-57d0-a117-b6265483ea5b,TS-MDL-6308-V1,2016-10-11,2022-09-26,ts_lgd_mandals_2016_v1,6203a1e6-7ebb-51ce-a271-925ab86ee21e,e0160000-0000-0000-0000-000000002016,A,EXACT_NAME_AND_LGD_MATCH,RESOLVED_1_TO_1
412,Shankarapatnam,Karimnagar,4441,TS-MDL-4441,50b2c6c4-0f62-5dfb-9375-3b08e448447b,TS-MDL-4441-V1,2016-10-11,2022-09-26,ts_lgd_mandals_2016_v1,5995d7b2-2cba-5527-8ea8-98fc25c7446f,e0160000-0000-0000-0000-000000002016,A,EXACT_NAME_AND_LGD_MATCH,RESOLVED_1_TO_1
413,Shankarpalle,Rangareddy,4515,TS-MDL-4515,4315b2fd-5fb6-5398-a808-a16e0c2c82a5,TS-MDL-4515-V1,2016-10-11,2022-09-26,ts_lgd_mandals_2016_v1,b07ce4a8-ee24-59b3-a5d8-5806e6e56613,e0160000-0000-0000-0000-000000002016,A,EXACT_NAME_AND_LGD_MATCH,RESOLVED_1_TO_1
414,Nirmal,Nirmal,4344,TS-MDL-4344,4145c510-d3ee-5550-bd45-e70dc7e8f0f0,TS-MDL-4344-V1,2016-10-11,2022-09-26,ts_lgd_mandals_2016_v1,b95ff79e-44db-57bc-ac8f-59488313313b,e0160000-0000-0000-0000-000000002016,A,STANDARDIZED_TRANSLITERATION_MAP,RESOLVED_1_TO_1
415,Nizamabad North,Nizamabad,4368,TS-MDL-4368,16bcc961-eafb-5ea4-9bbc-852b4751a363,TS-MDL-4368-V1,2016-10-11,2022-09-26,ts_lgd_mandals_2016_v1,d682ab38-253c-51d5-bccc-556324e87ead,e0160000-0000-0000-0000-000000002016,A,EXACT_NAME_AND_LGD_MATCH,RESOLVED_1_TO_1
416,Nizamabad South,Nizamabad,6385,TS-MDL-6385,8824d2f2-0f3d-567d-8234-6b5c0785ecb5,TS-MDL-6385-V1,2016-10-11,2022-09-26,ts_lgd_mandals_2016_v1,a256c7e5-d0fe-5084-aa04-c55a3e2a9691,e0160000-0000-0000-0000-000000002016,A,EXACT_NAME_AND_LGD_MATCH,RESOLVED_1_TO_1
417,Nizampet,Medak,6271,TS-MDL-6271,8e8455e5-6b84-53bf-880a-6a6a83b4d31f,TS-MDL-6271-V1,2016-10-11,2022-09-26,ts_lgd_mandals_2016_v1,c0ce9a73-da6b-59a8-b05b-74e32396e9aa,e0160000-0000-0000-0000-000000002016,A,EXACT_NAME_AND_LGD_MATCH,RESOLVED_1_TO_1
418,Noothankal,Suryapet,4621,TS-MDL-4621,2dc17dcc-7e5c-5ecc-9f78-e93ebd20de34,TS-MDL-4621-V1,2016-10-11,2022-09-26,ts_lgd_mandals_2016_v1,33ffce47-108d-54e8-b3ba-65aac0102e75,e0160000-0000-0000-0000-000000002016,A,STANDARDIZED_TRANSLITERATION_MAP,RESOLVED_1_TO_1
419,Odela,Peddapalli,4426,TS-MDL-4426,ff114f52-7cc3-59a8-883f-e9d03a47b097,TS-MDL-4426-V1,2016-10-11,2022-09-26,ts_lgd_mandals_2016_v1,a55a1ed9-bf4c-5bcd-952a-a353a4c3ea06,e0160000-0000-0000-0000-000000002016,A,EXACT_NAME_AND_LGD_MATCH,RESOLVED_1_TO_1
420,Padara,Nagarkurnool,6294,TS-MDL-6294,5c1987f7-f467-52dd-a5e2-0883a0169406,TS-MDL-6294-V1,2016-10-11,2022-09-26,ts_lgd_mandals_2016_v1,f1c76c94-7491-5719-93fa-e64cc692de3b,e0160000-0000-0000-0000-000000002016,A,EXACT_NAME_AND_LGD_MATCH,RESOLVED_1_TO_1
421,Palakeedu,Suryapet,6301,TS-MDL-6301,1d7d23fe-22dd-59b3-b409-b48212d06383,TS-MDL-6301-V1,2016-10-11,2022-09-26,ts_lgd_mandals_2016_v1,4ec55642-0903-502f-843d-c5c04b33c8a4,e0160000-0000-0000-0000-000000002016,A,EXACT_NAME_AND_LGD_MATCH,RESOLVED_1_TO_1
422,Anthergaon,Peddapalli,6214,TS-MDL-6214,126d96cc-4171-52f5-b5ec-e7b77a33d47b,TS-MDL-6214-V1,2016-10-11,2022-09-26,ts_lgd_mandals_2016_v1,97f4679c-b3a8-5db2-a5e4-72997a99254e,e0160000-0000-0000-0000-000000002016,A,EXACT_NAME_AND_LGD_MATCH,RESOLVED_1_TO_1
423,Palakurthy,Jangoan,4697,TS-MDL-4697,93acf8b3-4832-59f0-a05f-4849dba2238b,TS-MDL-4697-V1,2016-10-11,2022-09-26,ts_lgd_mandals_2016_v1,600b1c5e-72ba-58b9-89f0-443d154361b3,e0160000-0000-0000-0000-000000002016,A,EXACT_NAME_AND_LGD_MATCH,RESOLVED_1_TO_1
424,Palakurthy,Peddapalli,6215,TS-MDL-6215,15046822-4b73-5d18-997e-1fa4bb2d98a9,TS-MDL-6215-V1,2016-10-11,2022-09-26,ts_lgd_mandals_2016_v1,26a6d304-0fc7-52db-8c7b-f983a43d4350,e0160000-0000-0000-0000-000000002016,A,EXACT_NAME_AND_LGD_MATCH,RESOLVED_1_TO_1
425,Palmela,Jayashankar Bhupalpally,6250,TS-MDL-6250,c77e3212-c213-5f9a-95af-be584f325ec5,TS-MDL-6250-V1,2016-10-11,2022-09-26,ts_lgd_mandals_2016_v1,f9858dc7-738b-511d-af68-ceeb2ddbae98,e0160000-0000-0000-0000-000000002016,A,STANDARDIZED_TRANSLITERATION_MAP,RESOLVED_1_TO_1
426,Srirampur,Peddapalli,4407,TS-MDL-4407,59eb61a4-a766-5003-b374-d9288614de62,TS-MDL-4407-V1,2016-10-11,2022-09-26,ts_lgd_mandals_2016_v1,9f49a561-4e53-5645-9e9a-f1c82126d864,e0160000-0000-0000-0000-000000002016,A,EXACT_NAME_AND_LGD_MATCH,RESOLVED_1_TO_1
427,Srirangapur,Wanaparthy,6288,TS-MDL-6288,aae280e4-edb9-5393-8ebd-e6021a69b145,TS-MDL-6288-V1,2016-10-11,2022-09-26,ts_lgd_mandals_2016_v1,5897a15e-a369-5dd2-8bdf-591a7b79bb57,e0160000-0000-0000-0000-000000002016,A,EXACT_NAME_AND_LGD_MATCH,RESOLVED_1_TO_1
428,Palvancha,Bhadradri Kothagudem,4737,TS-MDL-4737,5b713956-ab4c-5cf4-bd9b-e09d3d9f4536,TS-MDL-4737-V1,2016-10-11,2022-09-26,ts_lgd_mandals_2016_v1,c8075a1e-ae02-5c64-80f6-605e4cfff166,e0160000-0000-0000-0000-000000002016,A,STANDARDIZED_TRANSLITERATION_MAP,RESOLVED_1_TO_1
429,Sultanabad,Peddapalli,4425,TS-MDL-4425,868f5623-c1fd-5fb7-ba52-6670e5e19409,TS-MDL-4425-V1,2016-10-11,2022-09-26,ts_lgd_mandals_2016_v1,473a380b-409f-5e11-a34f-fc376d4982ee,e0160000-0000-0000-0000-000000002016,A,STANDARDIZED_TRANSLITERATION_MAP,RESOLVED_1_TO_1
430,Papannapet,Medak,4455,TS-MDL-4455,71bb96df-7d6f-5737-bebd-313a06337164,TS-MDL-4455-V1,2016-10-11,2022-09-26,ts_lgd_mandals_2016_v1,84e3789d-950e-5548-a815-59fea623f9d7,e0160000-0000-0000-0000-000000002016,A,EXACT_NAME_AND_LGD_MATCH,RESOLVED_1_TO_1
431,Tadoor,Nagarkurnool,4582,TS-MDL-4582,09fc17c9-26e7-5f24-82cb-79580a325a71,TS-MDL-4582-V1,2016-10-11,2022-09-26,ts_lgd_mandals_2016_v1,80827db2-af73-5dde-837b-6a4ff5838004,e0160000-0000-0000-0000-000000002016,A,EXACT_NAME_AND_LGD_MATCH,RESOLVED_1_TO_1
432,Pedda Kodapgal,Kamareddy,6245,TS-MDL-6245,00a80f1b-c393-598d-b55a-a23388f0155b,TS-MDL-6245-V1,2016-10-11,2022-09-26,ts_lgd_mandals_2016_v1,60e261b2-9cfe-5ede-ad24-b3dec977e345,e0160000-0000-0000-0000-000000002016,A,EXACT_NAME_AND_LGD_MATCH,RESOLVED_1_TO_1
433,Talakondapally,Rangareddy,4562,TS-MDL-4562,13552b26-2faf-52b5-9a36-820c30f0cba3,TS-MDL-4562-V1,2016-10-11,2022-09-26,ts_lgd_mandals_2016_v1,59174f5f-afa7-5935-ae76-c1a61b5f7242,e0160000-0000-0000-0000-000000002016,A,STANDARDIZED_TRANSLITERATION_MAP,RESOLVED_1_TO_1
434,Yedapally,Nizamabad,4369,TS-MDL-4369,147b4cf4-090d-5908-9eda-c1c66a675c51,TS-MDL-4369-V1,2016-10-11,2022-09-26,ts_lgd_mandals_2016_v1,3999f67a-a77c-5d89-a156-7c94bc87d1f5,e0160000-0000-0000-0000-000000002016,A,EXACT_NAME_AND_LGD_MATCH,RESOLVED_1_TO_1
435,Peddavangara,Mahabubabad,6256,TS-MDL-6256,8b3a7e5a-a561-57be-bf56-f2604db06e09,TS-MDL-6256-V1,2016-10-11,2022-09-26,ts_lgd_mandals_2016_v1,75bd5796-0af2-5579-b615-18772e4e4f72,e0160000-0000-0000-0000-000000002016,A,EXACT_NAME_AND_LGD_MATCH,RESOLVED_1_TO_1
436,Peddavoora,Nalgonda,4659,TS-MDL-4659,d32db6cd-b608-5f9b-8926-faf3bd5e7716,TS-MDL-4659-V1,2016-10-11,2022-09-26,ts_lgd_mandals_2016_v1,a4cb6036-9349-55d6-9aa1-d391f09f6268,e0160000-0000-0000-0000-000000002016,A,EXACT_NAME_AND_LGD_MATCH,RESOLVED_1_TO_1
437,Peddemul,Vikarabad,4533,TS-MDL-4533,ed160e44-2772-5645-a2b5-7e8239d933a8,TS-MDL-4533-V1,2016-10-11,2022-09-26,ts_lgd_mandals_2016_v1,3ffb426b-b76c-57bc-8d1a-3c6071499eef,e0160000-0000-0000-0000-000000002016,A,EXACT_NAME_AND_LGD_MATCH,RESOLVED_1_TO_1
438,Pembi,Nirmal,6206,TS-MDL-6206,f5ba2b59-8267-5600-953f-94e6743e950b,TS-MDL-6206-V1,2016-10-11,2022-09-26,ts_lgd_mandals_2016_v1,7301d518-1d26-5d08-9789-5bc71b39d64c,e0160000-0000-0000-0000-000000002016,A,EXACT_NAME_AND_LGD_MATCH,RESOLVED_1_TO_1
439,Telkapalle,Nagarkurnool,4581,TS-MDL-4581,cccf8761-a70c-5129-917d-00cc847a37f9,TS-MDL-4581-V1,2016-10-11,2022-09-26,ts_lgd_mandals_2016_v1,4e7ecd4b-30e6-53a5-bdd6-f882a19a4435,e0160000-0000-0000-0000-000000002016,A,STANDARDIZED_TRANSLITERATION_MAP,RESOLVED_1_TO_1
440,Thallada,Khammam,4762,TS-MDL-4762,f821ce83-ff75-5947-8a8a-01fc9b7d2c54,TS-MDL-4762-V1,2016-10-11,2022-09-26,ts_lgd_mandals_2016_v1,fd19fdaf-a844-50d1-9212-01e4e4c3f2a6,e0160000-0000-0000-0000-000000002016,A,EXACT_NAME_AND_LGD_MATCH,RESOLVED_1_TO_1
441,Tirumalgiri,Hyderabad,4499,TS-MDL-4499,9a029990-9bb4-5057-88c1-03046c27b7f3,TS-MDL-4499-V1,2016-10-11,2022-09-26,ts_lgd_mandals_2016_v1,693efdd8-a686-51b6-a755-1ef06beba2e2,e0160000-0000-0000-0000-000000002016,A,EXACT_NAME_AND_LGD_MATCH,RESOLVED_1_TO_1
442,Penchikalpet,Kumurambheem Asifabad,6313,TS-MDL-6313,af43f6ec-86be-50dd-a3f2-b9fd0e8d98d9,TS-MDL-6313-V1,2016-10-11,2022-09-26,ts_lgd_mandals_2016_v1,8946172b-9463-53be-9dc0-69de6b76b5c5,e0160000-0000-0000-0000-000000002016,A,STANDARDIZED_TRANSLITERATION_MAP,RESOLVED_1_TO_1
443,Penpahad,Suryapet,4643,TS-MDL-4643,4e37ecb7-6bd7-5989-a371-c57f4ae9534a,TS-MDL-4643-V1,2016-10-11,2022-09-26,ts_lgd_mandals_2016_v1,aeadb919-b01f-5078-aad9-5270ac47b0f1,e0160000-0000-0000-0000-000000002016,A,EXACT_NAME_AND_LGD_MATCH,RESOLVED_1_TO_1
444,Thimmajipeta,Nagarkurnool,4575,TS-MDL-4575,59faebee-a72b-51b1-aa71-46ee250e7b98,TS-MDL-4575-V1,2016-10-11,2022-09-26,ts_lgd_mandals_2016_v1,ad701423-3423-5ac5-ab3b-169af4761ca2,e0160000-0000-0000-0000-000000002016,A,STANDARDIZED_TRANSLITERATION_MAP,RESOLVED_1_TO_1
445,Penuballi,Khammam,4752,TS-MDL-4752,c053ce09-e59d-5e7b-9b2f-49ba36a4b23b,TS-MDL-4752-V1,2016-10-11,2022-09-26,ts_lgd_mandals_2016_v1,b4e86033-56e7-5a18-9f0b-feaa0977ed31,e0160000-0000-0000-0000-000000002016,A,EXACT_NAME_AND_LGD_MATCH,RESOLVED_1_TO_1
446,Pinapaka,Bhadradri Kothagudem,4725,TS-MDL-4725,30dc22b7-c58a-5ec9-9ad7-2e795335d4e4,TS-MDL-4725-V1,2016-10-11,2022-09-26,ts_lgd_mandals_2016_v1,53e5917b-f380-58c2-92b4-d77d3d26aa84,e0160000-0000-0000-0000-000000002016,A,EXACT_NAME_AND_LGD_MATCH,RESOLVED_1_TO_1
447,Quthbullapur,Medchal_Malkajgiri,4518,TS-MDL-4518,86d79305-c93c-5518-8ec0-47595dfb59bd,TS-MDL-4518-V1,2016-10-11,2022-09-26,ts_lgd_mandals_2016_v1,ca80e4e6-4565-52ce-9f60-9015af7b1695,e0160000-0000-0000-0000-000000002016,A,STANDARDIZED_TRANSLITERATION_MAP,RESOLVED_1_TO_1
448,Raghunadhapalem,Khammam,4757,TS-MDL-4757,b8ae2918-d5e6-5b10-8a30-32fa4c535304,TS-MDL-4757-V1,2016-10-11,2022-09-26,ts_lgd_mandals_2016_v1,69f4a39b-f4d0-5407-add6-0a569e3a1942,e0160000-0000-0000-0000-000000002016,A,EXACT_NAME_AND_LGD_MATCH,RESOLVED_1_TO_1
449,Ragunathpally,Jangoan,4698,TS-MDL-4698,37d40375-ecf2-577c-b27c-d57f4299cb17,TS-MDL-4698-V1,2016-10-11,2022-09-26,ts_lgd_mandals_2016_v1,1f6e2588-e867-5ab7-aacc-abfc496b4391,e0160000-0000-0000-0000-000000002016,A,EXACT_NAME_AND_LGD_MATCH,RESOLVED_1_TO_1
450,Raikal,Jagtial,4395,TS-MDL-4395,ca392990-0277-5605-9ecc-f50f48de7ee3,TS-MDL-4395-V1,2016-10-11,2022-09-26,ts_lgd_mandals_2016_v1,432155e1-defa-523b-aef5-4d587892b74d,e0160000-0000-0000-0000-000000002016,A,EXACT_NAME_AND_LGD_MATCH,RESOLVED_1_TO_1
451,Raikode,Sangareddy,4472,TS-MDL-4472,176c6b0c-013f-5c6c-82f0-526e26ba8884,TS-MDL-4472-V1,2016-10-11,2022-09-26,ts_lgd_mandals_2016_v1,29217b00-9187-5b2d-9d0f-10bdb03db80f,e0160000-0000-0000-0000-000000002016,A,EXACT_NAME_AND_LGD_MATCH,RESOLVED_1_TO_1
452,Uppal,Medchal_Malkajgiri,4524,TS-MDL-4524,3d69c6ba-ecde-58c3-9761-b5816e27f50b,TS-MDL-4524-V1,2016-10-11,2022-09-26,ts_lgd_mandals_2016_v1,d223b5f8-2cc2-51a4-b860-8829ae4d8d19,e0160000-0000-0000-0000-000000002016,A,EXACT_NAME_AND_LGD_MATCH,RESOLVED_1_TO_1
453,Uppunuthala,Nagarkurnool,4580,TS-MDL-4580,51faa8b4-4fd0-5399-9265-e090085e83d0,TS-MDL-4580-V1,2016-10-11,2022-09-26,ts_lgd_mandals_2016_v1,532755e1-afe2-5217-8821-d3a7c79d01dc,e0160000-0000-0000-0000-000000002016,A,STANDARDIZED_TRANSLITERATION_MAP,RESOLVED_1_TO_1
454,Urkonda,Nagarkurnool,6295,TS-MDL-6295,53b852fe-7d3c-5df2-9748-8d7d5705c496,TS-MDL-6295-V1,2016-10-11,2022-09-26,ts_lgd_mandals_2016_v1,83e827bf-c9ac-5826-b893-794427955a26,e0160000-0000-0000-0000-000000002016,A,EXACT_NAME_AND_LGD_MATCH,RESOLVED_1_TO_1
455,V_Saidapur,Karimnagar,4445,TS-MDL-4445,64d3add1-aa6a-5b1d-8b55-8cf17799b6f3,TS-MDL-4445-V1,2016-10-11,2022-09-26,ts_lgd_mandals_2016_v1,f372c239-0272-5a76-b32f-d3a3ebde4787,e0160000-0000-0000-0000-000000002016,A,STANDARDIZED_TRANSLITERATION_MAP,RESOLVED_1_TO_1
456,Vailpur,Nizamabad,4365,TS-MDL-4365,d3dd2c56-0264-55f8-8421-91bb8239e3cb,TS-MDL-4365-V1,2016-10-11,2022-09-26,ts_lgd_mandals_2016_v1,627b9f77-07dd-587d-933d-9f60031d607d,e0160000-0000-0000-0000-000000002016,A,STANDARDIZED_TRANSLITERATION_MAP,RESOLVED_1_TO_1
457,Valigonda,Yadadri Bhuvanagiri,4627,TS-MDL-4627,f31f846e-14aa-5911-945a-f294070c90aa,TS-MDL-4627-V1,2016-10-11,2022-09-26,ts_lgd_mandals_2016_v1,989cc50f-ea9e-5f5e-98f2-1b4b3af95dec,e0160000-0000-0000-0000-000000002016,A,EXACT_NAME_AND_LGD_MATCH,RESOLVED_1_TO_1
458,Vangoor,Nagarkurnool,4577,TS-MDL-4577,2ceb6c88-f8a9-548c-af07-f88723655b33,TS-MDL-4577-V1,2016-10-11,2022-09-26,ts_lgd_mandals_2016_v1,d7f1707c-7cac-5f12-a3b3-5648276759c0,e0160000-0000-0000-0000-000000002016,A,EXACT_NAME_AND_LGD_MATCH,RESOLVED_1_TO_1
459,Raipole,Siddipet,6283,TS-MDL-6283,f3517d32-bd56-5f1e-88f9-a009afafee35,TS-MDL-6283-V1,2016-10-11,2022-09-26,ts_lgd_mandals_2016_v1,722da584-4bfd-5295-8ac8-be00ab5d8bbf,e0160000-0000-0000-0000-000000002016,A,EXACT_NAME_AND_LGD_MATCH,RESOLVED_1_TO_1
460,Rajampet,Kamareddy,6241,TS-MDL-6241,f20da461-a9df-56cb-b669-55f16321a726,TS-MDL-6241-V1,2016-10-11,2022-09-26,ts_lgd_mandals_2016_v1,05a10bbd-cfb3-545d-baa5-dd1bbcea7a06,e0160000-0000-0000-0000-000000002016,A,EXACT_NAME_AND_LGD_MATCH,RESOLVED_1_TO_1
461,Rajapeta,Yadadri Bhuvanagiri,4615,TS-MDL-4615,cb5cbc29-1d08-5ed2-a0b5-49cb4865cd39,TS-MDL-4615-V1,2016-10-11,2022-09-26,ts_lgd_mandals_2016_v1,d94c9c0a-1a85-53d2-9428-d12c110cbc09,e0160000-0000-0000-0000-000000002016,A,EXACT_NAME_AND_LGD_MATCH,RESOLVED_1_TO_1
462,Utnur,Adilabad,4321,TS-MDL-4321,129c36b5-1faf-5864-940b-dd10ce3fbaec,TS-MDL-4321-V1,2016-10-11,2022-09-26,ts_lgd_mandals_2016_v1,e6d4ee8b-dc66-586c-9ae3-4c0e11718d83,e0160000-0000-0000-0000-000000002016,A,STANDARDIZED_TRANSLITERATION_MAP,RESOLVED_1_TO_1
463,Vemulapally,Nalgonda,4644,TS-MDL-4644,54ef0ead-464d-5e7a-b693-f691d6ce505d,TS-MDL-4644-V1,2016-10-11,2022-09-26,ts_lgd_mandals_2016_v1,bdc0c48c-a82d-5526-9f7c-d35801c44250,e0160000-0000-0000-0000-000000002016,A,EXACT_NAME_AND_LGD_MATCH,RESOLVED_1_TO_1
464,Vemulawada,Rajanna Sircilla,4430,TS-MDL-4430,ae6b0dc8-0c8f-5e01-b8c3-25060d8a570b,TS-MDL-4430-V1,2016-10-11,2022-09-26,ts_lgd_mandals_2016_v1,19e00466-30a5-5d40-9e11-ee21aae96af9,e0160000-0000-0000-0000-000000002016,A,EXACT_NAME_AND_LGD_MATCH,RESOLVED_1_TO_1
465,Vemulawada Rural,Rajanna Sircilla,6218,TS-MDL-6218,d7588892-666a-5065-9f20-a229f311c6f7,TS-MDL-6218-V1,2016-10-11,2022-09-26,ts_lgd_mandals_2016_v1,da0500f5-6bba-51c6-92f7-75038febfaec,e0160000-0000-0000-0000-000000002016,A,EXACT_NAME_AND_LGD_MATCH,RESOLVED_1_TO_1
466,Rajapur,Mahabubnagar,6261,TS-MDL-6261,199813b6-bd04-5495-a8cf-a78d52056096,TS-MDL-6261-V1,2016-10-11,2022-09-26,ts_lgd_mandals_2016_v1,2792957b-b982-5ecc-b56d-b9c07b88658c,e0160000-0000-0000-0000-000000002016,A,EXACT_NAME_AND_LGD_MATCH,RESOLVED_1_TO_1
467,Gundala,Bhadradri Kothagudem,4741,TS-MDL-4741,b65e582c-631a-5090-abee-bc2df4dd2595,TS-MDL-4741-V1,2016-10-11,2022-09-26,ts_lgd_mandals_2016_v1,4a43639b-af0d-5da0-913b-11ce1440761e,e0160000-0000-0000-0000-000000002016,A,EXACT_NAME_AND_LGD_MATCH,RESOLVED_1_TO_1
468,Husnabad,Siddipet,4444,TS-MDL-4444,15270634-fa7c-5434-a157-bc090fc51d7e,TS-MDL-4444-V1,2016-10-11,2022-09-26,ts_lgd_mandals_2016_v1,63b49f73-828b-50fa-b45f-d4d59a1a8149,e0160000-0000-0000-0000-000000002016,A,EXACT_NAME_AND_LGD_MATCH,RESOLVED_1_TO_1
469,Huzur nagar,Suryapet,4669,TS-MDL-4669,c3cfa942-266c-5f49-ba88-d6375cd665d5,TS-MDL-4669-V1,2016-10-11,2022-09-26,ts_lgd_mandals_2016_v1,e95c91aa-c992-5177-872f-f223529c9e13,e0160000-0000-0000-0000-000000002016,A,STANDARDIZED_TRANSLITERATION_MAP,RESOLVED_1_TO_1
470,Huzurabad,Karimnagar,4446,TS-MDL-4446,915ede85-c576-5018-bda6-990ab9c1a33f,TS-MDL-4446-V1,2016-10-11,2022-09-26,ts_lgd_mandals_2016_v1,76cb970e-4f6f-5488-8488-5fee05cce123,e0160000-0000-0000-0000-000000002016,A,EXACT_NAME_AND_LGD_MATCH,RESOLVED_1_TO_1
471,Rajendranagar,Rangareddy,4527,TS-MDL-4527,f29c167b-6eea-5935-ad20-6f81e2f4c15f,TS-MDL-4527-V1,2016-10-11,2022-09-26,ts_lgd_mandals_2016_v1,8999b7c1-f688-5865-9bd2-6360766852ea,e0160000-0000-0000-0000-000000002016,A,EXACT_NAME_AND_LGD_MATCH,RESOLVED_1_TO_1
472,Wanaparthy,Wanaparthy,4595,TS-MDL-4595,5bb89bb6-939f-5323-b17e-b0014f4f4dd6,TS-MDL-4595-V1,2016-10-11,2022-09-26,ts_lgd_mandals_2016_v1,eaec4e20-de37-57bf-b959-069440eddb9b,e0160000-0000-0000-0000-000000002016,A,EXACT_NAME_AND_LGD_MATCH,RESOLVED_1_TO_1
473,Rajoli,Jogulamba Gadwal,6296,TS-MDL-6296,7aaa2174-6d33-5d5c-bc6e-52c5ffbe6a26,TS-MDL-6296-V1,2016-10-11,2022-09-26,ts_lgd_mandals_2016_v1,4f3b10a2-cf4f-5c31-83cd-830d4f82d6ce,e0160000-0000-0000-0000-000000002016,A,EXACT_NAME_AND_LGD_MATCH,RESOLVED_1_TO_1
474,Ramachandrapuram,Sangareddy,4495,TS-MDL-4495,2a0a7d30-6b3f-5673-8059-9b41f337dc52,TS-MDL-4495-V1,2016-10-11,2022-09-26,ts_lgd_mandals_2016_v1,2fc6b2b7-9935-55a9-9918-2c275d85131e,e0160000-0000-0000-0000-000000002016,A,STANDARDIZED_TRANSLITERATION_MAP,RESOLVED_1_TO_1
475,Wardhannapet,Warangal_Rural,4704,TS-MDL-4704,3afaca68-58e1-5535-ba4b-dd3696858043,TS-MDL-4704-V1,2016-10-11,2022-09-26,ts_lgd_mandals_2016_v1,5e2f229f-77bd-5956-8803-13336cd95afa,e0160000-0000-0000-0000-000000002016,A,EXACT_NAME_AND_LGD_MATCH,RESOLVED_1_TO_1
476,Ramagundam,Peddapalli,4399,TS-MDL-4399,429c2184-0ebb-56b3-9a16-a400b7317c9a,TS-MDL-4399-V1,2016-10-11,2022-09-26,ts_lgd_mandals_2016_v1,8cdf3b10-b2c8-5249-9ede-1b83e3808569,e0160000-0000-0000-0000-000000002016,A,EXACT_NAME_AND_LGD_MATCH,RESOLVED_1_TO_1
477,Weepangandla,Wanaparthy,4608,TS-MDL-4608,4962a261-247a-5266-aaca-fd22949b07f1,TS-MDL-4608-V1,2016-10-11,2022-09-26,ts_lgd_mandals_2016_v1,91cbf222-47b1-5de4-802a-a2c88cbb34c2,e0160000-0000-0000-0000-000000002016,A,EXACT_NAME_AND_LGD_MATCH,RESOLVED_1_TO_1
478,Ramareddy,Kamareddy,6243,TS-MDL-6243,8ee60e12-34de-5fee-8667-4198ee475e70,TS-MDL-6243-V1,2016-10-11,2022-09-26,ts_lgd_mandals_2016_v1,cc79ae9d-a90d-59ab-95d8-fd00b10fc8e0,e0160000-0000-0000-0000-000000002016,A,EXACT_NAME_AND_LGD_MATCH,RESOLVED_1_TO_1
479,Ramayampet,Medak,4457,TS-MDL-4457,bced89fc-3e2a-5481-9370-62d1193bc96c,TS-MDL-4457-V1,2016-10-11,2022-09-26,ts_lgd_mandals_2016_v1,a7ba6c0d-b245-5fe6-b41a-f4a64fae4e50,e0160000-0000-0000-0000-000000002016,A,EXACT_NAME_AND_LGD_MATCH,RESOLVED_1_TO_1
480,Yelal,Vikarabad,4536,TS-MDL-4536,0e86f579-a200-5b1c-bf9a-9eddba3bbd8b,TS-MDL-4536-V1,2016-10-11,2022-09-26,ts_lgd_mandals_2016_v1,b35cee4a-b874-5bdc-986d-30584a09ea58,e0160000-0000-0000-0000-000000002016,A,EXACT_NAME_AND_LGD_MATCH,RESOLVED_1_TO_1
481,Regode,Medak,4471,TS-MDL-4471,7834b260-73b7-58ab-b50a-07f93c83dce6,TS-MDL-4471-V1,2016-10-11,2022-09-26,ts_lgd_mandals_2016_v1,13b0a603-514b-53b9-a93c-4a06b8b125f1,e0160000-0000-0000-0000-000000002016,A,EXACT_NAME_AND_LGD_MATCH,RESOLVED_1_TO_1
482,Yellareddy,Kamareddy,4386,TS-MDL-4386,204445a6-4680-58ca-94bf-ac564c2ac722,TS-MDL-4386-V1,2016-10-11,2022-09-26,ts_lgd_mandals_2016_v1,223fd961-d41b-53dd-bb5c-ae641d5c2e6d,e0160000-0000-0000-0000-000000002016,A,EXACT_NAME_AND_LGD_MATCH,RESOLVED_1_TO_1
483,Rudrangi,Rajanna Sircilla,6219,TS-MDL-6219,26fc5467-05c2-527e-ade0-f631e9ba0c38,TS-MDL-6219-V1,2016-10-11,2022-09-26,ts_lgd_mandals_2016_v1,5b704db1-fda3-59b8-93f9-3a32bc520374,e0160000-0000-0000-0000-000000002016,A,EXACT_NAME_AND_LGD_MATCH,RESOLVED_1_TO_1
484,Wazeed,Mulugu,4723,TS-MDL-4723,3da93c0d-03ba-5c2d-b3b5-8a6d36fbc8da,TS-MDL-4723-V1,2016-10-11,2022-09-26,ts_lgd_mandals_2016_v1,8621fa5d-22a2-5362-b144-daaae1847913,e0160000-0000-0000-0000-000000002016,A,STANDARDIZED_TRANSLITERATION_MAP,RESOLVED_1_TO_1
485,Rudrur,Nizamabad,6240,TS-MDL-6240,27961701-bd9a-5450-a26d-9956f6ca5b77,TS-MDL-6240-V1,2016-10-11,2022-09-26,ts_lgd_mandals_2016_v1,97c7ef3f-4a47-5278-b954-207f64380dfb,e0160000-0000-0000-0000-000000002016,A,EXACT_NAME_AND_LGD_MATCH,RESOLVED_1_TO_1
486,Nagar_Kurnool,Nagarkurnool,4583,TS-MDL-4583,905a1e80-8bae-5e4a-8768-ebb194ca241e,TS-MDL-4583-V1,2016-10-11,2022-09-26,ts_lgd_mandals_2016_v1,64137e37-930a-592e-a438-0d83a36de0d9,e0160000-0000-0000-0000-000000002016,A,STANDARDIZED_TRANSLITERATION_MAP,RESOLVED_1_TO_1
487,Sangareddy,Sangareddy,4492,TS-MDL-4492,42826b1c-196f-5151-88da-e47a4ff060c3,TS-MDL-4492-V1,2016-10-11,2022-09-26,ts_lgd_mandals_2016_v1,837fdee9-650e-5b95-8a72-929cd5c5fd46,e0160000-0000-0000-0000-000000002016,A,EXACT_NAME_AND_LGD_MATCH,RESOLVED_1_TO_1
488,Utkoor,Narayanpet,4571,TS-MDL-4571,1ea1a6fa-3586-52de-9d98-ef6db46dfe87,TS-MDL-4571-V1,2016-10-11,2022-09-26,ts_lgd_mandals_2016_v1,98ebc9d9-18c1-5754-8e14-8f91089f1828,e0160000-0000-0000-0000-000000002016,A,EXACT_NAME_AND_LGD_MATCH,RESOLVED_1_TO_1
489,Sarangapur,Jagtial,4396,TS-MDL-4396,df28efd4-be45-50b4-bdd9-59f4a890c426,TS-MDL-4396-V1,2016-10-11,2022-09-26,ts_lgd_mandals_2016_v1,8ab8cb9a-fe3b-5e41-ada3-1d637422a2b6,e0160000-0000-0000-0000-000000002016,A,EXACT_NAME_AND_LGD_MATCH,RESOLVED_1_TO_1
490,Sarangapur,Nirmal,4336,TS-MDL-4336,2946e4fa-4137-5b3e-a877-08bb0012a8a8,TS-MDL-4336-V1,2016-10-11,2022-09-26,ts_lgd_mandals_2016_v1,4e931b71-2535-5c9c-a804-dd41c2449a74,e0160000-0000-0000-0000-000000002016,A,EXACT_NAME_AND_LGD_MATCH,RESOLVED_1_TO_1
491,Sathupally,Khammam,4751,TS-MDL-4751,8f4b3b99-c1cb-50a0-beef-dc7b0c50a3c3,TS-MDL-4751-V1,2016-10-11,2022-09-26,ts_lgd_mandals_2016_v1,9d8e9f02-5f59-5224-ba01-6bd098f3d7a4,e0160000-0000-0000-0000-000000002016,A,STANDARDIZED_TRANSLITERATION_MAP,RESOLVED_1_TO_1
492,Serilingampalle,Rangareddy,4516,TS-MDL-4516,44d6f0c0-2417-51e4-8936-93df68b66134,TS-MDL-4516-V1,2016-10-11,2022-09-26,ts_lgd_mandals_2016_v1,0dbaff99-d54f-5d48-a047-f008eebbdb06,e0160000-0000-0000-0000-000000002016,A,STANDARDIZED_TRANSLITERATION_MAP,RESOLVED_1_TO_1
493,Shaikpet,Hyderabad,4496,TS-MDL-4496,f8f8fd71-7806-5bec-82cb-74c2fa24f54c,TS-MDL-4496-V1,2016-10-11,2022-09-26,ts_lgd_mandals_2016_v1,ae3b7d4c-0130-5e9c-816d-90579def1502,e0160000-0000-0000-0000-000000002016,A,EXACT_NAME_AND_LGD_MATCH,RESOLVED_1_TO_1
494,Shaligouraram,Nalgonda,4624,TS-MDL-4624,88baa2ea-ca4c-58b6-ad5e-a266fc4645c7,TS-MDL-4624-V1,2016-10-11,2022-09-26,ts_lgd_mandals_2016_v1,fc3f81a9-d8d9-5b46-9217-f2e871c36657,e0160000-0000-0000-0000-000000002016,A,EXACT_NAME_AND_LGD_MATCH,RESOLVED_1_TO_1
495,Shamirpet,Medchal_Malkajgiri,4520,TS-MDL-4520,af3ab5c4-3ec3-5213-847f-77082a3931e5,TS-MDL-4520-V1,2016-10-11,2022-09-26,ts_lgd_mandals_2016_v1,809be1ca-4a65-582d-b95f-fff6f4c7ba67,e0160000-0000-0000-0000-000000002016,A,EXACT_NAME_AND_LGD_MATCH,RESOLVED_1_TO_1
496,Shamshabad,Rangareddy,4543,TS-MDL-4543,0263168c-01c4-586e-93a6-3d2ad305b57d,TS-MDL-4543-V1,2016-10-11,2022-09-26,ts_lgd_mandals_2016_v1,96da7532-024e-56c6-a210-aba04a39ff85,e0160000-0000-0000-0000-000000002016,A,EXACT_NAME_AND_LGD_MATCH,RESOLVED_1_TO_1
497,Varni,Nizamabad,4376,TS-MDL-4376,7cf5e9af-7de8-5127-b428-f06a9e22453c,TS-MDL-4376-V1,2016-10-11,2022-09-26,ts_lgd_mandals_2016_v1,29598d26-2433-57df-ba6d-cd19caee5afe,e0160000-0000-0000-0000-000000002016,A,EXACT_NAME_AND_LGD_MATCH,RESOLVED_1_TO_1
498,Shankarampet_A,Medak,4454,TS-MDL-4454,1193ce10-dceb-55fa-a1eb-5d73cc143e4f,TS-MDL-4454-V1,2016-10-11,2022-09-26,ts_lgd_mandals_2016_v1,45f80b40-ea6e-50c7-a916-66e6b0fd412a,e0160000-0000-0000-0000-000000002016,A,STANDARDIZED_TRANSLITERATION_MAP,RESOLVED_1_TO_1
499,Chegunta,Medak,4466,TS-MDL-4466,7b61f687-9f48-5b6f-8e79-c9f55ef3b890,TS-MDL-4466-V1,2016-10-11,2020-09-24,ts_lgd_mandals_2016_v1,ee33c845-f638-5273-8d4c-714d22b76475,e0160000-0000-0000-0000-000000002016,B,EXACT_NAME_AND_LGD_MATCH,RESOLVED_1_TO_1
500,Siddipet_Rural,Siddipet,6281,TS-MDL-6281,11639302-4a00-5d15-812f-6118e38d3240,TS-MDL-6281-V1,2016-10-11,2022-09-26,ts_lgd_mandals_2016_v1,f15f19e2-16b4-5b6d-834a-dc60394abb52,e0160000-0000-0000-0000-000000002016,A,STANDARDIZED_TRANSLITERATION_MAP,RESOLVED_1_TO_1
501,Pitlam,Kamareddy,4384,TS-MDL-4384,bbff9d2f-e2ff-5e7c-94b9-9126316d1884,TS-MDL-4384-V1,2016-10-11,2022-09-26,ts_lgd_mandals_2016_v1,4cdfe1a0-effa-5c20-8b89-3860b3755989,e0160000-0000-0000-0000-000000002016,A,EXACT_NAME_AND_LGD_MATCH,RESOLVED_1_TO_1
502,Siddipet_Urban,Siddipet,4459,TS-MDL-4459,a42c9ae2-5f35-5aa8-839f-6abb2d450f05,TS-MDL-4459-V1,2016-10-11,2022-09-26,ts_lgd_mandals_2016_v1,5159c44d-0df5-5869-be20-92581b6f940c,e0160000-0000-0000-0000-000000002016,A,STANDARDIZED_TRANSLITERATION_MAP,RESOLVED_1_TO_1
503,Adavidevulapally,Nalgonda,6304,TS-MDL-6304,de2bcf9f-cd68-52f0-8d1d-a4247bad5c86,TS-MDL-6304-V1,2016-10-11,2022-09-26,ts_lgd_mandals_2016_v1,0d86d173-2f99-524f-8b63-8504e2755e5c,e0160000-0000-0000-0000-000000002016,A,STANDARDIZED_TRANSLITERATION_MAP,RESOLVED_1_TO_1
504,Veernapalli,Rajanna Sircilla,6220,TS-MDL-6220,bcaddf86-914b-5504-8daf-aab987a7ad20,TS-MDL-6220-V1,2016-10-11,2022-09-26,ts_lgd_mandals_2016_v1,9d1da213-47e4-5646-8717-178ebcc539b5,e0160000-0000-0000-0000-000000002016,A,EXACT_NAME_AND_LGD_MATCH,RESOLVED_1_TO_1
505,Ammerpet,Hyderabad,4497,TS-MDL-4497,b0bbac50-0d5c-5e1d-b19e-a6e32da1a735,TS-MDL-4497-V1,2016-10-11,2022-09-26,ts_lgd_mandals_2016_v1,680b2028-063c-5745-8738-74dff35aaa53,e0160000-0000-0000-0000-000000002016,A,STANDARDIZED_TRANSLITERATION_MAP,RESOLVED_1_TO_1
506,Amrabad,Nagarkurnool,4578,TS-MDL-4578,075958a7-85ed-5131-ab23-4ffdf6f97ed7,TS-MDL-4578-V1,2016-10-11,2022-09-26,ts_lgd_mandals_2016_v1,41b55ce6-b883-5284-8b42-57a053883eed,e0160000-0000-0000-0000-000000002016,A,EXACT_NAME_AND_LGD_MATCH,RESOLVED_1_TO_1
507,Vemanpalle,Mancherial,4330,TS-MDL-4330,fe18bbc1-ab63-5bee-8527-3efb8c3a3963,TS-MDL-4330-V1,2016-10-11,2022-09-26,ts_lgd_mandals_2016_v1,6a574581-fe41-5a95-a744-78c003e42461,e0160000-0000-0000-0000-000000002016,A,STANDARDIZED_TRANSLITERATION_MAP,RESOLVED_1_TO_1
508,Singareni,Khammam,4744,TS-MDL-4744,78fab956-16fb-5072-80f6-d4ef033b5ce7,TS-MDL-4744-V1,2016-10-11,2022-09-26,ts_lgd_mandals_2016_v1,d780f8b5-9d9d-5c82-9c89-696566d7afc6,e0160000-0000-0000-0000-000000002016,A,EXACT_NAME_AND_LGD_MATCH,RESOLVED_1_TO_1
509,Sircilla,Rajanna Sircilla,4435,TS-MDL-4435,9b7a7720-4fb3-506a-80f8-36fcaffef7e0,TS-MDL-4435-V1,2016-10-11,2022-09-26,ts_lgd_mandals_2016_v1,f3859b35-29b8-587e-89d0-9fec4ce8f18b,e0160000-0000-0000-0000-000000002016,A,EXACT_NAME_AND_LGD_MATCH,RESOLVED_1_TO_1
510,Krishna,Narayanpet,6264,TS-MDL-6264,97932c86-a3b1-52d8-93b9-a27e1ec73930,TS-MDL-6264-V1,2016-10-11,2022-09-26,ts_lgd_mandals_2016_v1,68282e2e-64d8-516c-bb07-d2807d6fb1e8,e0160000-0000-0000-0000-000000002016,A,EXACT_NAME_AND_LGD_MATCH,RESOLVED_1_TO_1
511,Annapureddipalle,Bhadradri Kothagudem,6268,TS-MDL-6268,4e85424e-05c0-58e2-a0dc-ffc21b19dc75,TS-MDL-6268-V1,2016-10-11,2022-09-26,ts_lgd_mandals_2016_v1,83b5b253-3e12-59a5-90ad-332193e67ae1,e0160000-0000-0000-0000-000000002016,A,STANDARDIZED_TRANSLITERATION_MAP,RESOLVED_1_TO_1
512,Anumula_Haliya,Nalgonda,4660,TS-MDL-4660,b07a7ec3-2ee1-586d-b856-fa9751ab169d,TS-MDL-4660-V1,2016-10-11,2022-09-26,ts_lgd_mandals_2016_v1,56b118d7-362f-5e5f-84d8-9136333d085c,e0160000-0000-0000-0000-000000002016,A,STANDARDIZED_TRANSLITERATION_MAP,RESOLVED_1_TO_1
513,Armoor,Nizamabad,4360,TS-MDL-4360,7093f1c8-5813-5316-9f80-81a948d562b4,TS-MDL-4360-V1,2016-10-11,2022-09-26,ts_lgd_mandals_2016_v1,63a7e325-4be2-53bb-a443-29d4fbd35b57,e0160000-0000-0000-0000-000000002016,C,EXACT_NAME_AND_LGD_MATCH,RESOLVED_1_TO_1
514,Asifabad,Kumurambheem Asifabad,4319,TS-MDL-4319,08e033c0-0204-50d7-a75f-e003c4f250f2,TS-MDL-4319-V1,2016-10-11,2022-09-26,ts_lgd_mandals_2016_v1,761329ef-3e1b-57ec-8257-5a1d33f5601b,e0160000-0000-0000-0000-000000002016,A,EXACT_NAME_AND_LGD_MATCH,RESOLVED_1_TO_1
515,Sirgapoor,Sangareddy,6279,TS-MDL-6279,9b20f4cc-5e43-575d-b0eb-0c60aaab5117,TS-MDL-6279-V1,2016-10-11,2022-09-26,ts_lgd_mandals_2016_v1,c8e145d3-6d53-5e21-85cd-c141720c4b7f,e0160000-0000-0000-0000-000000002016,A,EXACT_NAME_AND_LGD_MATCH,RESOLVED_1_TO_1
516,Nadikuda,Warangal_Rural,6547,TS-MDL-6547,a00c4732-bbe7-54b8-95f9-3b120100a7d2,TS-MDL-6547-V1,2016-10-11,2022-09-26,ts_lgd_mandals_2016_v1,df520aa4-1264-53a5-b6d0-224a4dd3b052,e0160000-0000-0000-0000-000000002016,A,EXACT_NAME_AND_LGD_MATCH,RESOLVED_1_TO_1
517,Sirikonda,Adilabad,6224,TS-MDL-6224,66152d74-44ec-5e56-bc08-b0b0c9165dd9,TS-MDL-6224-V1,2016-10-11,2022-09-26,ts_lgd_mandals_2016_v1,9fe803dd-fea5-57f8-89b7-9072c9a51c08,e0160000-0000-0000-0000-000000002016,A,EXACT_NAME_AND_LGD_MATCH,RESOLVED_1_TO_1
518,Sirikonda,Nizamabad,4379,TS-MDL-4379,50141e34-379b-5d48-b81a-bf9056509c22,TS-MDL-4379-V1,2016-10-11,2022-09-26,ts_lgd_mandals_2016_v1,3958320f-1da6-5261-8d53-5843ad3049ee,e0160000-0000-0000-0000-000000002016,A,EXACT_NAME_AND_LGD_MATCH,RESOLVED_1_TO_1
519,Abdullapurmet,Rangareddy,6319,TS-MDL-6319,7e2b6ec3-a3f5-5bfd-9d0b-afaae68a75d6,TS-MDL-6319-V1,2016-10-11,2022-09-26,ts_lgd_mandals_2016_v1,7d70ba9a-834e-5de6-9ccc-305faf456ede,e0160000-0000-0000-0000-000000002016,A,EXACT_NAME_AND_LGD_MATCH,RESOLVED_1_TO_1
520,Achampet,Nagarkurnool,4579,TS-MDL-4579,e121108a-3ffe-5ee8-9b9a-9f86410bfe0a,TS-MDL-4579-V1,2016-10-11,2022-09-26,ts_lgd_mandals_2016_v1,5d56e8e0-1bf9-51ef-a0ae-6536e87182fb,e0160000-0000-0000-0000-000000002016,A,EXACT_NAME_AND_LGD_MATCH,RESOLVED_1_TO_1
521,Bandlaguda,Hyderabad,4509,TS-MDL-4509,cc8a3b74-9ac4-52d0-8900-a6d263457ed2,TS-MDL-4509-V1,2016-10-11,2022-09-26,ts_lgd_mandals_2016_v1,c48324e0-53fc-50ff-9269-41c52523b31a,e0160000-0000-0000-0000-000000002016,A,EXACT_NAME_AND_LGD_MATCH,RESOLVED_1_TO_1
522,Addakal,Mahabubnagar,4586,TS-MDL-4586,291c2fe3-ec6e-5209-85cb-afc4b0eb8e5c,TS-MDL-4586-V1,2016-10-11,2022-09-26,ts_lgd_mandals_2016_v1,64ebbbd4-df44-54d1-a4a2-58f94fe286e6,e0160000-0000-0000-0000-000000002016,A,EXACT_NAME_AND_LGD_MATCH,RESOLVED_1_TO_1
523,Motakondur,Yadadri Bhuvanagiri,6309,TS-MDL-6309,bf88ae00-a796-5082-8bbb-51f20d2b9f11,TS-MDL-6309-V1,2016-10-11,2022-09-26,ts_lgd_mandals_2016_v1,e12c7c3b-8690-562d-a8d9-80070bde230b,e0160000-0000-0000-0000-000000002016,A,STANDARDIZED_TRANSLITERATION_MAP,RESOLVED_1_TO_1
524,Mupkal,Nizamabad,6238,TS-MDL-6238,7387aa11-ecce-5999-b79f-ac47a07bc61c,TS-MDL-6238-V1,2016-10-11,2022-09-26,ts_lgd_mandals_2016_v1,7ec73395-c31a-5a48-833b-c732e9d894a7,e0160000-0000-0000-0000-000000002016,A,EXACT_NAME_AND_LGD_MATCH,RESOLVED_1_TO_1
525,Bhoothpur,Mahabubnagar,4574,TS-MDL-4574,f737d158-a08d-5cff-95db-8d250f2ad37e,TS-MDL-4574-V1,2016-10-11,2022-09-26,ts_lgd_mandals_2016_v1,cd5109b8-e7c3-5a24-a838-6462b900cf2e,e0160000-0000-0000-0000-000000002016,A,EXACT_NAME_AND_LGD_MATCH,RESOLVED_1_TO_1
526,Bhupalpally,Jayashankar Bhupalpally,4682,TS-MDL-4682,8d7b4869-7cdd-538d-9d62-ee8e63e21015,TS-MDL-4682-V1,2016-10-11,2022-09-26,ts_lgd_mandals_2016_v1,0b469299-f4c5-55f7-8bca-6f6668509d62,e0160000-0000-0000-0000-000000002016,A,EXACT_NAME_AND_LGD_MATCH,RESOLVED_1_TO_1
527,Bibinagar,Yadadri Bhuvanagiri,4629,TS-MDL-4629,5259a179-b019-521d-b8d8-e26fe6a161e2,TS-MDL-4629-V1,2016-10-11,2022-09-26,ts_lgd_mandals_2016_v1,8fd4221f-0b1f-5b3f-a094-28419303b703,e0160000-0000-0000-0000-000000002016,A,EXACT_NAME_AND_LGD_MATCH,RESOLVED_1_TO_1
528,Bhadrachalam,Bhadradri Kothagudem,4730,TS-MDL-4730,9cf891ca-9204-5fc6-acaf-c0c4e8754550,TS-MDL-4730-V1,2016-10-11,2022-09-26,ts_lgd_mandals_2016_v1,08d97b44-a0c6-501a-b866-18aa4779e944,e0160000-0000-0000-0000-000000002016,A,EXACT_NAME_AND_LGD_MATCH,RESOLVED_1_TO_1
529,Bhainsa,Nirmal,4339,TS-MDL-4339,c2df4fb1-cf55-5a43-945d-bd1bd0a23d4d,TS-MDL-4339-V1,2016-10-11,2022-09-26,ts_lgd_mandals_2016_v1,67969023-ffbe-51c8-a28b-db2cd9a9fa91,e0160000-0000-0000-0000-000000002016,A,EXACT_NAME_AND_LGD_MATCH,RESOLVED_1_TO_1
530,Bheemadevarapalli,Warangal_Urban,4448,TS-MDL-4448,91a45775-2136-5d17-a214-ef5e0354b219,TS-MDL-4448-V1,2016-10-11,2022-09-26,ts_lgd_mandals_2016_v1,e0e02bcc-5ddc-5102-acd8-0b038125797e,e0160000-0000-0000-0000-000000002016,A,STANDARDIZED_TRANSLITERATION_MAP,RESOLVED_1_TO_1
531,Bheemini,Mancherial,4328,TS-MDL-4328,8f7aa286-9cdb-5035-8447-d5de3488cea6,TS-MDL-4328-V1,2016-10-11,2022-09-26,ts_lgd_mandals_2016_v1,c9b0df23-7982-525b-ade9-781504cc21c8,e0160000-0000-0000-0000-000000002016,A,EXACT_NAME_AND_LGD_MATCH,RESOLVED_1_TO_1
532,Chandur,Nalgonda,4655,TS-MDL-4655,c609b2f1-16fa-5240-b465-d5cc612b17a1,TS-MDL-4655-V1,2016-10-11,2022-09-26,ts_lgd_mandals_2016_v1,1eedc4cc-d4e1-562e-bf98-834a5aaddd57,e0160000-0000-0000-0000-000000002016,C,EXACT_NAME_AND_LGD_MATCH,RESOLVED_1_TO_1
533,Chevella,Rangareddy,4529,TS-MDL-4529,587686ed-4f2d-5f62-b1f5-89d55c33177c,TS-MDL-4529-V1,2016-10-11,2022-09-26,ts_lgd_mandals_2016_v1,dd7dd7e9-9e9d-59e8-a167-124554753ed9,e0160000-0000-0000-0000-000000002016,A,EXACT_NAME_AND_LGD_MATCH,RESOLVED_1_TO_1
534,Chityal,Jayashankar Bhupalpally,4681,TS-MDL-4681,c89c00f5-29bf-5ee6-a0e3-c41abb351ee2,TS-MDL-4681-V1,2016-10-11,2022-09-26,ts_lgd_mandals_2016_v1,e1e04435-8dbf-5ed0-82a2-67f047e2b8df,e0160000-0000-0000-0000-000000002016,A,EXACT_NAME_AND_LGD_MATCH,RESOLVED_1_TO_1
535,Dharmaram,Peddapalli,4411,TS-MDL-4411,8b5c1880-9663-5eb3-9b51-c8c9e47eaa83,TS-MDL-4411-V1,2016-10-11,2022-09-26,ts_lgd_mandals_2016_v1,6bc4cc78-5ccd-58a1-8e8a-58c166636026,e0160000-0000-0000-0000-000000002016,A,EXACT_NAME_AND_LGD_MATCH,RESOLVED_1_TO_1
536,Dharmasagar,Warangal_Urban,4677,TS-MDL-4677,fd350086-9d6c-5e7a-a055-e5830366bcc5,TS-MDL-4677-V1,2016-10-11,2022-09-26,ts_lgd_mandals_2016_v1,61a93167-a34d-5d39-b210-e8e8bb572b8c,e0160000-0000-0000-0000-000000002016,A,EXACT_NAME_AND_LGD_MATCH,RESOLVED_1_TO_1
537,Jadcherla,Mahabubnagar,4567,TS-MDL-4567,2df8d32b-b0f3-542e-8d7d-6667592f0319,TS-MDL-4567-V1,2016-10-11,2022-09-26,ts_lgd_mandals_2016_v1,9c4ac61c-0d26-5839-838a-915ee7bff648,e0160000-0000-0000-0000-000000002016,A,EXACT_NAME_AND_LGD_MATCH,RESOLVED_1_TO_1
538,Jagdevpur,Siddipet,4484,TS-MDL-4484,bc91a10e-6cc9-5e3b-bf61-7e52dbfaa4eb,TS-MDL-4484-V1,2016-10-11,2022-09-26,ts_lgd_mandals_2016_v1,56242059-c03b-5e0e-ac9d-dd14f6b412eb,e0160000-0000-0000-0000-000000002016,C,EXACT_NAME_AND_LGD_MATCH,RESOLVED_1_TO_1
539,Kalher,Sangareddy,4453,TS-MDL-4453,096fa012-9945-5d65-90b1-fb673287550c,TS-MDL-4453-V1,2016-10-11,2022-09-26,ts_lgd_mandals_2016_v1,b75cb974-31b9-555f-813a-d9b3134bda11,e0160000-0000-0000-0000-000000002016,C,EXACT_NAME_AND_LGD_MATCH,RESOLVED_1_TO_1
540,Kalluru,Khammam,4763,TS-MDL-4763,a807e624-4305-5d18-a7e8-65914ff9818e,TS-MDL-4763-V1,2016-10-11,2022-09-26,ts_lgd_mandals_2016_v1,09d39ddc-09ea-5cc3-8fa4-c9c701a95358,e0160000-0000-0000-0000-000000002016,A,EXACT_NAME_AND_LGD_MATCH,RESOLVED_1_TO_1
541,Karimnagar_Rural,Karimnagar,4428,TS-MDL-4428,972313b5-7ef0-5633-868a-85002caca8ab,TS-MDL-4428-V1,2016-10-11,2022-09-26,ts_lgd_mandals_2016_v1,b025daa7-191a-5a2e-916e-e270e8ee4586,e0160000-0000-0000-0000-000000002016,A,STANDARDIZED_TRANSLITERATION_MAP,RESOLVED_1_TO_1
542,Komuravelli,Siddipet,6284,TS-MDL-6284,e4f494ce-234a-50e5-8893-4d00ed54c257,TS-MDL-6284-V1,2016-10-11,2022-09-26,ts_lgd_mandals_2016_v1,3a829e52-b5aa-5e62-81c5-7c9e3b132f35,e0160000-0000-0000-0000-000000002016,A,EXACT_NAME_AND_LGD_MATCH,RESOLVED_1_TO_1
543,Maddur,Siddipet,4673,TS-MDL-4673,2d99da85-19a6-5d21-aa83-9e55287f19db,TS-MDL-4673-V1,2016-10-11,2020-09-24,ts_lgd_mandals_2016_v1,efc5b477-0d2d-5b92-afb5-aaf517d36ae2,e0160000-0000-0000-0000-000000002016,B,EXACT_NAME_AND_LGD_MATCH,RESOLVED_1_TO_1
544,Madgul,Rangareddy,4564,TS-MDL-4564,46d3a1dc-c543-5200-898f-ca1bb2166fbf,TS-MDL-4564-V1,2016-10-11,2022-09-26,ts_lgd_mandals_2016_v1,9013228a-6012-56de-9c17-630a16cfe834,e0160000-0000-0000-0000-000000002016,A,EXACT_NAME_AND_LGD_MATCH,RESOLVED_1_TO_1
545,Kotepally,Vikarabad,6312,TS-MDL-6312,89db2ea0-8b2d-59f4-bb5b-32b7636dc976,TS-MDL-6312-V1,2016-10-11,2022-09-26,ts_lgd_mandals_2016_v1,6ecf1c34-e0f8-5676-a65b-97e720c3d73d,e0160000-0000-0000-0000-000000002016,A,EXACT_NAME_AND_LGD_MATCH,RESOLVED_1_TO_1
546,Manchal,Rangareddy,4547,TS-MDL-4547,c00326af-a641-59e0-89a4-7c6dd674064a,TS-MDL-4547-V1,2016-10-11,2022-09-26,ts_lgd_mandals_2016_v1,d91e7e96-884c-5a39-83f7-a04500420e3e,e0160000-0000-0000-0000-000000002016,A,EXACT_NAME_AND_LGD_MATCH,RESOLVED_1_TO_1
547,Kothur,Rangareddy,4560,TS-MDL-4560,49f45877-de3f-599b-b304-150fdfe5bc2e,TS-MDL-4560-V1,2016-10-11,2022-09-26,ts_lgd_mandals_2016_v1,632ebe12-be52-5460-af87-c7d2e321a20e,e0160000-0000-0000-0000-000000002016,A,EXACT_NAME_AND_LGD_MATCH,RESOLVED_1_TO_1
548,Morthad,Nizamabad,4362,TS-MDL-4362,d16b32a4-54f8-58fc-a577-2be2f06315a6,TS-MDL-4362-V1,2016-10-11,2022-09-26,ts_lgd_mandals_2016_v1,d59f086c-ac0b-5b99-8611-7f73524da57f,e0160000-0000-0000-0000-000000002016,A,EXACT_NAME_AND_LGD_MATCH,RESOLVED_1_TO_1
549,Nalgonda,Nalgonda,4646,TS-MDL-4646,61c280b8-b696-5674-ba3a-45dd20034839,TS-MDL-4646-V1,2016-10-11,2022-09-26,ts_lgd_mandals_2016_v1,9717a636-d42b-568e-b738-911c0d1d1b16,e0160000-0000-0000-0000-000000002016,A,EXACT_NAME_AND_LGD_MATCH,RESOLVED_1_TO_1
550,Peda Adisharla Palli,Nalgonda,4658,TS-MDL-4658,21774bd4-2b82-5edd-aeeb-d884695c7711,TS-MDL-4658-V1,2016-10-11,2022-09-26,ts_lgd_mandals_2016_v1,e97ffd56-68b1-5ef3-9772-855e10616b70,e0160000-0000-0000-0000-000000002016,A,STANDARDIZED_TRANSLITERATION_MAP,RESOLVED_1_TO_1
551,Peddamandaddi,Wanaparthy,4594,TS-MDL-4594,217525c0-dcf2-5968-ab88-9aa996ab0406,TS-MDL-4594-V1,2016-10-11,2022-09-26,ts_lgd_mandals_2016_v1,2715944e-8c90-58b2-a79b-457109bf7045,e0160000-0000-0000-0000-000000002016,A,STANDARDIZED_TRANSLITERATION_MAP,RESOLVED_1_TO_1
552,Peddapalli,Peddapalli,4408,TS-MDL-4408,6f093754-3a46-55fb-b780-a9edf5e9f83f,TS-MDL-4408-V1,2016-10-11,2022-09-26,ts_lgd_mandals_2016_v1,8c682023-8db6-5c12-afb8-26e543a1adeb,e0160000-0000-0000-0000-000000002016,A,EXACT_NAME_AND_LGD_MATCH,RESOLVED_1_TO_1
553,Pentlavelli,Nagarkurnool,6292,TS-MDL-6292,848e7920-0aa2-5da6-b387-d90c4126e3d6,TS-MDL-6292-V1,2016-10-11,2022-09-26,ts_lgd_mandals_2016_v1,f67c3ce8-a3f7-5b45-a4b4-8394f0e4ec44,e0160000-0000-0000-0000-000000002016,A,EXACT_NAME_AND_LGD_MATCH,RESOLVED_1_TO_1
554,Undavelly,Jogulamba Gadwal,6299,TS-MDL-6299,d385ae9b-af1e-5c92-ad56-7c65cfe1e9bd,TS-MDL-6299-V1,2016-10-11,2022-09-26,ts_lgd_mandals_2016_v1,30643d05-53e2-5a4d-b3b7-adf490623eee,e0160000-0000-0000-0000-000000002016,A,EXACT_NAME_AND_LGD_MATCH,RESOLVED_1_TO_1
555,Velair,Warangal_Urban,6252,TS-MDL-6252,d8b1de1f-28ea-5d3d-9e0e-8ea563119fc4,TS-MDL-6252-V1,2016-10-11,2022-09-26,ts_lgd_mandals_2016_v1,ad6613f9-8284-5fa4-94f3-b592e840b2c6,e0160000-0000-0000-0000-000000002016,A,EXACT_NAME_AND_LGD_MATCH,RESOLVED_1_TO_1
556,Veldanda,Nagarkurnool,4565,TS-MDL-4565,4ccf1f33-4260-590d-b671-647a1c7dd695,TS-MDL-4565-V1,2016-10-11,2022-09-26,ts_lgd_mandals_2016_v1,fbaeb661-eedf-501c-96ac-f61548d2a742,e0160000-0000-0000-0000-000000002016,A,EXACT_NAME_AND_LGD_MATCH,RESOLVED_1_TO_1
557,Regonda,Jayashankar Bhupalpally,4690,TS-MDL-4690,81e15f04-dea1-5d27-9015-9a3de81c7a4a,TS-MDL-4690-V1,2016-10-11,2022-09-26,ts_lgd_mandals_2016_v1,ed53c215-dddf-541d-ab03-8353a6be797b,e0160000-0000-0000-0000-000000002016,C,EXACT_NAME_AND_LGD_MATCH,RESOLVED_1_TO_1
558,Renjal,Nizamabad,4357,TS-MDL-4357,6081f17d-fae8-58a7-9cb7-91bdd395b98a,TS-MDL-4357-V1,2016-10-11,2022-09-26,ts_lgd_mandals_2016_v1,29e71a54-9a9d-5f3d-8cb6-259bcfd07195,e0160000-0000-0000-0000-000000002016,A,EXACT_NAME_AND_LGD_MATCH,RESOLVED_1_TO_1
559,Revally,Wanaparthy,6286,TS-MDL-6286,18f156b4-b5f6-58bd-b181-8936797912a4,TS-MDL-6286-V1,2016-10-11,2022-09-26,ts_lgd_mandals_2016_v1,96d0b223-5939-59c9-b107-c16688b3ff5e,e0160000-0000-0000-0000-000000002016,A,EXACT_NAME_AND_LGD_MATCH,RESOLVED_1_TO_1
560,Sadasivpet,Sangareddy,4490,TS-MDL-4490,e0274040-043a-5036-8150-cf01d6d357db,TS-MDL-4490-V1,2016-10-11,2022-09-26,ts_lgd_mandals_2016_v1,0210eb31-de03-5ace-897a-94d7367d851f,e0160000-0000-0000-0000-000000002016,A,EXACT_NAME_AND_LGD_MATCH,RESOLVED_1_TO_1
561,Saidabad,Hyderabad,4511,TS-MDL-4511,e2929cba-45eb-5f8c-bf0e-17a396726a2a,TS-MDL-4511-V1,2016-10-11,2022-09-26,ts_lgd_mandals_2016_v1,266f5b88-f2c2-59ad-9233-fde953f4bbe7,e0160000-0000-0000-0000-000000002016,A,EXACT_NAME_AND_LGD_MATCH,RESOLVED_1_TO_1
562,Yerrupalem,Khammam,4767,TS-MDL-4767,848b281c-3c58-5bfc-bb93-6249edcd1c59,TS-MDL-4767-V1,2016-10-11,2022-09-26,ts_lgd_mandals_2016_v1,c0947ca3-22d1-5ec1-adf4-a3928f510f92,e0160000-0000-0000-0000-000000002016,A,EXACT_NAME_AND_LGD_MATCH,RESOLVED_1_TO_1
563,Zaffergadh,Jangoan,4696,TS-MDL-4696,324b9c84-7225-581e-96e5-630bce30e359,TS-MDL-4696-V1,2016-10-11,2022-09-26,ts_lgd_mandals_2016_v1,936a9de6-3487-55c5-92d5-d556d12aba91,e0160000-0000-0000-0000-000000002016,A,EXACT_NAME_AND_LGD_MATCH,RESOLVED_1_TO_1
564,Zahirabad,Sangareddy,4474,TS-MDL-4474,6c063137-5633-5e7c-98c8-44a51b41291f,TS-MDL-4474-V1,2016-10-11,2022-09-26,ts_lgd_mandals_2016_v1,73d87c86-f94e-588e-9afa-dd23924d6dba,e0160000-0000-0000-0000-000000002016,A,EXACT_NAME_AND_LGD_MATCH,RESOLVED_1_TO_1
565,Shayampet,Warangal_Rural,4691,TS-MDL-4691,26559df3-6515-5477-b544-d501fd59ad2f,TS-MDL-4691-V1,2016-10-11,2022-09-26,ts_lgd_mandals_2016_v1,f72e0d14-c2fe-539e-9d2f-025d41efbb8a,e0160000-0000-0000-0000-000000002016,A,EXACT_NAME_AND_LGD_MATCH,RESOLVED_1_TO_1
566,Shivampet,Medak,4487,TS-MDL-4487,2ba0ca59-2f93-571d-8b84-a8d37565cf73,TS-MDL-4487-V1,2016-10-11,2022-09-26,ts_lgd_mandals_2016_v1,da663124-004c-531b-a067-edb5ac8d19b8,e0160000-0000-0000-0000-000000002016,A,EXACT_NAME_AND_LGD_MATCH,RESOLVED_1_TO_1
567,Toopran,Medak,4482,TS-MDL-4482,b6997be6-af83-5b40-bc0e-7393878e8501,TS-MDL-4482-V1,2016-10-11,2022-09-26,ts_lgd_mandals_2016_v1,2a071b98-2706-5ae0-b34f-f3cbbe2074d6,e0160000-0000-0000-0000-000000002016,A,EXACT_NAME_AND_LGD_MATCH,RESOLVED_1_TO_1
568,Vikarabad,Vikarabad,4530,TS-MDL-4530,e59c54b6-ed5f-54ef-ba9a-852a944b3aeb,TS-MDL-4530-V1,2016-10-11,2022-09-26,ts_lgd_mandals_2016_v1,7e1f4d74-a86b-546d-8496-e00ea406ba4a,e0160000-0000-0000-0000-000000002016,A,EXACT_NAME_AND_LGD_MATCH,RESOLVED_1_TO_1
569,Yeldurthy,Medak,4481,TS-MDL-4481,1d811549-7595-5553-b820-2adcad3f5e61,TS-MDL-4481-V1,2016-10-11,2020-09-24,ts_lgd_mandals_2016_v1,ab1e0d64-924a-5dc4-9d28-b5c4366c1577,e0160000-0000-0000-0000-000000002016,B,EXACT_NAME_AND_LGD_MATCH,RESOLVED_1_TO_1
570,Thoguta,Siddipet,4463,TS-MDL-4463,11ed1655-9a21-5b8b-8b5a-c38c590296a2,TS-MDL-4463-V1,2016-10-11,2022-09-26,ts_lgd_mandals_2016_v1,38f95404-ff5d-5b80-aed9-a2b30a4ca8ab,e0160000-0000-0000-0000-000000002016,A,EXACT_NAME_AND_LGD_MATCH,RESOLVED_1_TO_1
571,Tirumalagiri,Suryapet,4619,TS-MDL-4619,bd88996b-5b63-5861-9266-4e7810195fa7,TS-MDL-4619-V1,2016-10-11,2022-09-26,ts_lgd_mandals_2016_v1,6a97950f-35af-55a1-ab97-89552be4bb82,e0160000-0000-0000-0000-000000002016,A,STANDARDIZED_TRANSLITERATION_MAP,RESOLVED_1_TO_1
572,Tirumalagiri_Sagar,Nalgonda,6306,TS-MDL-6306,1aedcfaf-deeb-56d8-83ba-ca2cdc23e794,TS-MDL-6306-V1,2016-10-11,2022-09-26,ts_lgd_mandals_2016_v1,79d486a0-701d-5dfc-a0ce-dc61f400c189,e0160000-0000-0000-0000-000000002016,A,STANDARDIZED_TRANSLITERATION_MAP,RESOLVED_1_TO_1
573,Tirumalayapalem,Khammam,4754,TS-MDL-4754,3d6ee8b9-1901-5241-8db2-5cf61b4418a2,TS-MDL-4754-V1,2016-10-11,2022-09-26,ts_lgd_mandals_2016_v1,b6a560c8-4a89-58cf-8618-d922e41f60a6,e0160000-0000-0000-0000-000000002016,A,EXACT_NAME_AND_LGD_MATCH,RESOLVED_1_TO_1
574,Tiryani,Kumurambheem Asifabad,4333,TS-MDL-4333,5f95c395-8c48-5031-ad2a-2522e37e2200,TS-MDL-4333-V1,2016-10-11,2022-09-26,ts_lgd_mandals_2016_v1,81c99e54-7a8c-50c1-8287-a4b529dd34a2,e0160000-0000-0000-0000-000000002016,A,EXACT_NAME_AND_LGD_MATCH,RESOLVED_1_TO_1
575,Vatpally,Sangareddy,6291,TS-MDL-6291,9f531a14-492f-5d39-9bf2-d4c47839af97,TS-MDL-6291-V1,2016-10-11,2022-09-26,ts_lgd_mandals_2016_v1,f26c508d-295d-5631-8376-ade0d22c8073,e0160000-0000-0000-0000-000000002016,A,EXACT_NAME_AND_LGD_MATCH,RESOLVED_1_TO_1
576,Veenavanka,Karimnagar,4439,TS-MDL-4439,ef987008-f8f1-5e55-a0c5-a6fa3a5d7585,TS-MDL-4439-V1,2016-10-11,2022-09-26,ts_lgd_mandals_2016_v1,86e7011f-59ca-5140-9763-5e2a30c4b314,e0160000-0000-0000-0000-000000002016,A,EXACT_NAME_AND_LGD_MATCH,RESOLVED_1_TO_1
577,Wankidi,Kumurambheem Asifabad,4314,TS-MDL-4314,11813b65-01d9-5b1f-a652-70c818b6850a,TS-MDL-4314-V1,2016-10-11,2022-09-26,ts_lgd_mandals_2016_v1,2466c46a-1c41-5ecf-a5c9-4da68f62def2,e0160000-0000-0000-0000-000000002016,A,EXACT_NAME_AND_LGD_MATCH,RESOLVED_1_TO_1
578,Doultabad,Siddipet,4465,TS-MDL-4465,e2dd7eb7-3378-549c-83cb-4652fa7c2698,TS-MDL-4465-V1,2016-10-11,2022-09-26,ts_lgd_mandals_2016_v1,06b87f87-3359-5558-8223-1e762d942329,e0160000-0000-0000-0000-000000002016,A,EXACT_NAME_AND_LGD_MATCH,RESOLVED_1_TO_1
579,Chilipched,Medak,6274,TS-MDL-6274,1098a8af-cdc9-5f96-998f-693112430a5f,TS-MDL-6274-V1,2016-10-11,2022-09-26,ts_lgd_mandals_2016_v1,6a3a2db0-6653-5275-98a0-397d57eede75,e0160000-0000-0000-0000-000000002016,A,STANDARDIZED_TRANSLITERATION_MAP,RESOLVED_1_TO_1
580,Shankarampet_R,Medak,4467,TS-MDL-4467,34af1c58-0c87-5dbf-974e-73966b853261,TS-MDL-4467-V1,2016-10-11,2022-09-26,ts_lgd_mandals_2016_v1,d3cf9e84-8bb6-5d59-8f44-30d732dcad4a,e0160000-0000-0000-0000-000000002016,A,STANDARDIZED_TRANSLITERATION_MAP,RESOLVED_1_TO_1
581,Domakonda,Kamareddy,4392,TS-MDL-4392,4113faf6-5667-527f-b37d-339dd160ae32,TS-MDL-4392-V1,2016-10-11,2022-09-26,ts_lgd_mandals_2016_v1,ec9d8259-cb6e-5be9-86db-3cfaf4849bb0,e0160000-0000-0000-0000-000000002016,A,EXACT_NAME_AND_LGD_MATCH,RESOLVED_1_TO_1
582,Bichkunda,Kamareddy,4374,TS-MDL-4374,326b13b2-ae2d-5785-ac18-c51e854f8a29,TS-MDL-4374-V1,2016-10-11,2022-09-26,ts_lgd_mandals_2016_v1,86834001-035c-578e-a0be-9eaeee2afc79,e0160000-0000-0000-0000-000000002016,A,EXACT_NAME_AND_LGD_MATCH,RESOLVED_1_TO_1
583,Birkoor,Kamareddy,4375,TS-MDL-4375,b088b3e0-bd66-5ccf-b25b-db7baef60585,TS-MDL-4375-V1,2016-10-11,2022-09-26,ts_lgd_mandals_2016_v1,4263df45-ef40-541c-aa0c-843e38a78654,e0160000-0000-0000-0000-000000002016,A,STANDARDIZED_TRANSLITERATION_MAP,RESOLVED_1_TO_1
584,Kammarpally,Nizamabad,4363,TS-MDL-4363,ab39930e-242f-509d-b7d9-c85775655c1c,TS-MDL-4363-V1,2016-10-11,2022-09-26,ts_lgd_mandals_2016_v1,4af882fb-49cf-51d7-b892-7d6ae01b31e8,e0160000-0000-0000-0000-000000002016,A,EXACT_NAME_AND_LGD_MATCH,RESOLVED_1_TO_1
585,Kodakandla,Jangoan,4702,TS-MDL-4702,c6d75ad5-73ee-5f37-8edc-ecfe58fda528,TS-MDL-4702-V1,2016-10-11,2022-09-26,ts_lgd_mandals_2016_v1,c6906dc4-77fa-5490-95cc-25679c1ddd18,e0160000-0000-0000-0000-000000002016,A,EXACT_NAME_AND_LGD_MATCH,RESOLVED_1_TO_1
586,Kotapalle,Mancherial,4351,TS-MDL-4351,2841625a-6c9c-5328-b3c5-663c357e11d7,TS-MDL-4351-V1,2016-10-11,2022-09-26,ts_lgd_mandals_2016_v1,aae72d60-88d8-5a96-8f79-1fc231f01cab,e0160000-0000-0000-0000-000000002016,A,STANDARDIZED_TRANSLITERATION_MAP,RESOLVED_1_TO_1
587,Muduchinthalaphally,Medchal_Malkajgiri,6671,TS-MDL-6671,f58a3765-c317-5820-8ed9-8057c930b318,TS-MDL-6671-V1,2016-10-11,2022-09-26,ts_lgd_mandals_2016_v1,2842e244-3c82-5834-8c5e-ad51a32e3d02,e0160000-0000-0000-0000-000000002016,A,STANDARDIZED_TRANSLITERATION_MAP,RESOLVED_1_TO_1
588,Narayanraopet,Siddipet,6670,TS-MDL-6670,d3287f52-7679-57c6-af82-5b6774836e91,TS-MDL-6670-V1,2016-10-11,2022-09-26,ts_lgd_mandals_2016_v1,005bbf89-25bb-5ee3-962f-e0e7267a0252,e0160000-0000-0000-0000-000000002016,A,STANDARDIZED_TRANSLITERATION_MAP,RESOLVED_1_TO_1