Stable Mandal,Version,Valid From,Valid To,Current,Parent,Successor,Dataset,Legal Evidence
TS-MDL-6310,TS-MDL-6310-V1,2016-10-11,2022-09-26,false,10 Legacy AP Districts (2014 Telangana State Formation),CONTINUING_IDENTITY,ts_lgd_mandals_2016_v1,G.O.Ms. Nos. 214-245 Rev (2016-10-11); Undivided 2016-2022 statutory baseline
TS-MDL-6310,TS-MDL-6310-V2,2022-09-26,,true,Predecessor Version TS-MDL-6310-V1,CONTINUING_IDENTITY,ts_lgd_mandals_2026_v1,Continuous statutory identity; MoPR LGD 2026 Directory snapshot
TS-MDL-4306,TS-MDL-4306-V1,2016-10-11,2022-09-26,false,10 Legacy AP Districts (2014 Telangana State Formation),CONTINUING_IDENTITY,ts_lgd_mandals_2016_v1,G.O.Ms. Nos. 214-245 Rev (2016-10-11); Undivided 2016-2022 statutory baseline
TS-MDL-4306,TS-MDL-4306-V2,2022-09-26,,true,Predecessor Version TS-MDL-4306-V1,CONTINUING_IDENTITY,ts_lgd_mandals_2026_v1,Continuous statutory identity; MoPR LGD 2026 Directory snapshot
TS-MDL-6221,TS-MDL-6221-V1,2016-10-11,2022-09-26,false,10 Legacy AP Districts (2014 Telangana State Formation),CONTINUING_IDENTITY,ts_lgd_mandals_2016_v1,G.O.Ms. Nos. 214-245 Rev (2016-10-11); Undivided 2016-2022 statutory baseline
TS-MDL-6221,TS-MDL-6221-V2,2022-09-26,,true,Predecessor Version TS-MDL-6221-V1,CONTINUING_IDENTITY,ts_lgd_mandals_2026_v1,Continuous statutory identity; MoPR LGD 2026 Directory snapshot
TS-MDL-4606,TS-MDL-4606-V1,2016-10-11,2022-09-26,false,10 Legacy AP Districts (2014 Telangana State Formation),CONTINUING_IDENTITY,ts_lgd_mandals_2016_v1,G.O.Ms. Nos. 214-245 Rev (2016-10-11); Undivided 2016-2022 statutory baseline
TS-MDL-4606,TS-MDL-4606-V2,2022-09-26,,true,Predecessor Version TS-MDL-4606-V1,CONTINUING_IDENTITY,ts_lgd_mandals_2026_v1,Continuous statutory identity; MoPR LGD 2026 Directory snapshot
TS-MDL-6285,TS-MDL-6285-V1,2016-10-11,2022-09-26,false,10 Legacy AP Districts (2014 Telangana State Formation),CONTINUING_IDENTITY,ts_lgd_mandals_2016_v1,G.O.Ms. Nos. 214-245 Rev (2016-10-11); Undivided 2016-2022 statutory baseline
TS-MDL-6285,TS-MDL-6285-V2,2022-09-26,,true,Predecessor Version TS-MDL-6285-V1,CONTINUING_IDENTITY,ts_lgd_mandals_2026_v1,Continuous statutory identity; MoPR LGD 2026 Directory snapshot
TS-MDL-4617,TS-MDL-4617-V1,2016-10-11,2022-09-26,false,10 Legacy AP Districts (2014 Telangana State Formation),CONTINUING_IDENTITY,ts_lgd_mandals_2016_v1,G.O.Ms. Nos. 214-245 Rev (2016-10-11); Undivided 2016-2022 statutory baseline
TS-MDL-4617,TS-MDL-4617-V2,2022-09-26,,true,Predecessor Version TS-MDL-4617-V1,CONTINUING_IDENTITY,ts_lgd_mandals_2026_v1,Continuous statutory identity; MoPR LGD 2026 Directory snapshot
TS-MDL-4612,TS-MDL-4612-V1,2016-10-11,2022-09-26,false,10 Legacy AP Districts (2014 Telangana State Formation),CONTINUING_IDENTITY,ts_lgd_mandals_2016_v1,G.O.Ms. Nos. 214-245 Rev (2016-10-11); Undivided 2016-2022 statutory baseline
TS-MDL-4612,TS-MDL-4612-V2,2022-09-26,,true,Predecessor Version TS-MDL-4612-V1,CONTINUING_IDENTITY,ts_lgd_mandals_2026_v1,Continuous statutory identity; MoPR LGD 2026 Directory snapshot
TS-MDL-4470,TS-MDL-4470-V1,2016-10-11,2022-09-26,false,10 Legacy AP Districts (2014 Telangana State Formation),CONTINUING_IDENTITY,ts_lgd_mandals_2016_v1,G.O.Ms. Nos. 214-245 Rev (2016-10-11); Undivided 2016-2022 statutory baseline
TS-MDL-4470,TS-MDL-4470-V2,2022-09-26,,true,Predecessor Version TS-MDL-4470-V1,CONTINUING_IDENTITY,ts_lgd_mandals_2026_v1,Continuous statutory identity; MoPR LGD 2026 Directory snapshot
TS-MDL-6267,TS-MDL-6267-V1,2016-10-11,2022-09-26,false,10 Legacy AP Districts (2014 Telangana State Formation),CONTINUING_IDENTITY,ts_lgd_mandals_2016_v1,G.O.Ms. Nos. 214-245 Rev (2016-10-11); Undivided 2016-2022 statutory baseline
TS-MDL-6267,TS-MDL-6267-V2,2022-09-26,,true,Predecessor Version TS-MDL-6267-V1,CONTINUING_IDENTITY,ts_lgd_mandals_2026_v1,Continuous statutory identity; MoPR LGD 2026 Directory snapshot
TS-MDL-6328,TS-MDL-6328-V1,2016-10-11,2022-09-26,false,10 Legacy AP Districts (2014 Telangana State Formation),CONTINUING_IDENTITY,ts_lgd_mandals_2016_v1,G.O.Ms. Nos. 214-245 Rev (2016-10-11); Undivided 2016-2022 statutory baseline
TS-MDL-6328,TS-MDL-6328-V2,2022-09-26,,true,Predecessor Version TS-MDL-6328-V1,CONTINUING_IDENTITY,ts_lgd_mandals_2026_v1,Continuous statutory identity; MoPR LGD 2026 Directory snapshot
TS-MDL-4506,TS-MDL-4506-V1,2016-10-11,2022-09-26,false,10 Legacy AP Districts (2014 Telangana State Formation),CONTINUING_IDENTITY,ts_lgd_mandals_2016_v1,G.O.Ms. Nos. 214-245 Rev (2016-10-11); Undivided 2016-2022 statutory baseline
TS-MDL-4506,TS-MDL-4506-V2,2022-09-26,,true,Predecessor Version TS-MDL-4506-V1,CONTINUING_IDENTITY,ts_lgd_mandals_2026_v1,Continuous statutory identity; MoPR LGD 2026 Directory snapshot
TS-MDL-4628,TS-MDL-4628-V1,2016-10-11,2022-09-26,false,10 Legacy AP Districts (2014 Telangana State Formation),CONTINUING_IDENTITY,ts_lgd_mandals_2016_v1,G.O.Ms. Nos. 214-245 Rev (2016-10-11); Undivided 2016-2022 statutory baseline
TS-MDL-4628,TS-MDL-4628-V2,2022-09-26,,true,Predecessor Version TS-MDL-4628-V1,CONTINUING_IDENTITY,ts_lgd_mandals_2026_v1,Continuous statutory identity; MoPR LGD 2026 Directory snapshot
TS-MDL-4315,TS-MDL-4315-V1,2016-10-11,2022-09-26,false,10 Legacy AP Districts (2014 Telangana State Formation),CONTINUING_IDENTITY,ts_lgd_mandals_2016_v1,G.O.Ms. Nos. 214-245 Rev (2016-10-11); Undivided 2016-2022 statutory baseline
TS-MDL-4315,TS-MDL-4315-V2,2022-09-26,,true,Predecessor Version TS-MDL-4315-V1,CONTINUING_IDENTITY,ts_lgd_mandals_2026_v1,Continuous statutory identity; MoPR LGD 2026 Directory snapshot
TS-MDL-4563,TS-MDL-4563-V1,2016-10-11,2022-09-26,false,10 Legacy AP Districts (2014 Telangana State Formation),CONTINUING_IDENTITY,ts_lgd_mandals_2016_v1,G.O.Ms. Nos. 214-245 Rev (2016-10-11); Undivided 2016-2022 statutory baseline
TS-MDL-4563,TS-MDL-4563-V2,2022-09-26,,true,Predecessor Version TS-MDL-4563-V1,CONTINUING_IDENTITY,ts_lgd_mandals_2026_v1,Continuous statutory identity; MoPR LGD 2026 Directory snapshot
TS-MDL-6290,TS-MDL-6290-V1,2016-10-11,2022-09-26,false,10 Legacy AP Districts (2014 Telangana State Formation),CONTINUING_IDENTITY,ts_lgd_mandals_2016_v1,G.O.Ms. Nos. 214-245 Rev (2016-10-11); Undivided 2016-2022 statutory baseline
TS-MDL-6290,TS-MDL-6290-V2,2022-09-26,,true,Predecessor Version TS-MDL-6290-V1,CONTINUING_IDENTITY,ts_lgd_mandals_2026_v1,Continuous statutory identity; MoPR LGD 2026 Directory snapshot
TS-MDL-4502,TS-MDL-4502-V1,2016-10-11,2022-09-26,false,10 Legacy AP Districts (2014 Telangana State Formation),CONTINUING_IDENTITY,ts_lgd_mandals_2016_v1,G.O.Ms. Nos. 214-245 Rev (2016-10-11); Undivided 2016-2022 statutory baseline
TS-MDL-4502,TS-MDL-4502-V2,2022-09-26,,true,Predecessor Version TS-MDL-4502-V1,CONTINUING_IDENTITY,ts_lgd_mandals_2026_v1,Continuous statutory identity; MoPR LGD 2026 Directory snapshot
TS-MDL-4326,TS-MDL-4326-V1,2016-10-11,2022-09-26,false,10 Legacy AP Districts (2014 Telangana State Formation),CONTINUING_IDENTITY,ts_lgd_mandals_2016_v1,G.O.Ms. Nos. 214-245 Rev (2016-10-11); Undivided 2016-2022 statutory baseline
TS-MDL-4326,TS-MDL-4326-V2,2022-09-26,,true,Predecessor Version TS-MDL-4326-V1,CONTINUING_IDENTITY,ts_lgd_mandals_2026_v1,Continuous statutory identity; MoPR LGD 2026 Directory snapshot
TS-MDL-4508,TS-MDL-4508-V1,2016-10-11,2022-09-26,false,10 Legacy AP Districts (2014 Telangana State Formation),CONTINUING_IDENTITY,ts_lgd_mandals_2016_v1,G.O.Ms. Nos. 214-245 Rev (2016-10-11); Undivided 2016-2022 statutory baseline
TS-MDL-4508,TS-MDL-4508-V2,2022-09-26,,true,Predecessor Version TS-MDL-4508-V1,CONTINUING_IDENTITY,ts_lgd_mandals_2026_v1,Continuous statutory identity; MoPR LGD 2026 Directory snapshot
TS-MDL-4557,TS-MDL-4557-V1,2016-10-11,2022-09-26,false,10 Legacy AP Districts (2014 Telangana State Formation),CONTINUING_IDENTITY,ts_lgd_mandals_2016_v1,G.O.Ms. Nos. 214-245 Rev (2016-10-11); Undivided 2016-2022 statutory baseline
TS-MDL-4557,TS-MDL-4557-V2,2022-09-26,,true,Predecessor Version TS-MDL-4557-V1,CONTINUING_IDENTITY,ts_lgd_mandals_2026_v1,Continuous statutory identity; MoPR LGD 2026 Directory snapshot
TS-MDL-6302,TS-MDL-6302-V1,2016-10-11,2022-09-26,false,10 Legacy AP Districts (2014 Telangana State Formation),CONTINUING_IDENTITY,ts_lgd_mandals_2016_v1,G.O.Ms. Nos. 214-245 Rev (2016-10-11); Undivided 2016-2022 statutory baseline
TS-MDL-6302,TS-MDL-6302-V2,2022-09-26,,true,Predecessor Version TS-MDL-6302-V1,CONTINUING_IDENTITY,ts_lgd_mandals_2026_v1,Continuous statutory identity; MoPR LGD 2026 Directory snapshot
TS-MDL-4479,TS-MDL-4479-V1,2016-10-11,2022-09-26,false,10 Legacy AP Districts (2014 Telangana State Formation),CONTINUING_IDENTITY,ts_lgd_mandals_2016_v1,G.O.Ms. Nos. 214-245 Rev (2016-10-11); Undivided 2016-2022 statutory baseline
TS-MDL-4479,TS-MDL-4479-V2,2022-09-26,,true,Predecessor Version TS-MDL-4479-V1,CONTINUING_IDENTITY,ts_lgd_mandals_2026_v1,Continuous statutory identity; MoPR LGD 2026 Directory snapshot
TS-MDL-4749,TS-MDL-4749-V1,2016-10-11,2022-09-26,false,10 Legacy AP Districts (2014 Telangana State Formation),CONTINUING_IDENTITY,ts_lgd_mandals_2016_v1,G.O.Ms. Nos. 214-245 Rev (2016-10-11); Undivided 2016-2022 statutory baseline
TS-MDL-4749,TS-MDL-4749-V2,2022-09-26,,true,Predecessor Version TS-MDL-4749-V1,CONTINUING_IDENTITY,ts_lgd_mandals_2026_v1,Continuous statutory identity; MoPR LGD 2026 Directory snapshot
TS-MDL-4626,TS-MDL-4626-V1,2016-10-11,2022-09-26,false,10 Legacy AP Districts (2014 Telangana State Formation),CONTINUING_IDENTITY,ts_lgd_mandals_2016_v1,G.O.Ms. Nos. 214-245 Rev (2016-10-11); Undivided 2016-2022 statutory baseline
TS-MDL-4626,TS-MDL-4626-V2,2022-09-26,,true,Predecessor Version TS-MDL-4626-V1,CONTINUING_IDENTITY,ts_lgd_mandals_2026_v1,Continuous statutory identity; MoPR LGD 2026 Directory snapshot
TS-MDL-4694,TS-MDL-4694-V1,2016-10-11,2022-09-26,false,10 Legacy AP Districts (2014 Telangana State Formation),CONTINUING_IDENTITY,ts_lgd_mandals_2016_v1,G.O.Ms. Nos. 214-245 Rev (2016-10-11); Undivided 2016-2022 statutory baseline
TS-MDL-4694,TS-MDL-4694-V2,2022-09-26,,true,Predecessor Version TS-MDL-4694-V1,CONTINUING_IDENTITY,ts_lgd_mandals_2026_v1,Continuous statutory identity; MoPR LGD 2026 Directory snapshot
TS-MDL-4622,TS-MDL-4622-V1,2016-10-11,2022-09-26,false,10 Legacy AP Districts (2014 Telangana State Formation),CONTINUING_IDENTITY,ts_lgd_mandals_2016_v1,G.O.Ms. Nos. 214-245 Rev (2016-10-11); Undivided 2016-2022 statutory baseline
TS-MDL-4622,TS-MDL-4622-V2,2022-09-26,,true,Predecessor Version TS-MDL-4622-V1,CONTINUING_IDENTITY,ts_lgd_mandals_2026_v1,Continuous statutory identity; MoPR LGD 2026 Directory snapshot
TS-MDL-4592,TS-MDL-4592-V1,2016-10-11,2022-09-26,false,10 Legacy AP Districts (2014 Telangana State Formation),CONTINUING_IDENTITY,ts_lgd_mandals_2016_v1,G.O.Ms. Nos. 214-245 Rev (2016-10-11); Undivided 2016-2022 statutory baseline
TS-MDL-4592,TS-MDL-4592-V2,2022-09-26,,true,Predecessor Version TS-MDL-4592-V1,CONTINUING_IDENTITY,ts_lgd_mandals_2026_v1,Continuous statutory identity; MoPR LGD 2026 Directory snapshot
TS-MDL-4630,TS-MDL-4630-V1,2016-10-11,2022-09-26,false,10 Legacy AP Districts (2014 Telangana State Formation),CONTINUING_IDENTITY,ts_lgd_mandals_2016_v1,G.O.Ms. Nos. 214-245 Rev (2016-10-11); Undivided 2016-2022 statutory baseline
TS-MDL-4630,TS-MDL-4630-V2,2022-09-26,,true,Predecessor Version TS-MDL-4630-V1,CONTINUING_IDENTITY,ts_lgd_mandals_2026_v1,Continuous statutory identity; MoPR LGD 2026 Directory snapshot
TS-MDL-4517,TS-MDL-4517-V1,2016-10-11,2022-09-26,false,10 Legacy AP Districts (2014 Telangana State Formation),CONTINUING_IDENTITY,ts_lgd_mandals_2016_v1,G.O.Ms. Nos. 214-245 Rev (2016-10-11); Undivided 2016-2022 statutory baseline
TS-MDL-4517,TS-MDL-4517-V2,2022-09-26,,true,Predecessor Version TS-MDL-4517-V1,CONTINUING_IDENTITY,ts_lgd_mandals_2026_v1,Continuous statutory identity; MoPR LGD 2026 Directory snapshot
TS-MDL-4361,TS-MDL-4361-V1,2016-10-11,2022-09-26,false,10 Legacy AP Districts (2014 Telangana State Formation),CONTINUING_IDENTITY,ts_lgd_mandals_2016_v1,G.O.Ms. Nos. 214-245 Rev (2016-10-11); Undivided 2016-2022 statutory baseline
TS-MDL-4361,TS-MDL-4361-V2,2022-09-26,,true,Predecessor Version TS-MDL-4361-V1,CONTINUING_IDENTITY,ts_lgd_mandals_2026_v1,Continuous statutory identity; MoPR LGD 2026 Directory snapshot
TS-MDL-4597,TS-MDL-4597-V1,2016-10-11,2022-09-26,false,10 Legacy AP Districts (2014 Telangana State Formation),CONTINUING_IDENTITY,ts_lgd_mandals_2016_v1,G.O.Ms. Nos. 214-245 Rev (2016-10-11); Undivided 2016-2022 statutory baseline
TS-MDL-4597,TS-MDL-4597-V2,2022-09-26,,true,Predecessor Version TS-MDL-4597-V1,CONTINUING_IDENTITY,ts_lgd_mandals_2026_v1,Continuous statutory identity; MoPR LGD 2026 Directory snapshot
TS-MDL-6323,TS-MDL-6323-V1,2016-10-11,2022-09-26,false,10 Legacy AP Districts (2014 Telangana State Formation),CONTINUING_IDENTITY,ts_lgd_mandals_2016_v1,G.O.Ms. Nos. 214-245 Rev (2016-10-11); Undivided 2016-2022 statutory baseline
TS-MDL-6323,TS-MDL-6323-V2,2022-09-26,,true,Predecessor Version TS-MDL-6323-V1,CONTINUING_IDENTITY,ts_lgd_mandals_2026_v1,Continuous statutory identity; MoPR LGD 2026 Directory snapshot
TS-MDL-4383,TS-MDL-4383-V1,2016-10-11,2022-09-26,false,10 Legacy AP Districts (2014 Telangana State Formation),CONTINUING_IDENTITY,ts_lgd_mandals_2016_v1,G.O.Ms. Nos. 214-245 Rev (2016-10-11); Undivided 2016-2022 statutory baseline
TS-MDL-4383,TS-MDL-4383-V2,2022-09-26,,true,Predecessor Version TS-MDL-4383-V1,CONTINUING_IDENTITY,ts_lgd_mandals_2026_v1,Continuous statutory identity; MoPR LGD 2026 Directory snapshot
TS-MDL-4532,TS-MDL-4532-V1,2016-10-11,2022-09-26,false,10 Legacy AP Districts (2014 Telangana State Formation),CONTINUING_IDENTITY,ts_lgd_mandals_2016_v1,G.O.Ms. Nos. 214-245 Rev (2016-10-11); Undivided 2016-2022 statutory baseline
TS-MDL-4532,TS-MDL-4532-V2,2022-09-26,,true,Predecessor Version TS-MDL-4532-V1,CONTINUING_IDENTITY,ts_lgd_mandals_2026_v1,Continuous statutory identity; MoPR LGD 2026 Directory snapshot
TS-MDL-6205,TS-MDL-6205-V1,2016-10-11,2022-09-26,false,10 Legacy AP Districts (2014 Telangana State Formation),CONTINUING_IDENTITY,ts_lgd_mandals_2016_v1,G.O.Ms. Nos. 214-245 Rev (2016-10-11); Undivided 2016-2022 statutory baseline
TS-MDL-6205,TS-MDL-6205-V2,2022-09-26,,true,Predecessor Version TS-MDL-6205-V1,CONTINUING_IDENTITY,ts_lgd_mandals_2026_v1,Continuous statutory identity; MoPR LGD 2026 Directory snapshot
TS-MDL-4742,TS-MDL-4742-V1,2016-10-11,2022-09-26,false,10 Legacy AP Districts (2014 Telangana State Formation),CONTINUING_IDENTITY,ts_lgd_mandals_2016_v1,G.O.Ms. Nos. 214-245 Rev (2016-10-11); Undivided 2016-2022 statutory baseline
TS-MDL-4742,TS-MDL-4742-V2,2022-09-26,,true,Predecessor Version TS-MDL-4742-V1,CONTINUING_IDENTITY,ts_lgd_mandals_2026_v1,Continuous statutory identity; MoPR LGD 2026 Directory snapshot
TS-MDL-4535,TS-MDL-4535-V1,2016-10-11,2022-09-26,false,10 Legacy AP Districts (2014 Telangana State Formation),CONTINUING_IDENTITY,ts_lgd_mandals_2016_v1,G.O.Ms. Nos. 214-245 Rev (2016-10-11); Undivided 2016-2022 statutory baseline
TS-MDL-4535,TS-MDL-4535-V2,2022-09-26,,true,Predecessor Version TS-MDL-4535-V1,CONTINUING_IDENTITY,ts_lgd_mandals_2026_v1,Continuous statutory identity; MoPR LGD 2026 Directory snapshot
TS-MDL-4437,TS-MDL-4437-V1,2016-10-11,2022-09-26,false,10 Legacy AP Districts (2014 Telangana State Formation),CONTINUING_IDENTITY,ts_lgd_mandals_2016_v1,G.O.Ms. Nos. 214-245 Rev (2016-10-11); Undivided 2016-2022 statutory baseline
TS-MDL-4437,TS-MDL-4437-V2,2022-09-26,,true,Predecessor Version TS-MDL-4437-V1,CONTINUING_IDENTITY,ts_lgd_mandals_2026_v1,Continuous statutory identity; MoPR LGD 2026 Directory snapshot
TS-MDL-4323,TS-MDL-4323-V1,2016-10-11,2022-09-26,false,10 Legacy AP Districts (2014 Telangana State Formation),Sonala (LGD 7516),ts_lgd_mandals_2016_v1,G.O.Ms. Nos. 214-245 Rev (2016-10-11); Bifurcated under G.O.Ms. Nos. 51-68 Rev on 2022-09-26
TS-MDL-4323,TS-MDL-4323-V2,2022-09-26,,true,Predecessor Version TS-MDL-4323-V1,Sonala (LGD 7516),ts_lgd_mandals_2026_v1,Continuing parent territory post-G.O.Ms. 51-68 Rev (2022-09-26); MoPR LGD 2026 Directory
TS-MDL-6212,TS-MDL-6212-V1,2016-10-11,2022-09-26,false,10 Legacy AP Districts (2014 Telangana State Formation),CONTINUING_IDENTITY,ts_lgd_mandals_2016_v1,G.O.Ms. Nos. 214-245 Rev (2016-10-11); Undivided 2016-2022 statutory baseline
TS-MDL-6212,TS-MDL-6212-V2,2022-09-26,,true,Predecessor Version TS-MDL-6212-V1,CONTINUING_IDENTITY,ts_lgd_mandals_2026_v1,Continuous statutory identity; MoPR LGD 2026 Directory snapshot
TS-MDL-4317,TS-MDL-4317-V1,2016-10-11,2022-09-26,false,10 Legacy AP Districts (2014 Telangana State Formation),CONTINUING_IDENTITY,ts_lgd_mandals_2016_v1,G.O.Ms. Nos. 214-245 Rev (2016-10-11); Undivided 2016-2022 statutory baseline
TS-MDL-4317,TS-MDL-4317-V2,2022-09-26,,true,Predecessor Version TS-MDL-4317-V1,CONTINUING_IDENTITY,ts_lgd_mandals_2026_v1,Continuous statutory identity; MoPR LGD 2026 Directory snapshot
TS-MDL-4308,TS-MDL-4308-V1,2016-10-11,2022-09-26,false,10 Legacy AP Districts (2014 Telangana State Formation),CONTINUING_IDENTITY,ts_lgd_mandals_2016_v1,G.O.Ms. Nos. 214-245 Rev (2016-10-11); Undivided 2016-2022 statutory baseline
TS-MDL-4308,TS-MDL-4308-V2,2022-09-26,,true,Predecessor Version TS-MDL-4308-V1,CONTINUING_IDENTITY,ts_lgd_mandals_2026_v1,Continuous statutory identity; MoPR LGD 2026 Directory snapshot
TS-MDL-4364,TS-MDL-4364-V1,2016-10-11,2022-09-26,false,10 Legacy AP Districts (2014 Telangana State Formation),CONTINUING_IDENTITY,ts_lgd_mandals_2016_v1,G.O.Ms. Nos. 214-245 Rev (2016-10-11); Undivided 2016-2022 statutory baseline
TS-MDL-4364,TS-MDL-4364-V2,2022-09-26,,true,Predecessor Version TS-MDL-4364-V1,CONTINUING_IDENTITY,ts_lgd_mandals_2026_v1,Continuous statutory identity; MoPR LGD 2026 Directory snapshot
TS-MDL-4350,TS-MDL-4350-V1,2016-10-11,2022-09-26,false,10 Legacy AP Districts (2014 Telangana State Formation),CONTINUING_IDENTITY,ts_lgd_mandals_2016_v1,G.O.Ms. Nos. 214-245 Rev (2016-10-11); Undivided 2016-2022 statutory baseline
TS-MDL-4350,TS-MDL-4350-V2,2022-09-26,,true,Predecessor Version TS-MDL-4350-V1,CONTINUING_IDENTITY,ts_lgd_mandals_2026_v1,Continuous statutory identity; MoPR LGD 2026 Directory snapshot
TS-MDL-4587,TS-MDL-4587-V1,2016-10-11,2022-09-26,false,10 Legacy AP Districts (2014 Telangana State Formation),CONTINUING_IDENTITY,ts_lgd_mandals_2016_v1,G.O.Ms. Nos. 214-245 Rev (2016-10-11); Undivided 2016-2022 statutory baseline
TS-MDL-4587,TS-MDL-4587-V2,2022-09-26,,true,Predecessor Version TS-MDL-4587-V1,CONTINUING_IDENTITY,ts_lgd_mandals_2026_v1,Continuous statutory identity; MoPR LGD 2026 Directory snapshot
TS-MDL-6228,TS-MDL-6228-V1,2016-10-11,2022-09-26,false,10 Legacy AP Districts (2014 Telangana State Formation),CONTINUING_IDENTITY,ts_lgd_mandals_2016_v1,G.O.Ms. Nos. 214-245 Rev (2016-10-11); Undivided 2016-2022 statutory baseline
TS-MDL-6228,TS-MDL-6228-V2,2022-09-26,,true,Predecessor Version TS-MDL-6228-V1,CONTINUING_IDENTITY,ts_lgd_mandals_2026_v1,Continuous statutory identity; MoPR LGD 2026 Directory snapshot
TS-MDL-6223,TS-MDL-6223-V1,2016-10-11,2022-09-26,false,10 Legacy AP Districts (2014 Telangana State Formation),CONTINUING_IDENTITY,ts_lgd_mandals_2016_v1,G.O.Ms. Nos. 214-245 Rev (2016-10-11); Undivided 2016-2022 statutory baseline
TS-MDL-6223,TS-MDL-6223-V2,2022-09-26,,true,Predecessor Version TS-MDL-6223-V1,CONTINUING_IDENTITY,ts_lgd_mandals_2026_v1,Continuous statutory identity; MoPR LGD 2026 Directory snapshot
TS-MDL-4584,TS-MDL-4584-V1,2016-10-11,2022-09-26,false,10 Legacy AP Districts (2014 Telangana State Formation),CONTINUING_IDENTITY,ts_lgd_mandals_2016_v1,G.O.Ms. Nos. 214-245 Rev (2016-10-11); Undivided 2016-2022 statutory baseline
TS-MDL-4584,TS-MDL-4584-V2,2022-09-26,,true,Predecessor Version TS-MDL-4584-V1,CONTINUING_IDENTITY,ts_lgd_mandals_2026_v1,Continuous statutory identity; MoPR LGD 2026 Directory snapshot
TS-MDL-4370,TS-MDL-4370-V1,2016-10-11,2022-09-26,false,10 Legacy AP Districts (2014 Telangana State Formation),Saloora (LGD 7532),ts_lgd_mandals_2016_v1,G.O.Ms. Nos. 214-245 Rev (2016-10-11); Bifurcated under G.O.Ms. Nos. 51-68 Rev on 2022-09-26
TS-MDL-4370,TS-MDL-4370-V2,2022-09-26,,true,Predecessor Version TS-MDL-4370-V1,Saloora (LGD 7532),ts_lgd_mandals_2026_v1,Continuing parent territory post-G.O.Ms. 51-68 Rev (2022-09-26); MoPR LGD 2026 Directory
TS-MDL-4429,TS-MDL-4429-V1,2016-10-11,2022-09-26,false,10 Legacy AP Districts (2014 Telangana State Formation),CONTINUING_IDENTITY,ts_lgd_mandals_2016_v1,G.O.Ms. Nos. 214-245 Rev (2016-10-11); Undivided 2016-2022 statutory baseline
TS-MDL-4429,TS-MDL-4429-V2,2022-09-26,,true,Predecessor Version TS-MDL-4429-V1,CONTINUING_IDENTITY,ts_lgd_mandals_2026_v1,Continuous statutory identity; MoPR LGD 2026 Directory snapshot
TS-MDL-4613,TS-MDL-4613-V1,2016-10-11,2022-09-26,false,10 Legacy AP Districts (2014 Telangana State Formation),CONTINUING_IDENTITY,ts_lgd_mandals_2016_v1,G.O.Ms. Nos. 214-245 Rev (2016-10-11); Undivided 2016-2022 statutory baseline
TS-MDL-4613,TS-MDL-4613-V2,2022-09-26,,true,Predecessor Version TS-MDL-4613-V1,CONTINUING_IDENTITY,ts_lgd_mandals_2026_v1,Continuous statutory identity; MoPR LGD 2026 Directory snapshot
TS-MDL-4550,TS-MDL-4550-V1,2016-10-11,2022-09-26,false,10 Legacy AP Districts (2014 Telangana State Formation),Dudyal (LGD 7540),ts_lgd_mandals_2016_v1,G.O.Ms. Nos. 214-245 Rev (2016-10-11); Bifurcated under G.O.Ms. Nos. 51-68 Rev on 2022-09-26
TS-MDL-4550,TS-MDL-4550-V2,2022-09-26,,true,Predecessor Version TS-MDL-4550-V1,Dudyal (LGD 7540),ts_lgd_mandals_2026_v1,Continuing parent territory post-G.O.Ms. 51-68 Rev (2022-09-26); MoPR LGD 2026 Directory
TS-MDL-4765,TS-MDL-4765-V1,2016-10-11,2022-09-26,false,10 Legacy AP Districts (2014 Telangana State Formation),CONTINUING_IDENTITY,ts_lgd_mandals_2016_v1,G.O.Ms. Nos. 214-245 Rev (2016-10-11); Undivided 2016-2022 statutory baseline
TS-MDL-4765,TS-MDL-4765-V2,2022-09-26,,true,Predecessor Version TS-MDL-4765-V1,CONTINUING_IDENTITY,ts_lgd_mandals_2026_v1,Continuous statutory identity; MoPR LGD 2026 Directory snapshot
TS-MDL-6209,TS-MDL-6209-V1,2016-10-11,2022-09-26,false,10 Legacy AP Districts (2014 Telangana State Formation),CONTINUING_IDENTITY,ts_lgd_mandals_2016_v1,G.O.Ms. Nos. 214-245 Rev (2016-10-11); Undivided 2016-2022 statutory baseline
TS-MDL-6209,TS-MDL-6209-V2,2022-09-26,,true,Predecessor Version TS-MDL-6209-V1,CONTINUING_IDENTITY,ts_lgd_mandals_2026_v1,Continuous statutory identity; MoPR LGD 2026 Directory snapshot
TS-MDL-4391,TS-MDL-4391-V1,2016-10-11,2022-09-26,false,10 Legacy AP Districts (2014 Telangana State Formation),CONTINUING_IDENTITY,ts_lgd_mandals_2016_v1,G.O.Ms. Nos. 214-245 Rev (2016-10-11); Undivided 2016-2022 statutory baseline
TS-MDL-4391,TS-MDL-4391-V2,2022-09-26,,true,Predecessor Version TS-MDL-4391-V1,CONTINUING_IDENTITY,ts_lgd_mandals_2026_v1,Continuous statutory identity; MoPR LGD 2026 Directory snapshot
TS-MDL-6242,TS-MDL-6242-V1,2016-10-11,2022-09-26,false,10 Legacy AP Districts (2014 Telangana State Formation),CONTINUING_IDENTITY,ts_lgd_mandals_2016_v1,G.O.Ms. Nos. 214-245 Rev (2016-10-11); Undivided 2016-2022 statutory baseline
TS-MDL-6242,TS-MDL-6242-V2,2022-09-26,,true,Predecessor Version TS-MDL-6242-V1,CONTINUING_IDENTITY,ts_lgd_mandals_2026_v1,Continuous statutory identity; MoPR LGD 2026 Directory snapshot
TS-MDL-4324,TS-MDL-4324-V1,2016-10-11,2022-09-26,false,10 Legacy AP Districts (2014 Telangana State Formation),Sonala (LGD 7516),ts_lgd_mandals_2016_v1,G.O.Ms. Nos. 214-245 Rev (2016-10-11); Bifurcated under G.O.Ms. Nos. 51-68 Rev on 2022-09-26
TS-MDL-4324,TS-MDL-4324-V2,2022-09-26,,true,Predecessor Version TS-MDL-4324-V1,Sonala (LGD 7516),ts_lgd_mandals_2026_v1,Continuing parent territory post-G.O.Ms. 51-68 Rev (2022-09-26); MoPR LGD 2026 Directory
TS-MDL-6213,TS-MDL-6213-V1,2016-10-11,2022-09-26,false,10 Legacy AP Districts (2014 Telangana State Formation),CONTINUING_IDENTITY,ts_lgd_mandals_2016_v1,G.O.Ms. Nos. 214-245 Rev (2016-10-11); Undivided 2016-2022 statutory baseline
TS-MDL-6213,TS-MDL-6213-V2,2022-09-26,,true,Predecessor Version TS-MDL-6213-V1,CONTINUING_IDENTITY,ts_lgd_mandals_2026_v1,Continuous statutory identity; MoPR LGD 2026 Directory snapshot
TS-MDL-4460,TS-MDL-4460-V1,2016-10-11,2022-09-26,false,10 Legacy AP Districts (2014 Telangana State Formation),CONTINUING_IDENTITY,ts_lgd_mandals_2016_v1,G.O.Ms. Nos. 214-245 Rev (2016-10-11); Undivided 2016-2022 statutory baseline
TS-MDL-4460,TS-MDL-4460-V2,2022-09-26,,true,Predecessor Version TS-MDL-4460-V1,CONTINUING_IDENTITY,ts_lgd_mandals_2026_v1,Continuous statutory identity; MoPR LGD 2026 Directory snapshot
TS-MDL-4736,TS-MDL-4736-V1,2016-10-11,2022-09-26,false,10 Legacy AP Districts (2014 Telangana State Formation),CONTINUING_IDENTITY,ts_lgd_mandals_2016_v1,G.O.Ms. Nos. 214-245 Rev (2016-10-11); Undivided 2016-2022 statutory baseline
TS-MDL-4736,TS-MDL-4736-V2,2022-09-26,,true,Predecessor Version TS-MDL-4736-V1,CONTINUING_IDENTITY,ts_lgd_mandals_2026_v1,Continuous statutory identity; MoPR LGD 2026 Directory snapshot
TS-MDL-6265,TS-MDL-6265-V1,2016-10-11,2022-09-26,false,10 Legacy AP Districts (2014 Telangana State Formation),CONTINUING_IDENTITY,ts_lgd_mandals_2016_v1,G.O.Ms. Nos. 214-245 Rev (2016-10-11); Undivided 2016-2022 statutory baseline
TS-MDL-6265,TS-MDL-6265-V2,2022-09-26,,true,Predecessor Version TS-MDL-6265-V1,CONTINUING_IDENTITY,ts_lgd_mandals_2026_v1,Continuous statutory identity; MoPR LGD 2026 Directory snapshot
TS-MDL-4652,TS-MDL-4652-V1,2016-10-11,2022-09-26,false,10 Legacy AP Districts (2014 Telangana State Formation),CONTINUING_IDENTITY,ts_lgd_mandals_2016_v1,G.O.Ms. Nos. 214-245 Rev (2016-10-11); Undivided 2016-2022 statutory baseline
TS-MDL-4652,TS-MDL-4652-V2,2022-09-26,,true,Predecessor Version TS-MDL-4652-V1,CONTINUING_IDENTITY,ts_lgd_mandals_2026_v1,Continuous statutory identity; MoPR LGD 2026 Directory snapshot
TS-MDL-4747,TS-MDL-4747-V1,2016-10-11,2022-09-26,false,10 Legacy AP Districts (2014 Telangana State Formation),CONTINUING_IDENTITY,ts_lgd_mandals_2016_v1,G.O.Ms. Nos. 214-245 Rev (2016-10-11); Undivided 2016-2022 statutory baseline
TS-MDL-4747,TS-MDL-4747-V2,2022-09-26,,true,Predecessor Version TS-MDL-4747-V1,CONTINUING_IDENTITY,ts_lgd_mandals_2026_v1,Continuous statutory identity; MoPR LGD 2026 Directory snapshot
TS-MDL-6293,TS-MDL-6293-V1,2016-10-11,2022-09-26,false,10 Legacy AP Districts (2014 Telangana State Formation),CONTINUING_IDENTITY,ts_lgd_mandals_2016_v1,G.O.Ms. Nos. 214-245 Rev (2016-10-11); Undivided 2016-2022 statutory baseline
TS-MDL-6293,TS-MDL-6293-V2,2022-09-26,,true,Predecessor Version TS-MDL-6293-V1,CONTINUING_IDENTITY,ts_lgd_mandals_2026_v1,Continuous statutory identity; MoPR LGD 2026 Directory snapshot
TS-MDL-4510,TS-MDL-4510-V1,2016-10-11,2022-09-26,false,10 Legacy AP Districts (2014 Telangana State Formation),CONTINUING_IDENTITY,ts_lgd_mandals_2016_v1,G.O.Ms. Nos. 214-245 Rev (2016-10-11); Undivided 2016-2022 statutory baseline
TS-MDL-4510,TS-MDL-4510-V2,2022-09-26,,true,Predecessor Version TS-MDL-4510-V1,CONTINUING_IDENTITY,ts_lgd_mandals_2026_v1,Continuous statutory identity; MoPR LGD 2026 Directory snapshot
TS-MDL-4419,TS-MDL-4419-V1,2016-10-11,2022-09-26,false,10 Legacy AP Districts (2014 Telangana State Formation),CONTINUING_IDENTITY,ts_lgd_mandals_2016_v1,G.O.Ms. Nos. 214-245 Rev (2016-10-11); Undivided 2016-2022 statutory baseline
TS-MDL-4419,TS-MDL-4419-V2,2022-09-26,,true,Predecessor Version TS-MDL-4419-V1,CONTINUING_IDENTITY,ts_lgd_mandals_2026_v1,Continuous statutory identity; MoPR LGD 2026 Directory snapshot
TS-MDL-4633,TS-MDL-4633-V1,2016-10-11,2022-09-26,false,10 Legacy AP Districts (2014 Telangana State Formation),CONTINUING_IDENTITY,ts_lgd_mandals_2016_v1,G.O.Ms. Nos. 214-245 Rev (2016-10-11); Undivided 2016-2022 statutory baseline
TS-MDL-4633,TS-MDL-4633-V2,2022-09-26,,true,Predecessor Version TS-MDL-4633-V1,CONTINUING_IDENTITY,ts_lgd_mandals_2026_v1,Continuous statutory identity; MoPR LGD 2026 Directory snapshot
TS-MDL-4639,TS-MDL-4639-V1,2016-10-11,2022-09-26,false,10 Legacy AP Districts (2014 Telangana State Formation),CONTINUING_IDENTITY,ts_lgd_mandals_2016_v1,G.O.Ms. Nos. 214-245 Rev (2016-10-11); Undivided 2016-2022 statutory baseline
TS-MDL-4639,TS-MDL-4639-V2,2022-09-26,,true,Predecessor Version TS-MDL-4639-V1,CONTINUING_IDENTITY,ts_lgd_mandals_2026_v1,Continuous statutory identity; MoPR LGD 2026 Directory snapshot
TS-MDL-4424,TS-MDL-4424-V1,2016-10-11,2022-09-26,false,10 Legacy AP Districts (2014 Telangana State Formation),CONTINUING_IDENTITY,ts_lgd_mandals_2016_v1,G.O.Ms. Nos. 214-245 Rev (2016-10-11); Undivided 2016-2022 statutory baseline
TS-MDL-4424,TS-MDL-4424-V2,2022-09-26,,true,Predecessor Version TS-MDL-4424-V1,CONTINUING_IDENTITY,ts_lgd_mandals_2026_v1,Continuous statutory identity; MoPR LGD 2026 Directory snapshot
TS-MDL-4631,TS-MDL-4631-V1,2016-10-11,2022-09-26,false,10 Legacy AP Districts (2014 Telangana State Formation),CONTINUING_IDENTITY,ts_lgd_mandals_2016_v1,G.O.Ms. Nos. 214-245 Rev (2016-10-11); Undivided 2016-2022 statutory baseline
TS-MDL-4631,TS-MDL-4631-V2,2022-09-26,,true,Predecessor Version TS-MDL-4631-V1,CONTINUING_IDENTITY,ts_lgd_mandals_2026_v1,Continuous statutory identity; MoPR LGD 2026 Directory snapshot
TS-MDL-4712,TS-MDL-4712-V1,2016-10-11,2022-09-26,false,10 Legacy AP Districts (2014 Telangana State Formation),CONTINUING_IDENTITY,ts_lgd_mandals_2016_v1,G.O.Ms. Nos. 214-245 Rev (2016-10-11); Undivided 2016-2022 statutory baseline
TS-MDL-4712,TS-MDL-4712-V2,2022-09-26,,true,Predecessor Version TS-MDL-4712-V1,CONTINUING_IDENTITY,ts_lgd_mandals_2026_v1,Continuous statutory identity; MoPR LGD 2026 Directory snapshot
TS-MDL-4356,TS-MDL-4356-V1,2016-10-11,2022-09-26,false,10 Legacy AP Districts (2014 Telangana State Formation),CONTINUING_IDENTITY,ts_lgd_mandals_2016_v1,G.O.Ms. Nos. 214-245 Rev (2016-10-11); Undivided 2016-2022 statutory baseline
TS-MDL-4356,TS-MDL-4356-V2,2022-09-26,,true,Predecessor Version TS-MDL-4356-V1,CONTINUING_IDENTITY,ts_lgd_mandals_2026_v1,Continuous statutory identity; MoPR LGD 2026 Directory snapshot
TS-MDL-4672,TS-MDL-4672-V1,2016-10-11,2020-09-24,false,10 Legacy AP Districts (2014 Telangana State Formation),Dhoolmitta (LGD 7189),ts_lgd_mandals_2016_v1,G.O.Ms. Nos. 214-245 Rev (2016-10-11); Bifurcated under G.O.Ms. Nos. 108-112 Rev on 2020-09-24
TS-MDL-4672,TS-MDL-4672-V2,2020-09-24,,true,Predecessor Version TS-MDL-4672-V1,Dhoolmitta (LGD 7189),ts_lgd_mandals_2026_v1,Continuing parent territory post-G.O.Ms. 108-112 Rev (2020-09-24); MoPR LGD 2026 Directory
TS-MDL-4477,TS-MDL-4477-V1,2016-10-11,2022-09-26,false,10 Legacy AP Districts (2014 Telangana State Formation),CONTINUING_IDENTITY,ts_lgd_mandals_2016_v1,G.O.Ms. Nos. 214-245 Rev (2016-10-11); Undivided 2016-2022 statutory baseline
TS-MDL-4477,TS-MDL-4477-V2,2022-09-26,,true,Predecessor Version TS-MDL-4477-V1,CONTINUING_IDENTITY,ts_lgd_mandals_2026_v1,Continuous statutory identity; MoPR LGD 2026 Directory snapshot
TS-MDL-4647,TS-MDL-4647-V1,2016-10-11,2022-09-26,false,10 Legacy AP Districts (2014 Telangana State Formation),Gattuppal (LGD 7526),ts_lgd_mandals_2016_v1,G.O.Ms. Nos. 214-245 Rev (2016-10-11); Bifurcated under G.O.Ms. Nos. 51-68 Rev on 2022-09-26
TS-MDL-4647,TS-MDL-4647-V2,2022-09-26,,true,Predecessor Version TS-MDL-4647-V1,Gattuppal (LGD 7526),ts_lgd_mandals_2026_v1,Continuing parent territory post-G.O.Ms. 51-68 Rev (2022-09-26); MoPR LGD 2026 Directory
TS-MDL-4726,TS-MDL-4726-V1,2016-10-11,2022-09-26,false,10 Legacy AP Districts (2014 Telangana State Formation),CONTINUING_IDENTITY,ts_lgd_mandals_2016_v1,G.O.Ms. Nos. 214-245 Rev (2016-10-11); Undivided 2016-2022 statutory baseline
TS-MDL-4726,TS-MDL-4726-V2,2022-09-26,,true,Predecessor Version TS-MDL-4726-V1,CONTINUING_IDENTITY,ts_lgd_mandals_2026_v1,Continuous statutory identity; MoPR LGD 2026 Directory snapshot
TS-MDL-4442,TS-MDL-4442-V1,2016-10-11,2022-09-26,false,10 Legacy AP Districts (2014 Telangana State Formation),CONTINUING_IDENTITY,ts_lgd_mandals_2016_v1,G.O.Ms. Nos. 214-245 Rev (2016-10-11); Undivided 2016-2022 statutory baseline
TS-MDL-4442,TS-MDL-4442-V2,2022-09-26,,true,Predecessor Version TS-MDL-4442-V1,CONTINUING_IDENTITY,ts_lgd_mandals_2026_v1,Continuous statutory identity; MoPR LGD 2026 Directory snapshot
TS-MDL-4667,TS-MDL-4667-V1,2016-10-11,2022-09-26,false,10 Legacy AP Districts (2014 Telangana State Formation),CONTINUING_IDENTITY,ts_lgd_mandals_2016_v1,G.O.Ms. Nos. 214-245 Rev (2016-10-11); Undivided 2016-2022 statutory baseline
TS-MDL-4667,TS-MDL-4667-V2,2022-09-26,,true,Predecessor Version TS-MDL-4667-V1,CONTINUING_IDENTITY,ts_lgd_mandals_2026_v1,Continuous statutory identity; MoPR LGD 2026 Directory snapshot
TS-MDL-4434,TS-MDL-4434-V1,2016-10-11,2022-09-26,false,10 Legacy AP Districts (2014 Telangana State Formation),CONTINUING_IDENTITY,ts_lgd_mandals_2016_v1,G.O.Ms. Nos. 214-245 Rev (2016-10-11); Undivided 2016-2022 statutory baseline
TS-MDL-4434,TS-MDL-4434-V2,2022-09-26,,true,Predecessor Version TS-MDL-4434-V1,CONTINUING_IDENTITY,ts_lgd_mandals_2026_v1,Continuous statutory identity; MoPR LGD 2026 Directory snapshot
TS-MDL-4329,TS-MDL-4329-V1,2016-10-11,2022-09-26,false,10 Legacy AP Districts (2014 Telangana State Formation),CONTINUING_IDENTITY,ts_lgd_mandals_2016_v1,G.O.Ms. Nos. 214-245 Rev (2016-10-11); Undivided 2016-2022 statutory baseline
TS-MDL-4329,TS-MDL-4329-V2,2022-09-26,,true,Predecessor Version TS-MDL-4329-V1,CONTINUING_IDENTITY,ts_lgd_mandals_2026_v1,Continuous statutory identity; MoPR LGD 2026 Directory snapshot
TS-MDL-4653,TS-MDL-4653-V1,2016-10-11,2022-09-26,false,10 Legacy AP Districts (2014 Telangana State Formation),CONTINUING_IDENTITY,ts_lgd_mandals_2016_v1,G.O.Ms. Nos. 214-245 Rev (2016-10-11); Undivided 2016-2022 statutory baseline
TS-MDL-4653,TS-MDL-4653-V2,2022-09-26,,true,Predecessor Version TS-MDL-4653-V1,CONTINUING_IDENTITY,ts_lgd_mandals_2026_v1,Continuous statutory identity; MoPR LGD 2026 Directory snapshot
TS-MDL-4573,TS-MDL-4573-V1,2016-10-11,2022-09-26,false,10 Legacy AP Districts (2014 Telangana State Formation),Koukuntla (LGD 7522),ts_lgd_mandals_2016_v1,G.O.Ms. Nos. 214-245 Rev (2016-10-11); Bifurcated under G.O.Ms. Nos. 51-68 Rev on 2022-09-26
TS-MDL-4573,TS-MDL-4573-V2,2022-09-26,,true,Predecessor Version TS-MDL-4573-V1,Koukuntla (LGD 7522),ts_lgd_mandals_2026_v1,Continuing parent territory post-G.O.Ms. 51-68 Rev (2022-09-26); MoPR LGD 2026 Directory
TS-MDL-4701,TS-MDL-4701-V1,2016-10-11,2022-09-26,false,10 Legacy AP Districts (2014 Telangana State Formation),CONTINUING_IDENTITY,ts_lgd_mandals_2016_v1,G.O.Ms. Nos. 214-245 Rev (2016-10-11); Undivided 2016-2022 statutory baseline
TS-MDL-4701,TS-MDL-4701-V2,2022-09-26,,true,Predecessor Version TS-MDL-4701-V1,CONTINUING_IDENTITY,ts_lgd_mandals_2026_v1,Continuous statutory identity; MoPR LGD 2026 Directory snapshot
TS-MDL-4768,TS-MDL-4768-V1,2016-10-11,2022-09-26,false,10 Legacy AP Districts (2014 Telangana State Formation),CONTINUING_IDENTITY,ts_lgd_mandals_2016_v1,G.O.Ms. Nos. 214-245 Rev (2016-10-11); Undivided 2016-2022 statutory baseline
TS-MDL-4768,TS-MDL-4768-V2,2022-09-26,,true,Predecessor Version TS-MDL-4768-V1,CONTINUING_IDENTITY,ts_lgd_mandals_2026_v1,Continuous statutory identity; MoPR LGD 2026 Directory snapshot
TS-MDL-4638,TS-MDL-4638-V1,2016-10-11,2022-09-26,false,10 Legacy AP Districts (2014 Telangana State Formation),CONTINUING_IDENTITY,ts_lgd_mandals_2016_v1,G.O.Ms. Nos. 214-245 Rev (2016-10-11); Undivided 2016-2022 statutory baseline
TS-MDL-4638,TS-MDL-4638-V2,2022-09-26,,true,Predecessor Version TS-MDL-4638-V1,CONTINUING_IDENTITY,ts_lgd_mandals_2026_v1,Continuous statutory identity; MoPR LGD 2026 Directory snapshot
TS-MDL-4687,TS-MDL-4687-V1,2016-10-11,2022-09-26,false,10 Legacy AP Districts (2014 Telangana State Formation),CONTINUING_IDENTITY,ts_lgd_mandals_2016_v1,G.O.Ms. Nos. 214-245 Rev (2016-10-11); Undivided 2016-2022 statutory baseline
TS-MDL-4687,TS-MDL-4687-V2,2022-09-26,,true,Predecessor Version TS-MDL-4687-V1,CONTINUING_IDENTITY,ts_lgd_mandals_2026_v1,Continuous statutory identity; MoPR LGD 2026 Directory snapshot
TS-MDL-4389,TS-MDL-4389-V1,2016-10-11,2022-09-26,false,10 Legacy AP Districts (2014 Telangana State Formation),CONTINUING_IDENTITY,ts_lgd_mandals_2016_v1,G.O.Ms. Nos. 214-245 Rev (2016-10-11); Undivided 2016-2022 statutory baseline
TS-MDL-4389,TS-MDL-4389-V2,2022-09-26,,true,Predecessor Version TS-MDL-4389-V1,CONTINUING_IDENTITY,ts_lgd_mandals_2026_v1,Continuous statutory identity; MoPR LGD 2026 Directory snapshot
TS-MDL-4309,TS-MDL-4309-V1,2016-10-11,2022-09-26,false,10 Legacy AP Districts (2014 Telangana State Formation),CONTINUING_IDENTITY,ts_lgd_mandals_2016_v1,G.O.Ms. Nos. 214-245 Rev (2016-10-11); Undivided 2016-2022 statutory baseline
TS-MDL-4309,TS-MDL-4309-V2,2022-09-26,,true,Predecessor Version TS-MDL-4309-V1,CONTINUING_IDENTITY,ts_lgd_mandals_2026_v1,Continuous statutory identity; MoPR LGD 2026 Directory snapshot
TS-MDL-4305,TS-MDL-4305-V1,2016-10-11,2022-09-26,false,10 Legacy AP Districts (2014 Telangana State Formation),CONTINUING_IDENTITY,ts_lgd_mandals_2016_v1,G.O.Ms. Nos. 214-245 Rev (2016-10-11); Undivided 2016-2022 statutory baseline
TS-MDL-4305,TS-MDL-4305-V2,2022-09-26,,true,Predecessor Version TS-MDL-4305-V1,CONTINUING_IDENTITY,ts_lgd_mandals_2026_v1,Continuous statutory identity; MoPR LGD 2026 Directory snapshot
TS-MDL-4332,TS-MDL-4332-V1,2016-10-11,2022-09-26,false,10 Legacy AP Districts (2014 Telangana State Formation),CONTINUING_IDENTITY,ts_lgd_mandals_2016_v1,G.O.Ms. Nos. 214-245 Rev (2016-10-11); Undivided 2016-2022 statutory baseline
TS-MDL-4332,TS-MDL-4332-V2,2022-09-26,,true,Predecessor Version TS-MDL-4332-V1,CONTINUING_IDENTITY,ts_lgd_mandals_2026_v1,Continuous statutory identity; MoPR LGD 2026 Directory snapshot
TS-MDL-4534,TS-MDL-4534-V1,2016-10-11,2022-09-26,false,10 Legacy AP Districts (2014 Telangana State Formation),CONTINUING_IDENTITY,ts_lgd_mandals_2016_v1,G.O.Ms. Nos. 214-245 Rev (2016-10-11); Undivided 2016-2022 statutory baseline
TS-MDL-4534,TS-MDL-4534-V2,2022-09-26,,true,Predecessor Version TS-MDL-4534-V1,CONTINUING_IDENTITY,ts_lgd_mandals_2026_v1,Continuous statutory identity; MoPR LGD 2026 Directory snapshot
TS-MDL-4469,TS-MDL-4469-V1,2016-10-11,2022-09-26,false,10 Legacy AP Districts (2014 Telangana State Formation),CONTINUING_IDENTITY,ts_lgd_mandals_2016_v1,G.O.Ms. Nos. 214-245 Rev (2016-10-11); Undivided 2016-2022 statutory baseline
TS-MDL-4469,TS-MDL-4469-V2,2022-09-26,,true,Predecessor Version TS-MDL-4469-V1,CONTINUING_IDENTITY,ts_lgd_mandals_2026_v1,Continuous statutory identity; MoPR LGD 2026 Directory snapshot
TS-MDL-4412,TS-MDL-4412-V1,2016-10-11,2022-09-26,false,10 Legacy AP Districts (2014 Telangana State Formation),CONTINUING_IDENTITY,ts_lgd_mandals_2016_v1,G.O.Ms. Nos. 214-245 Rev (2016-10-11); Undivided 2016-2022 statutory baseline
TS-MDL-4412,TS-MDL-4412-V2,2022-09-26,,true,Predecessor Version TS-MDL-4412-V1,CONTINUING_IDENTITY,ts_lgd_mandals_2026_v1,Continuous statutory identity; MoPR LGD 2026 Directory snapshot
TS-MDL-4739,TS-MDL-4739-V1,2016-10-11,2022-09-26,false,10 Legacy AP Districts (2014 Telangana State Formation),CONTINUING_IDENTITY,ts_lgd_mandals_2016_v1,G.O.Ms. Nos. 214-245 Rev (2016-10-11); Undivided 2016-2022 statutory baseline
TS-MDL-4739,TS-MDL-4739-V2,2022-09-26,,true,Predecessor Version TS-MDL-4739-V1,CONTINUING_IDENTITY,ts_lgd_mandals_2026_v1,Continuous statutory identity; MoPR LGD 2026 Directory snapshot
TS-MDL-6207,TS-MDL-6207-V1,2016-10-11,2022-09-26,false,10 Legacy AP Districts (2014 Telangana State Formation),CONTINUING_IDENTITY,ts_lgd_mandals_2016_v1,G.O.Ms. Nos. 214-245 Rev (2016-10-11); Undivided 2016-2022 statutory baseline
TS-MDL-6207,TS-MDL-6207-V2,2022-09-26,,true,Predecessor Version TS-MDL-6207-V1,CONTINUING_IDENTITY,ts_lgd_mandals_2026_v1,Continuous statutory identity; MoPR LGD 2026 Directory snapshot
TS-MDL-6248,TS-MDL-6248-V1,2016-10-11,2022-09-26,false,10 Legacy AP Districts (2014 Telangana State Formation),CONTINUING_IDENTITY,ts_lgd_mandals_2016_v1,G.O.Ms. Nos. 214-245 Rev (2016-10-11); Undivided 2016-2022 statutory baseline
TS-MDL-6248,TS-MDL-6248-V2,2022-09-26,,true,Predecessor Version TS-MDL-6248-V1,CONTINUING_IDENTITY,ts_lgd_mandals_2026_v1,Continuous statutory identity; MoPR LGD 2026 Directory snapshot
TS-MDL-4531,TS-MDL-4531-V1,2016-10-11,2022-09-26,false,10 Legacy AP Districts (2014 Telangana State Formation),CONTINUING_IDENTITY,ts_lgd_mandals_2016_v1,G.O.Ms. Nos. 214-245 Rev (2016-10-11); Undivided 2016-2022 statutory baseline
TS-MDL-4531,TS-MDL-4531-V2,2022-09-26,,true,Predecessor Version TS-MDL-4531-V1,CONTINUING_IDENTITY,ts_lgd_mandals_2026_v1,Continuous statutory identity; MoPR LGD 2026 Directory snapshot
TS-MDL-4378,TS-MDL-4378-V1,2016-10-11,2022-09-26,false,10 Legacy AP Districts (2014 Telangana State Formation),CONTINUING_IDENTITY,ts_lgd_mandals_2016_v1,G.O.Ms. Nos. 214-245 Rev (2016-10-11); Undivided 2016-2022 statutory baseline
TS-MDL-4378,TS-MDL-4378-V2,2022-09-26,,true,Predecessor Version TS-MDL-4378-V1,CONTINUING_IDENTITY,ts_lgd_mandals_2026_v1,Continuous statutory identity; MoPR LGD 2026 Directory snapshot
TS-MDL-4377,TS-MDL-4377-V1,2016-10-11,2022-09-26,false,10 Legacy AP Districts (2014 Telangana State Formation),CONTINUING_IDENTITY,ts_lgd_mandals_2016_v1,G.O.Ms. Nos. 214-245 Rev (2016-10-11); Undivided 2016-2022 statutory baseline
TS-MDL-4377,TS-MDL-4377-V2,2022-09-26,,true,Predecessor Version TS-MDL-4377-V1,CONTINUING_IDENTITY,ts_lgd_mandals_2026_v1,Continuous statutory identity; MoPR LGD 2026 Directory snapshot
TS-MDL-4537,TS-MDL-4537-V1,2016-10-11,2022-09-26,false,10 Legacy AP Districts (2014 Telangana State Formation),CONTINUING_IDENTITY,ts_lgd_mandals_2016_v1,G.O.Ms. Nos. 214-245 Rev (2016-10-11); Undivided 2016-2022 statutory baseline
TS-MDL-4537,TS-MDL-4537-V2,2022-09-26,,true,Predecessor Version TS-MDL-4537-V1,CONTINUING_IDENTITY,ts_lgd_mandals_2026_v1,Continuous statutory identity; MoPR LGD 2026 Directory snapshot
TS-MDL-4740,TS-MDL-4740-V1,2016-10-11,2022-09-26,false,10 Legacy AP Districts (2014 Telangana State Formation),CONTINUING_IDENTITY,ts_lgd_mandals_2016_v1,G.O.Ms. Nos. 214-245 Rev (2016-10-11); Undivided 2016-2022 statutory baseline
TS-MDL-4740,TS-MDL-4740-V2,2022-09-26,,true,Predecessor Version TS-MDL-4740-V1,CONTINUING_IDENTITY,ts_lgd_mandals_2026_v1,Continuous statutory identity; MoPR LGD 2026 Directory snapshot
TS-MDL-4552,TS-MDL-4552-V1,2016-10-11,2022-09-26,false,10 Legacy AP Districts (2014 Telangana State Formation),CONTINUING_IDENTITY,ts_lgd_mandals_2016_v1,G.O.Ms. Nos. 214-245 Rev (2016-10-11); Undivided 2016-2022 statutory baseline
TS-MDL-4552,TS-MDL-4552-V2,2022-09-26,,true,Predecessor Version TS-MDL-4552-V1,CONTINUING_IDENTITY,ts_lgd_mandals_2026_v1,Continuous statutory identity; MoPR LGD 2026 Directory snapshot
TS-MDL-4458,TS-MDL-4458-V1,2016-10-11,2022-09-26,false,10 Legacy AP Districts (2014 Telangana State Formation),Akberpet-Bhoompally (LGD 7524),ts_lgd_mandals_2016_v1,G.O.Ms. Nos. 214-245 Rev (2016-10-11); Bifurcated under G.O.Ms. Nos. 51-68 Rev on 2022-09-26
TS-MDL-4458,TS-MDL-4458-V2,2022-09-26,,true,Predecessor Version TS-MDL-4458-V1,Akberpet-Bhoompally (LGD 7524),ts_lgd_mandals_2026_v1,Continuing parent territory post-G.O.Ms. 51-68 Rev (2022-09-26); MoPR LGD 2026 Directory
TS-MDL-4693,TS-MDL-4693-V1,2016-10-11,2022-09-26,false,10 Legacy AP Districts (2014 Telangana State Formation),CONTINUING_IDENTITY,ts_lgd_mandals_2016_v1,G.O.Ms. Nos. 214-245 Rev (2016-10-11); Undivided 2016-2022 statutory baseline
TS-MDL-4693,TS-MDL-4693-V2,2022-09-26,,true,Predecessor Version TS-MDL-4693-V1,CONTINUING_IDENTITY,ts_lgd_mandals_2026_v1,Continuous statutory identity; MoPR LGD 2026 Directory snapshot
TS-MDL-6217,TS-MDL-6217-V1,2016-10-11,2022-09-26,false,10 Legacy AP Districts (2014 Telangana State Formation),CONTINUING_IDENTITY,ts_lgd_mandals_2016_v1,G.O.Ms. Nos. 214-245 Rev (2016-10-11); Undivided 2016-2022 statutory baseline
TS-MDL-6217,TS-MDL-6217-V2,2022-09-26,,true,Predecessor Version TS-MDL-6217-V1,CONTINUING_IDENTITY,ts_lgd_mandals_2026_v1,Continuous statutory identity; MoPR LGD 2026 Directory snapshot
TS-MDL-6316,TS-MDL-6316-V1,2016-10-11,2022-09-26,false,10 Legacy AP Districts (2014 Telangana State Formation),CONTINUING_IDENTITY,ts_lgd_mandals_2016_v1,G.O.Ms. Nos. 214-245 Rev (2016-10-11); Undivided 2016-2022 statutory baseline
TS-MDL-6316,TS-MDL-6316-V2,2022-09-26,,true,Predecessor Version TS-MDL-6316-V1,CONTINUING_IDENTITY,ts_lgd_mandals_2026_v1,Continuous statutory identity; MoPR LGD 2026 Directory snapshot
TS-MDL-4410,TS-MDL-4410-V1,2016-10-11,2022-09-26,false,10 Legacy AP Districts (2014 Telangana State Formation),CONTINUING_IDENTITY,ts_lgd_mandals_2016_v1,G.O.Ms. Nos. 214-245 Rev (2016-10-11); Undivided 2016-2022 statutory baseline
TS-MDL-4410,TS-MDL-4410-V2,2022-09-26,,true,Predecessor Version TS-MDL-4410-V1,CONTINUING_IDENTITY,ts_lgd_mandals_2026_v1,Continuous statutory identity; MoPR LGD 2026 Directory snapshot
TS-MDL-4449,TS-MDL-4449-V1,2016-10-11,2022-09-26,false,10 Legacy AP Districts (2014 Telangana State Formation),CONTINUING_IDENTITY,ts_lgd_mandals_2016_v1,G.O.Ms. Nos. 214-245 Rev (2016-10-11); Undivided 2016-2022 statutory baseline
TS-MDL-4449,TS-MDL-4449-V2,2022-09-26,,true,Predecessor Version TS-MDL-4449-V1,CONTINUING_IDENTITY,ts_lgd_mandals_2026_v1,Continuous statutory identity; MoPR LGD 2026 Directory snapshot
TS-MDL-6234,TS-MDL-6234-V1,2016-10-11,2022-09-26,false,10 Legacy AP Districts (2014 Telangana State Formation),CONTINUING_IDENTITY,ts_lgd_mandals_2016_v1,G.O.Ms. Nos. 214-245 Rev (2016-10-11); Undivided 2016-2022 statutory baseline
TS-MDL-6234,TS-MDL-6234-V2,2022-09-26,,true,Predecessor Version TS-MDL-6234-V1,CONTINUING_IDENTITY,ts_lgd_mandals_2026_v1,Continuous statutory identity; MoPR LGD 2026 Directory snapshot
TS-MDL-4538,TS-MDL-4538-V1,2016-10-11,2020-09-24,false,10 Legacy AP Districts (2014 Telangana State Formation),Mohammadabad (LGD 7187),ts_lgd_mandals_2016_v1,G.O.Ms. Nos. 214-245 Rev (2016-10-11); Bifurcated under G.O.Ms. Nos. 108-112 Rev on 2020-09-24
TS-MDL-4538,TS-MDL-4538-V2,2020-09-24,,true,Predecessor Version TS-MDL-4538-V1,Mohammadabad (LGD 7187),ts_lgd_mandals_2026_v1,Continuing parent territory post-G.O.Ms. 108-112 Rev (2020-09-24); MoPR LGD 2026 Directory
TS-MDL-4382,TS-MDL-4382-V1,2016-10-11,2022-09-26,false,10 Legacy AP Districts (2014 Telangana State Formation),CONTINUING_IDENTITY,ts_lgd_mandals_2016_v1,G.O.Ms. Nos. 214-245 Rev (2016-10-11); Undivided 2016-2022 statutory baseline
TS-MDL-4382,TS-MDL-4382-V2,2022-09-26,,true,Predecessor Version TS-MDL-4382-V1,CONTINUING_IDENTITY,ts_lgd_mandals_2026_v1,Continuous statutory identity; MoPR LGD 2026 Directory snapshot
TS-MDL-6320,TS-MDL-6320-V1,2016-10-11,2022-09-26,false,10 Legacy AP Districts (2014 Telangana State Formation),CONTINUING_IDENTITY,ts_lgd_mandals_2016_v1,G.O.Ms. Nos. 214-245 Rev (2016-10-11); Undivided 2016-2022 statutory baseline
TS-MDL-6320,TS-MDL-6320-V2,2022-09-26,,true,Predecessor Version TS-MDL-6320-V1,CONTINUING_IDENTITY,ts_lgd_mandals_2026_v1,Continuous statutory identity; MoPR LGD 2026 Directory snapshot
TS-MDL-4422,TS-MDL-4422-V1,2016-10-11,2022-09-26,false,10 Legacy AP Districts (2014 Telangana State Formation),CONTINUING_IDENTITY,ts_lgd_mandals_2016_v1,G.O.Ms. Nos. 214-245 Rev (2016-10-11); Undivided 2016-2022 statutory baseline
TS-MDL-4422,TS-MDL-4422-V2,2022-09-26,,true,Predecessor Version TS-MDL-4422-V1,CONTINUING_IDENTITY,ts_lgd_mandals_2026_v1,Continuous statutory identity; MoPR LGD 2026 Directory snapshot
TS-MDL-4507,TS-MDL-4507-V1,2016-10-11,2022-09-26,false,10 Legacy AP Districts (2014 Telangana State Formation),CONTINUING_IDENTITY,ts_lgd_mandals_2016_v1,G.O.Ms. Nos. 214-245 Rev (2016-10-11); Undivided 2016-2022 statutory baseline
TS-MDL-4507,TS-MDL-4507-V2,2022-09-26,,true,Predecessor Version TS-MDL-4507-V1,CONTINUING_IDENTITY,ts_lgd_mandals_2026_v1,Continuous statutory identity; MoPR LGD 2026 Directory snapshot
TS-MDL-6668,TS-MDL-6668-V1,2016-10-11,2022-09-26,false,10 Legacy AP Districts (2014 Telangana State Formation),CONTINUING_IDENTITY,ts_lgd_mandals_2016_v1,G.O.Ms. Nos. 214-245 Rev (2016-10-11); Undivided 2016-2022 statutory baseline
TS-MDL-6668,TS-MDL-6668-V2,2022-09-26,,true,Predecessor Version TS-MDL-6668-V1,CONTINUING_IDENTITY,ts_lgd_mandals_2026_v1,Continuous statutory identity; MoPR LGD 2026 Directory snapshot
TS-MDL-4559,TS-MDL-4559-V1,2016-10-11,2022-09-26,false,10 Legacy AP Districts (2014 Telangana State Formation),CONTINUING_IDENTITY,ts_lgd_mandals_2016_v1,G.O.Ms. Nos. 214-245 Rev (2016-10-11); Undivided 2016-2022 statutory baseline
TS-MDL-4559,TS-MDL-4559-V2,2022-09-26,,true,Predecessor Version TS-MDL-4559-V1,CONTINUING_IDENTITY,ts_lgd_mandals_2026_v1,Continuous statutory identity; MoPR LGD 2026 Directory snapshot
TS-MDL-6257,TS-MDL-6257-V1,2016-10-11,2022-09-26,false,10 Legacy AP Districts (2014 Telangana State Formation),CONTINUING_IDENTITY,ts_lgd_mandals_2016_v1,G.O.Ms. Nos. 214-245 Rev (2016-10-11); Undivided 2016-2022 statutory baseline
TS-MDL-6257,TS-MDL-6257-V2,2022-09-26,,true,Predecessor Version TS-MDL-6257-V1,CONTINUING_IDENTITY,ts_lgd_mandals_2026_v1,Continuous statutory identity; MoPR LGD 2026 Directory snapshot
TS-MDL-4438,TS-MDL-4438-V1,2016-10-11,2022-09-26,false,10 Legacy AP Districts (2014 Telangana State Formation),CONTINUING_IDENTITY,ts_lgd_mandals_2016_v1,G.O.Ms. Nos. 214-245 Rev (2016-10-11); Undivided 2016-2022 statutory baseline
TS-MDL-4438,TS-MDL-4438-V2,2022-09-26,,true,Predecessor Version TS-MDL-4438-V1,CONTINUING_IDENTITY,ts_lgd_mandals_2026_v1,Continuous statutory identity; MoPR LGD 2026 Directory snapshot
TS-MDL-4603,TS-MDL-4603-V1,2016-10-11,2022-09-26,false,10 Legacy AP Districts (2014 Telangana State Formation),CONTINUING_IDENTITY,ts_lgd_mandals_2016_v1,G.O.Ms. Nos. 214-245 Rev (2016-10-11); Undivided 2016-2022 statutory baseline
TS-MDL-4603,TS-MDL-4603-V2,2022-09-26,,true,Predecessor Version TS-MDL-4603-V1,CONTINUING_IDENTITY,ts_lgd_mandals_2026_v1,Continuous statutory identity; MoPR LGD 2026 Directory snapshot
TS-MDL-4483,TS-MDL-4483-V1,2016-10-11,2022-09-26,false,10 Legacy AP Districts (2014 Telangana State Formation),CONTINUING_IDENTITY,ts_lgd_mandals_2016_v1,G.O.Ms. Nos. 214-245 Rev (2016-10-11); Undivided 2016-2022 statutory baseline
TS-MDL-4483,TS-MDL-4483-V2,2022-09-26,,true,Predecessor Version TS-MDL-4483-V1,CONTINUING_IDENTITY,ts_lgd_mandals_2026_v1,Continuous statutory identity; MoPR LGD 2026 Directory snapshot
TS-MDL-4503,TS-MDL-4503-V1,2016-10-11,2022-09-26,false,10 Legacy AP Districts (2014 Telangana State Formation),CONTINUING_IDENTITY,ts_lgd_mandals_2016_v1,G.O.Ms. Nos. 214-245 Rev (2016-10-11); Undivided 2016-2022 statutory baseline
TS-MDL-4503,TS-MDL-4503-V2,2022-09-26,,true,Predecessor Version TS-MDL-4503-V1,CONTINUING_IDENTITY,ts_lgd_mandals_2026_v1,Continuous statutory identity; MoPR LGD 2026 Directory snapshot
TS-MDL-4432,TS-MDL-4432-V1,2016-10-11,2022-09-26,false,10 Legacy AP Districts (2014 Telangana State Formation),CONTINUING_IDENTITY,ts_lgd_mandals_2016_v1,G.O.Ms. Nos. 214-245 Rev (2016-10-11); Undivided 2016-2022 statutory baseline
TS-MDL-4432,TS-MDL-4432-V2,2022-09-26,,true,Predecessor Version TS-MDL-4432-V1,CONTINUING_IDENTITY,ts_lgd_mandals_2026_v1,Continuous statutory identity; MoPR LGD 2026 Directory snapshot
TS-MDL-6259,TS-MDL-6259-V1,2016-10-11,2022-09-26,false,10 Legacy AP Districts (2014 Telangana State Formation),CONTINUING_IDENTITY,ts_lgd_mandals_2016_v1,G.O.Ms. Nos. 214-245 Rev (2016-10-11); Undivided 2016-2022 statutory baseline
TS-MDL-6259,TS-MDL-6259-V2,2022-09-26,,true,Predecessor Version TS-MDL-6259-V1,CONTINUING_IDENTITY,ts_lgd_mandals_2026_v1,Continuous statutory identity; MoPR LGD 2026 Directory snapshot
TS-MDL-6254,TS-MDL-6254-V1,2016-10-11,2022-09-26,false,10 Legacy AP Districts (2014 Telangana State Formation),CONTINUING_IDENTITY,ts_lgd_mandals_2016_v1,G.O.Ms. Nos. 214-245 Rev (2016-10-11); Undivided 2016-2022 statutory baseline
TS-MDL-6254,TS-MDL-6254-V2,2022-09-26,,true,Predecessor Version TS-MDL-6254-V1,CONTINUING_IDENTITY,ts_lgd_mandals_2026_v1,Continuous statutory identity; MoPR LGD 2026 Directory snapshot
TS-MDL-6232,TS-MDL-6232-V1,2016-10-11,2022-09-26,false,10 Legacy AP Districts (2014 Telangana State Formation),CONTINUING_IDENTITY,ts_lgd_mandals_2016_v1,G.O.Ms. Nos. 214-245 Rev (2016-10-11); Undivided 2016-2022 statutory baseline
TS-MDL-6232,TS-MDL-6232-V2,2022-09-26,,true,Predecessor Version TS-MDL-6232-V1,CONTINUING_IDENTITY,ts_lgd_mandals_2026_v1,Continuous statutory identity; MoPR LGD 2026 Directory snapshot
TS-MDL-4666,TS-MDL-4666-V1,2016-10-11,2022-09-26,false,10 Legacy AP Districts (2014 Telangana State Formation),CONTINUING_IDENTITY,ts_lgd_mandals_2016_v1,G.O.Ms. Nos. 214-245 Rev (2016-10-11); Undivided 2016-2022 statutory baseline
TS-MDL-4666,TS-MDL-4666-V2,2022-09-26,,true,Predecessor Version TS-MDL-4666-V1,CONTINUING_IDENTITY,ts_lgd_mandals_2026_v1,Continuous statutory identity; MoPR LGD 2026 Directory snapshot
TS-MDL-4743,TS-MDL-4743-V1,2016-10-11,2022-09-26,false,10 Legacy AP Districts (2014 Telangana State Formation),CONTINUING_IDENTITY,ts_lgd_mandals_2016_v1,G.O.Ms. Nos. 214-245 Rev (2016-10-11); Undivided 2016-2022 statutory baseline
TS-MDL-4743,TS-MDL-4743-V2,2022-09-26,,true,Predecessor Version TS-MDL-4743-V1,CONTINUING_IDENTITY,ts_lgd_mandals_2026_v1,Continuous statutory identity; MoPR LGD 2026 Directory snapshot
TS-MDL-4707,TS-MDL-4707-V1,2016-10-11,2022-09-26,false,10 Legacy AP Districts (2014 Telangana State Formation),CONTINUING_IDENTITY,ts_lgd_mandals_2016_v1,G.O.Ms. Nos. 214-245 Rev (2016-10-11); Undivided 2016-2022 statutory baseline
TS-MDL-4707,TS-MDL-4707-V2,2022-09-26,,true,Predecessor Version TS-MDL-4707-V1,CONTINUING_IDENTITY,ts_lgd_mandals_2026_v1,Continuous statutory identity; MoPR LGD 2026 Directory snapshot
TS-MDL-6287,TS-MDL-6287-V1,2016-10-11,2022-09-26,false,10 Legacy AP Districts (2014 Telangana State Formation),CONTINUING_IDENTITY,ts_lgd_mandals_2016_v1,G.O.Ms. Nos. 214-245 Rev (2016-10-11); Undivided 2016-2022 statutory baseline
TS-MDL-6287,TS-MDL-6287-V2,2022-09-26,,true,Predecessor Version TS-MDL-6287-V1,CONTINUING_IDENTITY,ts_lgd_mandals_2026_v1,Continuous statutory identity; MoPR LGD 2026 Directory snapshot
TS-MDL-4585,TS-MDL-4585-V1,2016-10-11,2022-09-26,false,10 Legacy AP Districts (2014 Telangana State Formation),CONTINUING_IDENTITY,ts_lgd_mandals_2016_v1,G.O.Ms. Nos. 214-245 Rev (2016-10-11); Undivided 2016-2022 statutory baseline
TS-MDL-4585,TS-MDL-4585-V2,2022-09-26,,true,Predecessor Version TS-MDL-4585-V1,CONTINUING_IDENTITY,ts_lgd_mandals_2026_v1,Continuous statutory identity; MoPR LGD 2026 Directory snapshot
TS-MDL-4760,TS-MDL-4760-V1,2016-10-11,2022-09-26,false,10 Legacy AP Districts (2014 Telangana State Formation),CONTINUING_IDENTITY,ts_lgd_mandals_2016_v1,G.O.Ms. Nos. 214-245 Rev (2016-10-11); Undivided 2016-2022 statutory baseline
TS-MDL-4760,TS-MDL-4760-V2,2022-09-26,,true,Predecessor Version TS-MDL-4760-V1,CONTINUING_IDENTITY,ts_lgd_mandals_2026_v1,Continuous statutory identity; MoPR LGD 2026 Directory snapshot
TS-MDL-6314,TS-MDL-6314-V1,2016-10-11,2022-09-26,false,10 Legacy AP Districts (2014 Telangana State Formation),CONTINUING_IDENTITY,ts_lgd_mandals_2016_v1,G.O.Ms. Nos. 214-245 Rev (2016-10-11); Undivided 2016-2022 statutory baseline
TS-MDL-6314,TS-MDL-6314-V2,2022-09-26,,true,Predecessor Version TS-MDL-6314-V1,CONTINUING_IDENTITY,ts_lgd_mandals_2026_v1,Continuous statutory identity; MoPR LGD 2026 Directory snapshot
TS-MDL-4605,TS-MDL-4605-V1,2016-10-11,2022-09-26,false,10 Legacy AP Districts (2014 Telangana State Formation),CONTINUING_IDENTITY,ts_lgd_mandals_2016_v1,G.O.Ms. Nos. 214-245 Rev (2016-10-11); Undivided 2016-2022 statutory baseline
TS-MDL-4605,TS-MDL-4605-V2,2022-09-26,,true,Predecessor Version TS-MDL-4605-V1,CONTINUING_IDENTITY,ts_lgd_mandals_2026_v1,Continuous statutory identity; MoPR LGD 2026 Directory snapshot
TS-MDL-6303,TS-MDL-6303-V1,2016-10-11,2022-09-26,false,10 Legacy AP Districts (2014 Telangana State Formation),CONTINUING_IDENTITY,ts_lgd_mandals_2016_v1,G.O.Ms. Nos. 214-245 Rev (2016-10-11); Undivided 2016-2022 statutory baseline
TS-MDL-6303,TS-MDL-6303-V2,2022-09-26,,true,Predecessor Version TS-MDL-6303-V1,CONTINUING_IDENTITY,ts_lgd_mandals_2026_v1,Continuous statutory identity; MoPR LGD 2026 Directory snapshot
TS-MDL-4650,TS-MDL-4650-V1,2016-10-11,2022-09-26,false,10 Legacy AP Districts (2014 Telangana State Formation),CONTINUING_IDENTITY,ts_lgd_mandals_2016_v1,G.O.Ms. Nos. 214-245 Rev (2016-10-11); Undivided 2016-2022 statutory baseline
TS-MDL-4650,TS-MDL-4650-V2,2022-09-26,,true,Predecessor Version TS-MDL-4650-V1,CONTINUING_IDENTITY,ts_lgd_mandals_2026_v1,Continuous statutory identity; MoPR LGD 2026 Directory snapshot
TS-MDL-6322,TS-MDL-6322-V1,2016-10-11,2022-09-26,false,10 Legacy AP Districts (2014 Telangana State Formation),CONTINUING_IDENTITY,ts_lgd_mandals_2016_v1,G.O.Ms. Nos. 214-245 Rev (2016-10-11); Undivided 2016-2022 statutory baseline
TS-MDL-6322,TS-MDL-6322-V2,2022-09-26,,true,Predecessor Version TS-MDL-6322-V1,CONTINUING_IDENTITY,ts_lgd_mandals_2026_v1,Continuous statutory identity; MoPR LGD 2026 Directory snapshot
TS-MDL-6376,TS-MDL-6376-V1,2016-10-11,2022-09-26,false,10 Legacy AP Districts (2014 Telangana State Formation),CONTINUING_IDENTITY,ts_lgd_mandals_2016_v1,G.O.Ms. Nos. 214-245 Rev (2016-10-11); Undivided 2016-2022 statutory baseline
TS-MDL-6376,TS-MDL-6376-V2,2022-09-26,,true,Predecessor Version TS-MDL-6376-V1,CONTINUING_IDENTITY,ts_lgd_mandals_2026_v1,Continuous statutory identity; MoPR LGD 2026 Directory snapshot
TS-MDL-4663,TS-MDL-4663-V1,2016-10-11,2022-09-26,false,10 Legacy AP Districts (2014 Telangana State Formation),CONTINUING_IDENTITY,ts_lgd_mandals_2016_v1,G.O.Ms. Nos. 214-245 Rev (2016-10-11); Undivided 2016-2022 statutory baseline
TS-MDL-4663,TS-MDL-4663-V2,2022-09-26,,true,Predecessor Version TS-MDL-4663-V1,CONTINUING_IDENTITY,ts_lgd_mandals_2026_v1,Continuous statutory identity; MoPR LGD 2026 Directory snapshot
TS-MDL-4553,TS-MDL-4553-V1,2016-10-11,2022-09-26,false,10 Legacy AP Districts (2014 Telangana State Formation),CONTINUING_IDENTITY,ts_lgd_mandals_2016_v1,G.O.Ms. Nos. 214-245 Rev (2016-10-11); Undivided 2016-2022 statutory baseline
TS-MDL-4553,TS-MDL-4553-V2,2022-09-26,,true,Predecessor Version TS-MDL-4553-V1,CONTINUING_IDENTITY,ts_lgd_mandals_2026_v1,Continuous statutory identity; MoPR LGD 2026 Directory snapshot
TS-MDL-6277,TS-MDL-6277-V1,2016-10-11,2022-09-26,false,10 Legacy AP Districts (2014 Telangana State Formation),CONTINUING_IDENTITY,ts_lgd_mandals_2016_v1,G.O.Ms. Nos. 214-245 Rev (2016-10-11); Undivided 2016-2022 statutory baseline
TS-MDL-6277,TS-MDL-6277-V2,2022-09-26,,true,Predecessor Version TS-MDL-6277-V1,CONTINUING_IDENTITY,ts_lgd_mandals_2026_v1,Continuous statutory identity; MoPR LGD 2026 Directory snapshot
TS-MDL-6375,TS-MDL-6375-V1,2016-10-11,2022-09-26,false,10 Legacy AP Districts (2014 Telangana State Formation),CONTINUING_IDENTITY,ts_lgd_mandals_2016_v1,G.O.Ms. Nos. 214-245 Rev (2016-10-11); Undivided 2016-2022 statutory baseline
TS-MDL-6375,TS-MDL-6375-V2,2022-09-26,,true,Predecessor Version TS-MDL-6375-V1,CONTINUING_IDENTITY,ts_lgd_mandals_2026_v1,Continuous statutory identity; MoPR LGD 2026 Directory snapshot
TS-MDL-4576,TS-MDL-4576-V1,2016-10-11,2022-09-26,false,10 Legacy AP Districts (2014 Telangana State Formation),CONTINUING_IDENTITY,ts_lgd_mandals_2016_v1,G.O.Ms. Nos. 214-245 Rev (2016-10-11); Undivided 2016-2022 statutory baseline
TS-MDL-4576,TS-MDL-4576-V2,2022-09-26,,true,Predecessor Version TS-MDL-4576-V1,CONTINUING_IDENTITY,ts_lgd_mandals_2026_v1,Continuous statutory identity; MoPR LGD 2026 Directory snapshot
TS-MDL-4447,TS-MDL-4447-V1,2016-10-11,2022-09-26,false,10 Legacy AP Districts (2014 Telangana State Formation),CONTINUING_IDENTITY,ts_lgd_mandals_2016_v1,G.O.Ms. Nos. 214-245 Rev (2016-10-11); Undivided 2016-2022 statutory baseline
TS-MDL-4447,TS-MDL-4447-V2,2022-09-26,,true,Predecessor Version TS-MDL-4447-V1,CONTINUING_IDENTITY,ts_lgd_mandals_2026_v1,Continuous statutory identity; MoPR LGD 2026 Directory snapshot
TS-MDL-6239,TS-MDL-6239-V1,2016-10-11,2022-09-26,false,10 Legacy AP Districts (2014 Telangana State Formation),CONTINUING_IDENTITY,ts_lgd_mandals_2016_v1,G.O.Ms. Nos. 214-245 Rev (2016-10-11); Undivided 2016-2022 statutory baseline
TS-MDL-6239,TS-MDL-6239-V2,2022-09-26,,true,Predecessor Version TS-MDL-6239-V1,CONTINUING_IDENTITY,ts_lgd_mandals_2026_v1,Continuous statutory identity; MoPR LGD 2026 Directory snapshot
TS-MDL-6669,TS-MDL-6669-V1,2016-10-11,2022-09-26,false,10 Legacy AP Districts (2014 Telangana State Formation),CONTINUING_IDENTITY,ts_lgd_mandals_2016_v1,G.O.Ms. Nos. 214-245 Rev (2016-10-11); Undivided 2016-2022 statutory baseline
TS-MDL-6669,TS-MDL-6669-V2,2022-09-26,,true,Predecessor Version TS-MDL-6669-V1,CONTINUING_IDENTITY,ts_lgd_mandals_2026_v1,Continuous statutory identity; MoPR LGD 2026 Directory snapshot
TS-MDL-4555,TS-MDL-4555-V1,2016-10-11,2022-09-26,false,10 Legacy AP Districts (2014 Telangana State Formation),CONTINUING_IDENTITY,ts_lgd_mandals_2016_v1,G.O.Ms. Nos. 214-245 Rev (2016-10-11); Undivided 2016-2022 statutory baseline
TS-MDL-4555,TS-MDL-4555-V2,2022-09-26,,true,Predecessor Version TS-MDL-4555-V1,CONTINUING_IDENTITY,ts_lgd_mandals_2026_v1,Continuous statutory identity; MoPR LGD 2026 Directory snapshot
TS-MDL-4678,TS-MDL-4678-V1,2016-10-11,2022-09-26,false,10 Legacy AP Districts (2014 Telangana State Formation),CONTINUING_IDENTITY,ts_lgd_mandals_2016_v1,G.O.Ms. Nos. 214-245 Rev (2016-10-11); Undivided 2016-2022 statutory baseline
TS-MDL-4678,TS-MDL-4678-V2,2022-09-26,,true,Predecessor Version TS-MDL-4678-V1,CONTINUING_IDENTITY,ts_lgd_mandals_2026_v1,Continuous statutory identity; MoPR LGD 2026 Directory snapshot
TS-MDL-4489,TS-MDL-4489-V1,2016-10-11,2022-09-26,false,10 Legacy AP Districts (2014 Telangana State Formation),CONTINUING_IDENTITY,ts_lgd_mandals_2016_v1,G.O.Ms. Nos. 214-245 Rev (2016-10-11); Undivided 2016-2022 statutory baseline
TS-MDL-4489,TS-MDL-4489-V2,2022-09-26,,true,Predecessor Version TS-MDL-4489-V1,CONTINUING_IDENTITY,ts_lgd_mandals_2026_v1,Continuous statutory identity; MoPR LGD 2026 Directory snapshot
TS-MDL-4598,TS-MDL-4598-V1,2016-10-11,2022-09-26,false,10 Legacy AP Districts (2014 Telangana State Formation),CONTINUING_IDENTITY,ts_lgd_mandals_2016_v1,G.O.Ms. Nos. 214-245 Rev (2016-10-11); Undivided 2016-2022 statutory baseline
TS-MDL-4598,TS-MDL-4598-V2,2022-09-26,,true,Predecessor Version TS-MDL-4598-V1,CONTINUING_IDENTITY,ts_lgd_mandals_2026_v1,Continuous statutory identity; MoPR LGD 2026 Directory snapshot
TS-MDL-4750,TS-MDL-4750-V1,2016-10-11,2022-09-26,false,10 Legacy AP Districts (2014 Telangana State Formation),CONTINUING_IDENTITY,ts_lgd_mandals_2016_v1,G.O.Ms. Nos. 214-245 Rev (2016-10-11); Undivided 2016-2022 statutory baseline
TS-MDL-4750,TS-MDL-4750-V2,2022-09-26,,true,Predecessor Version TS-MDL-4750-V1,CONTINUING_IDENTITY,ts_lgd_mandals_2026_v1,Continuous statutory identity; MoPR LGD 2026 Directory snapshot
TS-MDL-4348,TS-MDL-4348-V1,2016-10-11,2022-09-26,false,10 Legacy AP Districts (2014 Telangana State Formation),CONTINUING_IDENTITY,ts_lgd_mandals_2016_v1,G.O.Ms. Nos. 214-245 Rev (2016-10-11); Undivided 2016-2022 statutory baseline
TS-MDL-4348,TS-MDL-4348-V2,2022-09-26,,true,Predecessor Version TS-MDL-4348-V1,CONTINUING_IDENTITY,ts_lgd_mandals_2026_v1,Continuous statutory identity; MoPR LGD 2026 Directory snapshot
TS-MDL-6255,TS-MDL-6255-V1,2016-10-11,2022-09-26,false,10 Legacy AP Districts (2014 Telangana State Formation),CONTINUING_IDENTITY,ts_lgd_mandals_2016_v1,G.O.Ms. Nos. 214-245 Rev (2016-10-11); Undivided 2016-2022 statutory baseline
TS-MDL-6255,TS-MDL-6255-V2,2022-09-26,,true,Predecessor Version TS-MDL-6255-V1,CONTINUING_IDENTITY,ts_lgd_mandals_2026_v1,Continuous statutory identity; MoPR LGD 2026 Directory snapshot
TS-MDL-4546,TS-MDL-4546-V1,2016-10-11,2022-09-26,false,10 Legacy AP Districts (2014 Telangana State Formation),CONTINUING_IDENTITY,ts_lgd_mandals_2016_v1,G.O.Ms. Nos. 214-245 Rev (2016-10-11); Undivided 2016-2022 statutory baseline
TS-MDL-4546,TS-MDL-4546-V2,2022-09-26,,true,Predecessor Version TS-MDL-4546-V1,CONTINUING_IDENTITY,ts_lgd_mandals_2026_v1,Continuous statutory identity; MoPR LGD 2026 Directory snapshot
TS-MDL-4572,TS-MDL-4572-V1,2016-10-11,2022-09-26,false,10 Legacy AP Districts (2014 Telangana State Formation),CONTINUING_IDENTITY,ts_lgd_mandals_2016_v1,G.O.Ms. Nos. 214-245 Rev (2016-10-11); Undivided 2016-2022 statutory baseline
TS-MDL-4572,TS-MDL-4572-V2,2022-09-26,,true,Predecessor Version TS-MDL-4572-V1,CONTINUING_IDENTITY,ts_lgd_mandals_2026_v1,Continuous statutory identity; MoPR LGD 2026 Directory snapshot
TS-MDL-4436,TS-MDL-4436-V1,2016-10-11,2022-09-26,false,10 Legacy AP Districts (2014 Telangana State Formation),CONTINUING_IDENTITY,ts_lgd_mandals_2016_v1,G.O.Ms. Nos. 214-245 Rev (2016-10-11); Undivided 2016-2022 statutory baseline
TS-MDL-4436,TS-MDL-4436-V2,2022-09-26,,true,Predecessor Version TS-MDL-4436-V1,CONTINUING_IDENTITY,ts_lgd_mandals_2026_v1,Continuous statutory identity; MoPR LGD 2026 Directory snapshot
TS-MDL-6249,TS-MDL-6249-V1,2016-10-11,2022-09-26,false,10 Legacy AP Districts (2014 Telangana State Formation),CONTINUING_IDENTITY,ts_lgd_mandals_2016_v1,G.O.Ms. Nos. 214-245 Rev (2016-10-11); Undivided 2016-2022 statutory baseline
TS-MDL-6249,TS-MDL-6249-V2,2022-09-26,,true,Predecessor Version TS-MDL-6249-V1,CONTINUING_IDENTITY,ts_lgd_mandals_2026_v1,Continuous statutory identity; MoPR LGD 2026 Directory snapshot
TS-MDL-6236,TS-MDL-6236-V1,2016-10-11,2022-09-26,false,10 Legacy AP Districts (2014 Telangana State Formation),CONTINUING_IDENTITY,ts_lgd_mandals_2016_v1,G.O.Ms. Nos. 214-245 Rev (2016-10-11); Undivided 2016-2022 statutory baseline
TS-MDL-6236,TS-MDL-6236-V2,2022-09-26,,true,Predecessor Version TS-MDL-6236-V1,CONTINUING_IDENTITY,ts_lgd_mandals_2026_v1,Continuous statutory identity; MoPR LGD 2026 Directory snapshot
TS-MDL-4397,TS-MDL-4397-V1,2016-10-11,2022-09-26,false,10 Legacy AP Districts (2014 Telangana State Formation),Endapalli (LGD 7539),ts_lgd_mandals_2016_v1,G.O.Ms. Nos. 214-245 Rev (2016-10-11); Bifurcated under G.O.Ms. Nos. 51-68 Rev on 2022-09-26
TS-MDL-4397,TS-MDL-4397-V2,2022-09-26,,true,Predecessor Version TS-MDL-4397-V1,Endapalli (LGD 7539),ts_lgd_mandals_2026_v1,Continuing parent territory post-G.O.Ms. 51-68 Rev (2022-09-26); MoPR LGD 2026 Directory
TS-MDL-4607,TS-MDL-4607-V1,2016-10-11,2023-06-15,false,10 Legacy AP Districts (2014 Telangana State Formation),Yerravalli (LGD 7517),ts_lgd_mandals_2016_v1,G.O.Ms. Nos. 214-245 Rev (2016-10-11); Bifurcated under G.O.Ms.No. 48 Revenue (Itikyal -> Yerravalli) on 2023-06-15
TS-MDL-4607,TS-MDL-4607-V2,2023-06-15,,true,Predecessor Version TS-MDL-4607-V1,Yerravalli (LGD 7517),ts_lgd_mandals_2026_v1,Continuing parent territory post-G.O.Ms.No. 48 Revenue (Itikyal -> Yerravalli) on 2023-06-15; MoPR LGD 2026 Directory
TS-MDL-4591,TS-MDL-4591-V1,2016-10-11,2022-09-26,false,10 Legacy AP Districts (2014 Telangana State Formation),CONTINUING_IDENTITY,ts_lgd_mandals_2016_v1,G.O.Ms. Nos. 214-245 Rev (2016-10-11); Undivided 2016-2022 statutory baseline
TS-MDL-4591,TS-MDL-4591-V2,2022-09-26,,true,Predecessor Version TS-MDL-4591-V1,CONTINUING_IDENTITY,ts_lgd_mandals_2026_v1,Continuous statutory identity; MoPR LGD 2026 Directory snapshot
TS-MDL-4343,TS-MDL-4343-V1,2016-10-11,2022-09-26,false,10 Legacy AP Districts (2014 Telangana State Formation),CONTINUING_IDENTITY,ts_lgd_mandals_2016_v1,G.O.Ms. Nos. 214-245 Rev (2016-10-11); Undivided 2016-2022 statutory baseline
TS-MDL-4343,TS-MDL-4343-V2,2022-09-26,,true,Predecessor Version TS-MDL-4343-V1,CONTINUING_IDENTITY,ts_lgd_mandals_2026_v1,Continuous statutory identity; MoPR LGD 2026 Directory snapshot
TS-MDL-4722,TS-MDL-4722-V1,2016-10-11,2022-09-26,false,10 Legacy AP Districts (2014 Telangana State Formation),CONTINUING_IDENTITY,ts_lgd_mandals_2016_v1,G.O.Ms. Nos. 214-245 Rev (2016-10-11); Undivided 2016-2022 statutory baseline
TS-MDL-4722,TS-MDL-4722-V2,2022-09-26,,true,Predecessor Version TS-MDL-4722-V1,CONTINUING_IDENTITY,ts_lgd_mandals_2026_v1,Continuous statutory identity; MoPR LGD 2026 Directory snapshot
TS-MDL-4366,TS-MDL-4366-V1,2016-10-11,2022-09-26,false,10 Legacy AP Districts (2014 Telangana State Formation),CONTINUING_IDENTITY,ts_lgd_mandals_2016_v1,G.O.Ms. Nos. 214-245 Rev (2016-10-11); Undivided 2016-2022 statutory baseline
TS-MDL-4366,TS-MDL-4366-V2,2022-09-26,,true,Predecessor Version TS-MDL-4366-V1,CONTINUING_IDENTITY,ts_lgd_mandals_2026_v1,Continuous statutory identity; MoPR LGD 2026 Directory snapshot
TS-MDL-4440,TS-MDL-4440-V1,2016-10-11,2022-09-26,false,10 Legacy AP Districts (2014 Telangana State Formation),CONTINUING_IDENTITY,ts_lgd_mandals_2016_v1,G.O.Ms. Nos. 214-245 Rev (2016-10-11); Undivided 2016-2022 statutory baseline
TS-MDL-4440,TS-MDL-4440-V2,2022-09-26,,true,Predecessor Version TS-MDL-4440-V1,CONTINUING_IDENTITY,ts_lgd_mandals_2026_v1,Continuous statutory identity; MoPR LGD 2026 Directory snapshot
TS-MDL-4729,TS-MDL-4729-V1,2016-10-11,2022-09-26,false,10 Legacy AP Districts (2014 Telangana State Formation),CONTINUING_IDENTITY,ts_lgd_mandals_2016_v1,G.O.Ms. Nos. 214-245 Rev (2016-10-11); Undivided 2016-2022 statutory baseline
TS-MDL-4729,TS-MDL-4729-V2,2022-09-26,,true,Predecessor Version TS-MDL-4729-V1,CONTINUING_IDENTITY,ts_lgd_mandals_2026_v1,Continuous statutory identity; MoPR LGD 2026 Directory snapshot
TS-MDL-4753,TS-MDL-4753-V1,2016-10-11,2022-09-26,false,10 Legacy AP Districts (2014 Telangana State Formation),CONTINUING_IDENTITY,ts_lgd_mandals_2016_v1,G.O.Ms. Nos. 214-245 Rev (2016-10-11); Undivided 2016-2022 statutory baseline
TS-MDL-4753,TS-MDL-4753-V2,2022-09-26,,true,Predecessor Version TS-MDL-4753-V1,CONTINUING_IDENTITY,ts_lgd_mandals_2026_v1,Continuous statutory identity; MoPR LGD 2026 Directory snapshot
TS-MDL-4476,TS-MDL-4476-V1,2016-10-11,2022-09-26,false,10 Legacy AP Districts (2014 Telangana State Formation),CONTINUING_IDENTITY,ts_lgd_mandals_2016_v1,G.O.Ms. Nos. 214-245 Rev (2016-10-11); Undivided 2016-2022 statutory baseline
TS-MDL-4476,TS-MDL-4476-V2,2022-09-26,,true,Predecessor Version TS-MDL-4476-V1,CONTINUING_IDENTITY,ts_lgd_mandals_2026_v1,Continuous statutory identity; MoPR LGD 2026 Directory snapshot
TS-MDL-4685,TS-MDL-4685-V1,2016-10-11,2022-09-26,false,10 Legacy AP Districts (2014 Telangana State Formation),CONTINUING_IDENTITY,ts_lgd_mandals_2016_v1,G.O.Ms. Nos. 214-245 Rev (2016-10-11); Undivided 2016-2022 statutory baseline
TS-MDL-4685,TS-MDL-4685-V2,2022-09-26,,true,Predecessor Version TS-MDL-4685-V1,CONTINUING_IDENTITY,ts_lgd_mandals_2026_v1,Continuous statutory identity; MoPR LGD 2026 Directory snapshot
TS-MDL-4409,TS-MDL-4409-V1,2016-10-11,2022-09-26,false,10 Legacy AP Districts (2014 Telangana State Formation),CONTINUING_IDENTITY,ts_lgd_mandals_2016_v1,G.O.Ms. Nos. 214-245 Rev (2016-10-11); Undivided 2016-2022 statutory baseline
TS-MDL-4409,TS-MDL-4409-V2,2022-09-26,,true,Predecessor Version TS-MDL-4409-V1,CONTINUING_IDENTITY,ts_lgd_mandals_2026_v1,Continuous statutory identity; MoPR LGD 2026 Directory snapshot
TS-MDL-6225,TS-MDL-6225-V1,2016-10-11,2022-09-26,false,10 Legacy AP Districts (2014 Telangana State Formation),CONTINUING_IDENTITY,ts_lgd_mandals_2016_v1,G.O.Ms. Nos. 214-245 Rev (2016-10-11); Undivided 2016-2022 statutory baseline
TS-MDL-6225,TS-MDL-6225-V2,2022-09-26,,true,Predecessor Version TS-MDL-6225-V1,CONTINUING_IDENTITY,ts_lgd_mandals_2026_v1,Continuous statutory identity; MoPR LGD 2026 Directory snapshot
TS-MDL-4318,TS-MDL-4318-V1,2016-10-11,2022-09-26,false,10 Legacy AP Districts (2014 Telangana State Formation),CONTINUING_IDENTITY,ts_lgd_mandals_2016_v1,G.O.Ms. Nos. 214-245 Rev (2016-10-11); Undivided 2016-2022 statutory baseline
TS-MDL-4318,TS-MDL-4318-V2,2022-09-26,,true,Predecessor Version TS-MDL-4318-V1,CONTINUING_IDENTITY,ts_lgd_mandals_2026_v1,Continuous statutory identity; MoPR LGD 2026 Directory snapshot
TS-MDL-4684,TS-MDL-4684-V1,2016-10-11,2022-09-26,false,10 Legacy AP Districts (2014 Telangana State Formation),CONTINUING_IDENTITY,ts_lgd_mandals_2016_v1,G.O.Ms. Nos. 214-245 Rev (2016-10-11); Undivided 2016-2022 statutory baseline
TS-MDL-4684,TS-MDL-4684-V2,2022-09-26,,true,Predecessor Version TS-MDL-4684-V1,CONTINUING_IDENTITY,ts_lgd_mandals_2026_v1,Continuous statutory identity; MoPR LGD 2026 Directory snapshot
TS-MDL-4433,TS-MDL-4433-V1,2016-10-11,2022-09-26,false,10 Legacy AP Districts (2014 Telangana State Formation),CONTINUING_IDENTITY,ts_lgd_mandals_2016_v1,G.O.Ms. Nos. 214-245 Rev (2016-10-11); Undivided 2016-2022 statutory baseline
TS-MDL-4433,TS-MDL-4433-V2,2022-09-26,,true,Predecessor Version TS-MDL-4433-V1,CONTINUING_IDENTITY,ts_lgd_mandals_2026_v1,Continuous statutory identity; MoPR LGD 2026 Directory snapshot
TS-MDL-6253,TS-MDL-6253-V1,2016-10-11,2022-09-26,false,10 Legacy AP Districts (2014 Telangana State Formation),CONTINUING_IDENTITY,ts_lgd_mandals_2016_v1,G.O.Ms. Nos. 214-245 Rev (2016-10-11); Undivided 2016-2022 statutory baseline
TS-MDL-6253,TS-MDL-6253-V2,2022-09-26,,true,Predecessor Version TS-MDL-6253-V1,CONTINUING_IDENTITY,ts_lgd_mandals_2026_v1,Continuous statutory identity; MoPR LGD 2026 Directory snapshot
TS-MDL-4390,TS-MDL-4390-V1,2016-10-11,2022-09-26,false,10 Legacy AP Districts (2014 Telangana State Formation),CONTINUING_IDENTITY,ts_lgd_mandals_2016_v1,G.O.Ms. Nos. 214-245 Rev (2016-10-11); Undivided 2016-2022 statutory baseline
TS-MDL-4390,TS-MDL-4390-V2,2022-09-26,,true,Predecessor Version TS-MDL-4390-V1,CONTINUING_IDENTITY,ts_lgd_mandals_2026_v1,Continuous statutory identity; MoPR LGD 2026 Directory snapshot
TS-MDL-4683,TS-MDL-4683-V1,2016-10-11,2022-09-26,false,10 Legacy AP Districts (2014 Telangana State Formation),CONTINUING_IDENTITY,ts_lgd_mandals_2016_v1,G.O.Ms. Nos. 214-245 Rev (2016-10-11); Undivided 2016-2022 statutory baseline
TS-MDL-4683,TS-MDL-4683-V2,2022-09-26,,true,Predecessor Version TS-MDL-4683-V1,CONTINUING_IDENTITY,ts_lgd_mandals_2026_v1,Continuous statutory identity; MoPR LGD 2026 Directory snapshot
TS-MDL-4676,TS-MDL-4676-V1,2016-10-11,2022-09-26,false,10 Legacy AP Districts (2014 Telangana State Formation),CONTINUING_IDENTITY,ts_lgd_mandals_2016_v1,G.O.Ms. Nos. 214-245 Rev (2016-10-11); Undivided 2016-2022 statutory baseline
TS-MDL-4676,TS-MDL-4676-V2,2022-09-26,,true,Predecessor Version TS-MDL-4676-V1,CONTINUING_IDENTITY,ts_lgd_mandals_2026_v1,Continuous statutory identity; MoPR LGD 2026 Directory snapshot
TS-MDL-4523,TS-MDL-4523-V1,2016-10-11,2022-09-26,false,10 Legacy AP Districts (2014 Telangana State Formation),CONTINUING_IDENTITY,ts_lgd_mandals_2016_v1,G.O.Ms. Nos. 214-245 Rev (2016-10-11); Undivided 2016-2022 statutory baseline
TS-MDL-4523,TS-MDL-4523-V2,2022-09-26,,true,Predecessor Version TS-MDL-4523-V1,CONTINUING_IDENTITY,ts_lgd_mandals_2026_v1,Continuous statutory identity; MoPR LGD 2026 Directory snapshot
TS-MDL-6229,TS-MDL-6229-V1,2016-10-11,2022-09-26,false,10 Legacy AP Districts (2014 Telangana State Formation),CONTINUING_IDENTITY,ts_lgd_mandals_2016_v1,G.O.Ms. Nos. 214-245 Rev (2016-10-11); Undivided 2016-2022 statutory baseline
TS-MDL-6229,TS-MDL-6229-V2,2022-09-26,,true,Predecessor Version TS-MDL-6229-V1,CONTINUING_IDENTITY,ts_lgd_mandals_2026_v1,Continuous statutory identity; MoPR LGD 2026 Directory snapshot
TS-MDL-4756,TS-MDL-4756-V1,2016-10-11,2022-09-26,false,10 Legacy AP Districts (2014 Telangana State Formation),CONTINUING_IDENTITY,ts_lgd_mandals_2016_v1,G.O.Ms. Nos. 214-245 Rev (2016-10-11); Undivided 2016-2022 statutory baseline
TS-MDL-4756,TS-MDL-4756-V2,2022-09-26,,true,Predecessor Version TS-MDL-4756-V1,CONTINUING_IDENTITY,ts_lgd_mandals_2026_v1,Continuous statutory identity; MoPR LGD 2026 Directory snapshot
TS-MDL-4724,TS-MDL-4724-V1,2016-10-11,2022-09-26,false,10 Legacy AP Districts (2014 Telangana State Formation),CONTINUING_IDENTITY,ts_lgd_mandals_2016_v1,G.O.Ms. Nos. 214-245 Rev (2016-10-11); Undivided 2016-2022 statutory baseline
TS-MDL-4724,TS-MDL-4724-V2,2022-09-26,,true,Predecessor Version TS-MDL-4724-V1,CONTINUING_IDENTITY,ts_lgd_mandals_2026_v1,Continuous statutory identity; MoPR LGD 2026 Directory snapshot
TS-MDL-4609,TS-MDL-4609-V1,2016-10-11,2022-09-26,false,10 Legacy AP Districts (2014 Telangana State Formation),CONTINUING_IDENTITY,ts_lgd_mandals_2016_v1,G.O.Ms. Nos. 214-245 Rev (2016-10-11); Undivided 2016-2022 statutory baseline
TS-MDL-4609,TS-MDL-4609-V2,2022-09-26,,true,Predecessor Version TS-MDL-4609-V1,CONTINUING_IDENTITY,ts_lgd_mandals_2026_v1,Continuous statutory identity; MoPR LGD 2026 Directory snapshot
TS-MDL-4610,TS-MDL-4610-V1,2016-10-11,2022-09-26,false,10 Legacy AP Districts (2014 Telangana State Formation),CONTINUING_IDENTITY,ts_lgd_mandals_2016_v1,G.O.Ms. Nos. 214-245 Rev (2016-10-11); Undivided 2016-2022 statutory baseline
TS-MDL-4610,TS-MDL-4610-V2,2022-09-26,,true,Predecessor Version TS-MDL-4610-V1,CONTINUING_IDENTITY,ts_lgd_mandals_2026_v1,Continuous statutory identity; MoPR LGD 2026 Directory snapshot
TS-MDL-4558,TS-MDL-4558-V1,2016-10-11,2022-09-26,false,10 Legacy AP Districts (2014 Telangana State Formation),CONTINUING_IDENTITY,ts_lgd_mandals_2016_v1,G.O.Ms. Nos. 214-245 Rev (2016-10-11); Undivided 2016-2022 statutory baseline
TS-MDL-4558,TS-MDL-4558-V2,2022-09-26,,true,Predecessor Version TS-MDL-4558-V1,CONTINUING_IDENTITY,ts_lgd_mandals_2026_v1,Continuous statutory identity; MoPR LGD 2026 Directory snapshot
TS-MDL-4706,TS-MDL-4706-V1,2016-10-11,2022-09-26,false,10 Legacy AP Districts (2014 Telangana State Formation),CONTINUING_IDENTITY,ts_lgd_mandals_2016_v1,G.O.Ms. Nos. 214-245 Rev (2016-10-11); Undivided 2016-2022 statutory baseline
TS-MDL-4706,TS-MDL-4706-V2,2022-09-26,,true,Predecessor Version TS-MDL-4706-V1,CONTINUING_IDENTITY,ts_lgd_mandals_2026_v1,Continuous statutory identity; MoPR LGD 2026 Directory snapshot
TS-MDL-4418,TS-MDL-4418-V1,2016-10-11,2022-09-26,false,10 Legacy AP Districts (2014 Telangana State Formation),CONTINUING_IDENTITY,ts_lgd_mandals_2016_v1,G.O.Ms. Nos. 214-245 Rev (2016-10-11); Undivided 2016-2022 statutory baseline
TS-MDL-4418,TS-MDL-4418-V2,2022-09-26,,true,Predecessor Version TS-MDL-4418-V1,CONTINUING_IDENTITY,ts_lgd_mandals_2026_v1,Continuous statutory identity; MoPR LGD 2026 Directory snapshot
TS-MDL-4635,TS-MDL-4635-V1,2016-10-11,2022-09-26,false,10 Legacy AP Districts (2014 Telangana State Formation),CONTINUING_IDENTITY,ts_lgd_mandals_2016_v1,G.O.Ms. Nos. 214-245 Rev (2016-10-11); Undivided 2016-2022 statutory baseline
TS-MDL-4635,TS-MDL-4635-V2,2022-09-26,,true,Predecessor Version TS-MDL-4635-V1,CONTINUING_IDENTITY,ts_lgd_mandals_2026_v1,Continuous statutory identity; MoPR LGD 2026 Directory snapshot
TS-MDL-4551,TS-MDL-4551-V1,2016-10-11,2022-09-26,false,10 Legacy AP Districts (2014 Telangana State Formation),Gundumal (LGD 7523),ts_lgd_mandals_2016_v1,G.O.Ms. Nos. 214-245 Rev (2016-10-11); Bifurcated under G.O.Ms. Nos. 51-68 Rev on 2022-09-26
TS-MDL-4551,TS-MDL-4551-V2,2022-09-26,,true,Predecessor Version TS-MDL-4551-V1,Gundumal (LGD 7523),ts_lgd_mandals_2026_v1,Continuing parent territory post-G.O.Ms. 51-68 Rev (2022-09-26); MoPR LGD 2026 Directory
TS-MDL-4485,TS-MDL-4485-V1,2016-10-11,2022-09-26,false,10 Legacy AP Districts (2014 Telangana State Formation),CONTINUING_IDENTITY,ts_lgd_mandals_2016_v1,G.O.Ms. Nos. 214-245 Rev (2016-10-11); Undivided 2016-2022 statutory baseline
TS-MDL-4485,TS-MDL-4485-V2,2022-09-26,,true,Predecessor Version TS-MDL-4485-V1,CONTINUING_IDENTITY,ts_lgd_mandals_2026_v1,Continuous statutory identity; MoPR LGD 2026 Directory snapshot
TS-MDL-4596,TS-MDL-4596-V1,2016-10-11,2023-05-12,false,10 Legacy AP Districts (2014 Telangana State Formation),Yedula (LGD 7533),ts_lgd_mandals_2016_v1,G.O.Ms. Nos. 214-245 Rev (2016-10-11); Bifurcated under G.O.Ms.No. 40 Revenue (Gopalpet -> Yedula) on 2023-05-12
TS-MDL-4596,TS-MDL-4596-V2,2023-05-12,,true,Predecessor Version TS-MDL-4596-V1,Yedula (LGD 7533),ts_lgd_mandals_2026_v1,Continuing parent territory post-G.O.Ms.No. 40 Revenue (Gopalpet -> Yedula) on 2023-05-12; MoPR LGD 2026 Directory
TS-MDL-4688,TS-MDL-4688-V1,2016-10-11,2022-09-26,false,10 Legacy AP Districts (2014 Telangana State Formation),CONTINUING_IDENTITY,ts_lgd_mandals_2016_v1,G.O.Ms. Nos. 214-245 Rev (2016-10-11); Undivided 2016-2022 statutory baseline
TS-MDL-4688,TS-MDL-4688-V2,2022-09-26,,true,Predecessor Version TS-MDL-4688-V1,CONTINUING_IDENTITY,ts_lgd_mandals_2026_v1,Continuous statutory identity; MoPR LGD 2026 Directory snapshot
TS-MDL-4717,TS-MDL-4717-V1,2016-10-11,2022-09-26,false,10 Legacy AP Districts (2014 Telangana State Formation),Inugurthy (LGD 7538),ts_lgd_mandals_2016_v1,G.O.Ms. Nos. 214-245 Rev (2016-10-11); Bifurcated under G.O.Ms. Nos. 51-68 Rev on 2022-09-26
TS-MDL-4717,TS-MDL-4717-V2,2022-09-26,,true,Predecessor Version TS-MDL-4717-V1,Inugurthy (LGD 7538),ts_lgd_mandals_2026_v1,Continuing parent territory post-G.O.Ms. 51-68 Rev (2022-09-26); MoPR LGD 2026 Directory
TS-MDL-4561,TS-MDL-4561-V1,2016-10-11,2022-09-26,false,10 Legacy AP Districts (2014 Telangana State Formation),CONTINUING_IDENTITY,ts_lgd_mandals_2016_v1,G.O.Ms. Nos. 214-245 Rev (2016-10-11); Undivided 2016-2022 statutory baseline
TS-MDL-4561,TS-MDL-4561-V2,2022-09-26,,true,Predecessor Version TS-MDL-4561-V1,CONTINUING_IDENTITY,ts_lgd_mandals_2026_v1,Continuous statutory identity; MoPR LGD 2026 Directory snapshot
TS-MDL-4637,TS-MDL-4637-V1,2016-10-11,2022-09-26,false,10 Legacy AP Districts (2014 Telangana State Formation),CONTINUING_IDENTITY,ts_lgd_mandals_2016_v1,G.O.Ms. Nos. 214-245 Rev (2016-10-11); Undivided 2016-2022 statutory baseline
TS-MDL-4637,TS-MDL-4637-V2,2022-09-26,,true,Predecessor Version TS-MDL-4637-V1,CONTINUING_IDENTITY,ts_lgd_mandals_2026_v1,Continuous statutory identity; MoPR LGD 2026 Directory snapshot
TS-MDL-4764,TS-MDL-4764-V1,2016-10-11,2022-09-26,false,10 Legacy AP Districts (2014 Telangana State Formation),CONTINUING_IDENTITY,ts_lgd_mandals_2016_v1,G.O.Ms. Nos. 214-245 Rev (2016-10-11); Undivided 2016-2022 statutory baseline
TS-MDL-4764,TS-MDL-4764-V2,2022-09-26,,true,Predecessor Version TS-MDL-4764-V1,CONTINUING_IDENTITY,ts_lgd_mandals_2026_v1,Continuous statutory identity; MoPR LGD 2026 Directory snapshot
TS-MDL-4548,TS-MDL-4548-V1,2016-10-11,2022-09-26,false,10 Legacy AP Districts (2014 Telangana State Formation),CONTINUING_IDENTITY,ts_lgd_mandals_2016_v1,G.O.Ms. Nos. 214-245 Rev (2016-10-11); Undivided 2016-2022 statutory baseline
TS-MDL-4548,TS-MDL-4548-V2,2022-09-26,,true,Predecessor Version TS-MDL-4548-V1,CONTINUING_IDENTITY,ts_lgd_mandals_2026_v1,Continuous statutory identity; MoPR LGD 2026 Directory snapshot
TS-MDL-4310,TS-MDL-4310-V1,2016-10-11,2022-09-26,false,10 Legacy AP Districts (2014 Telangana State Formation),CONTINUING_IDENTITY,ts_lgd_mandals_2016_v1,G.O.Ms. Nos. 214-245 Rev (2016-10-11); Undivided 2016-2022 statutory baseline
TS-MDL-4310,TS-MDL-4310-V2,2022-09-26,,true,Predecessor Version TS-MDL-4310-V1,CONTINUING_IDENTITY,ts_lgd_mandals_2026_v1,Continuous statutory identity; MoPR LGD 2026 Directory snapshot
TS-MDL-4711,TS-MDL-4711-V1,2016-10-11,2022-09-26,false,10 Legacy AP Districts (2014 Telangana State Formation),CONTINUING_IDENTITY,ts_lgd_mandals_2016_v1,G.O.Ms. Nos. 214-245 Rev (2016-10-11); Undivided 2016-2022 statutory baseline
TS-MDL-4711,TS-MDL-4711-V2,2022-09-26,,true,Predecessor Version TS-MDL-4711-V1,CONTINUING_IDENTITY,ts_lgd_mandals_2026_v1,Continuous statutory identity; MoPR LGD 2026 Directory snapshot
TS-MDL-4618,TS-MDL-4618-V1,2016-10-11,2022-09-26,false,10 Legacy AP Districts (2014 Telangana State Formation),CONTINUING_IDENTITY,ts_lgd_mandals_2016_v1,G.O.Ms. Nos. 214-245 Rev (2016-10-11); Undivided 2016-2022 statutory baseline
TS-MDL-4618,TS-MDL-4618-V2,2022-09-26,,true,Predecessor Version TS-MDL-4618-V1,CONTINUING_IDENTITY,ts_lgd_mandals_2026_v1,Continuous statutory identity; MoPR LGD 2026 Directory snapshot
TS-MDL-4651,TS-MDL-4651-V1,2016-10-11,2022-09-26,false,10 Legacy AP Districts (2014 Telangana State Formation),CONTINUING_IDENTITY,ts_lgd_mandals_2016_v1,G.O.Ms. Nos. 214-245 Rev (2016-10-11); Undivided 2016-2022 statutory baseline
TS-MDL-4651,TS-MDL-4651-V2,2022-09-26,,true,Predecessor Version TS-MDL-4651-V1,CONTINUING_IDENTITY,ts_lgd_mandals_2026_v1,Continuous statutory identity; MoPR LGD 2026 Directory snapshot
TS-MDL-4657,TS-MDL-4657-V1,2016-10-11,2022-09-26,false,10 Legacy AP Districts (2014 Telangana State Formation),CONTINUING_IDENTITY,ts_lgd_mandals_2016_v1,G.O.Ms. Nos. 214-245 Rev (2016-10-11); Undivided 2016-2022 statutory baseline
TS-MDL-4657,TS-MDL-4657-V2,2022-09-26,,true,Predecessor Version TS-MDL-4657-V1,CONTINUING_IDENTITY,ts_lgd_mandals_2026_v1,Continuous statutory identity; MoPR LGD 2026 Directory snapshot
TS-MDL-6227,TS-MDL-6227-V1,2016-10-11,2022-09-26,false,10 Legacy AP Districts (2014 Telangana State Formation),CONTINUING_IDENTITY,ts_lgd_mandals_2016_v1,G.O.Ms. Nos. 214-245 Rev (2016-10-11); Undivided 2016-2022 statutory baseline
TS-MDL-6227,TS-MDL-6227-V2,2022-09-26,,true,Predecessor Version TS-MDL-6227-V1,CONTINUING_IDENTITY,ts_lgd_mandals_2026_v1,Continuous statutory identity; MoPR LGD 2026 Directory snapshot
TS-MDL-4695,TS-MDL-4695-V1,2016-10-11,2022-09-26,false,10 Legacy AP Districts (2014 Telangana State Formation),CONTINUING_IDENTITY,ts_lgd_mandals_2016_v1,G.O.Ms. Nos. 214-245 Rev (2016-10-11); Undivided 2016-2022 statutory baseline
TS-MDL-4695,TS-MDL-4695-V2,2022-09-26,,true,Predecessor Version TS-MDL-4695-V1,CONTINUING_IDENTITY,ts_lgd_mandals_2026_v1,Continuous statutory identity; MoPR LGD 2026 Directory snapshot
TS-MDL-4544,TS-MDL-4544-V1,2016-10-11,2022-09-26,false,10 Legacy AP Districts (2014 Telangana State Formation),CONTINUING_IDENTITY,ts_lgd_mandals_2016_v1,G.O.Ms. Nos. 214-245 Rev (2016-10-11); Undivided 2016-2022 statutory baseline
TS-MDL-4544,TS-MDL-4544-V2,2022-09-26,,true,Predecessor Version TS-MDL-4544-V1,CONTINUING_IDENTITY,ts_lgd_mandals_2026_v1,Continuous statutory identity; MoPR LGD 2026 Directory snapshot
TS-MDL-4367,TS-MDL-4367-V1,2016-10-11,2022-09-26,false,10 Legacy AP Districts (2014 Telangana State Formation),CONTINUING_IDENTITY,ts_lgd_mandals_2016_v1,G.O.Ms. Nos. 214-245 Rev (2016-10-11); Undivided 2016-2022 statutory baseline
TS-MDL-4367,TS-MDL-4367-V2,2022-09-26,,true,Predecessor Version TS-MDL-4367-V1,CONTINUING_IDENTITY,ts_lgd_mandals_2026_v1,Continuous statutory identity; MoPR LGD 2026 Directory snapshot
TS-MDL-4589,TS-MDL-4589-V1,2016-10-11,2022-09-26,false,10 Legacy AP Districts (2014 Telangana State Formation),CONTINUING_IDENTITY,ts_lgd_mandals_2016_v1,G.O.Ms. Nos. 214-245 Rev (2016-10-11); Undivided 2016-2022 statutory baseline
TS-MDL-4589,TS-MDL-4589-V2,2022-09-26,,true,Predecessor Version TS-MDL-4589-V1,CONTINUING_IDENTITY,ts_lgd_mandals_2026_v1,Continuous statutory identity; MoPR LGD 2026 Directory snapshot
TS-MDL-4604,TS-MDL-4604-V1,2016-10-11,2022-09-26,false,10 Legacy AP Districts (2014 Telangana State Formation),CONTINUING_IDENTITY,ts_lgd_mandals_2016_v1,G.O.Ms. Nos. 214-245 Rev (2016-10-11); Undivided 2016-2022 statutory baseline
TS-MDL-4604,TS-MDL-4604-V2,2022-09-26,,true,Predecessor Version TS-MDL-4604-V1,CONTINUING_IDENTITY,ts_lgd_mandals_2026_v1,Continuous statutory identity; MoPR LGD 2026 Directory snapshot
TS-MDL-6270,TS-MDL-6270-V1,2016-10-11,2022-09-26,false,10 Legacy AP Districts (2014 Telangana State Formation),CONTINUING_IDENTITY,ts_lgd_mandals_2016_v1,G.O.Ms. Nos. 214-245 Rev (2016-10-11); Undivided 2016-2022 statutory baseline
TS-MDL-6270,TS-MDL-6270-V2,2022-09-26,,true,Predecessor Version TS-MDL-6270-V1,CONTINUING_IDENTITY,ts_lgd_mandals_2026_v1,Continuous statutory identity; MoPR LGD 2026 Directory snapshot
TS-MDL-4525,TS-MDL-4525-V1,2016-10-11,2022-09-26,false,10 Legacy AP Districts (2014 Telangana State Formation),CONTINUING_IDENTITY,ts_lgd_mandals_2016_v1,G.O.Ms. Nos. 214-245 Rev (2016-10-11); Undivided 2016-2022 statutory baseline
TS-MDL-4525,TS-MDL-4525-V2,2022-09-26,,true,Predecessor Version TS-MDL-4525-V1,CONTINUING_IDENTITY,ts_lgd_mandals_2026_v1,Continuous statutory identity; MoPR LGD 2026 Directory snapshot
TS-MDL-4393,TS-MDL-4393-V1,2016-10-11,2022-09-26,false,10 Legacy AP Districts (2014 Telangana State Formation),CONTINUING_IDENTITY,ts_lgd_mandals_2016_v1,G.O.Ms. Nos. 214-245 Rev (2016-10-11); Undivided 2016-2022 statutory baseline
TS-MDL-4393,TS-MDL-4393-V2,2022-09-26,,true,Predecessor Version TS-MDL-4393-V1,CONTINUING_IDENTITY,ts_lgd_mandals_2026_v1,Continuous statutory identity; MoPR LGD 2026 Directory snapshot
TS-MDL-4322,TS-MDL-4322-V1,2016-10-11,2022-09-26,false,10 Legacy AP Districts (2014 Telangana State Formation),CONTINUING_IDENTITY,ts_lgd_mandals_2016_v1,G.O.Ms. Nos. 214-245 Rev (2016-10-11); Undivided 2016-2022 statutory baseline
TS-MDL-4322,TS-MDL-4322-V2,2022-09-26,,true,Predecessor Version TS-MDL-4322-V1,CONTINUING_IDENTITY,ts_lgd_mandals_2026_v1,Continuous statutory identity; MoPR LGD 2026 Directory snapshot
TS-MDL-4311,TS-MDL-4311-V1,2016-10-11,2022-09-26,false,10 Legacy AP Districts (2014 Telangana State Formation),CONTINUING_IDENTITY,ts_lgd_mandals_2016_v1,G.O.Ms. Nos. 214-245 Rev (2016-10-11); Undivided 2016-2022 statutory baseline
TS-MDL-4311,TS-MDL-4311-V2,2022-09-26,,true,Predecessor Version TS-MDL-4311-V1,CONTINUING_IDENTITY,ts_lgd_mandals_2026_v1,Continuous statutory identity; MoPR LGD 2026 Directory snapshot
TS-MDL-6211,TS-MDL-6211-V1,2016-10-11,2022-09-26,false,10 Legacy AP Districts (2014 Telangana State Formation),CONTINUING_IDENTITY,ts_lgd_mandals_2016_v1,G.O.Ms. Nos. 214-245 Rev (2016-10-11); Undivided 2016-2022 statutory baseline
TS-MDL-6211,TS-MDL-6211-V2,2022-09-26,,true,Predecessor Version TS-MDL-6211-V1,CONTINUING_IDENTITY,ts_lgd_mandals_2026_v1,Continuous statutory identity; MoPR LGD 2026 Directory snapshot
TS-MDL-4414,TS-MDL-4414-V1,2016-10-11,2022-09-26,false,10 Legacy AP Districts (2014 Telangana State Formation),CONTINUING_IDENTITY,ts_lgd_mandals_2016_v1,G.O.Ms. Nos. 214-245 Rev (2016-10-11); Undivided 2016-2022 statutory baseline
TS-MDL-4414,TS-MDL-4414-V2,2022-09-26,,true,Predecessor Version TS-MDL-4414-V1,CONTINUING_IDENTITY,ts_lgd_mandals_2026_v1,Continuous statutory identity; MoPR LGD 2026 Directory snapshot
TS-MDL-4307,TS-MDL-4307-V1,2016-10-11,2023-08-15,false,10 Legacy AP Districts (2014 Telangana State Formation),Bhoraj (LGD 7529); Sathnala (LGD 7515),ts_lgd_mandals_2016_v1,G.O.Ms. Nos. 214-245 Rev (2016-10-11); Bifurcated under G.O.Ms.No. 65/66 Revenue (Jainad -> Bhoraj/Sathnala) on 2023-08-15
TS-MDL-4307,TS-MDL-4307-V2,2023-08-15,,true,Predecessor Version TS-MDL-4307-V1,Bhoraj (LGD 7529); Sathnala (LGD 7515),ts_lgd_mandals_2026_v1,Continuing parent territory post-G.O.Ms.No. 65/66 Revenue (Jainad -> Bhoraj/Sathnala) on 2023-08-15; MoPR LGD 2026 Directory
TS-MDL-4320,TS-MDL-4320-V1,2016-10-11,2022-09-26,false,10 Legacy AP Districts (2014 Telangana State Formation),CONTINUING_IDENTITY,ts_lgd_mandals_2016_v1,G.O.Ms. Nos. 214-245 Rev (2016-10-11); Undivided 2016-2022 statutory baseline
TS-MDL-4320,TS-MDL-4320-V2,2022-09-26,,true,Predecessor Version TS-MDL-4320-V1,CONTINUING_IDENTITY,ts_lgd_mandals_2026_v1,Continuous statutory identity; MoPR LGD 2026 Directory snapshot
TS-MDL-4355,TS-MDL-4355-V1,2016-10-11,2022-09-26,false,10 Legacy AP Districts (2014 Telangana State Formation),CONTINUING_IDENTITY,ts_lgd_mandals_2016_v1,G.O.Ms. Nos. 214-245 Rev (2016-10-11); Undivided 2016-2022 statutory baseline
TS-MDL-4355,TS-MDL-4355-V2,2022-09-26,,true,Predecessor Version TS-MDL-4355-V1,CONTINUING_IDENTITY,ts_lgd_mandals_2026_v1,Continuous statutory identity; MoPR LGD 2026 Directory snapshot
TS-MDL-4623,TS-MDL-4623-V1,2016-10-11,2022-09-26,false,10 Legacy AP Districts (2014 Telangana State Formation),CONTINUING_IDENTITY,ts_lgd_mandals_2016_v1,G.O.Ms. Nos. 214-245 Rev (2016-10-11); Undivided 2016-2022 statutory baseline
TS-MDL-4623,TS-MDL-4623-V2,2022-09-26,,true,Predecessor Version TS-MDL-4623-V1,CONTINUING_IDENTITY,ts_lgd_mandals_2026_v1,Continuous statutory identity; MoPR LGD 2026 Directory snapshot
TS-MDL-4394,TS-MDL-4394-V1,2016-10-11,2022-09-26,false,10 Legacy AP Districts (2014 Telangana State Formation),CONTINUING_IDENTITY,ts_lgd_mandals_2016_v1,G.O.Ms. Nos. 214-245 Rev (2016-10-11); Undivided 2016-2022 statutory baseline
TS-MDL-4394,TS-MDL-4394-V2,2022-09-26,,true,Predecessor Version TS-MDL-4394-V1,CONTINUING_IDENTITY,ts_lgd_mandals_2026_v1,Continuous statutory identity; MoPR LGD 2026 Directory snapshot
TS-MDL-4413,TS-MDL-4413-V1,2016-10-11,2022-09-26,false,10 Legacy AP Districts (2014 Telangana State Formation),CONTINUING_IDENTITY,ts_lgd_mandals_2016_v1,G.O.Ms. Nos. 214-245 Rev (2016-10-11); Undivided 2016-2022 statutory baseline
TS-MDL-4413,TS-MDL-4413-V2,2022-09-26,,true,Predecessor Version TS-MDL-4413-V1,CONTINUING_IDENTITY,ts_lgd_mandals_2026_v1,Continuous statutory identity; MoPR LGD 2026 Directory snapshot
TS-MDL-4346,TS-MDL-4346-V1,2016-10-11,2022-09-26,false,10 Legacy AP Districts (2014 Telangana State Formation),CONTINUING_IDENTITY,ts_lgd_mandals_2016_v1,G.O.Ms. Nos. 214-245 Rev (2016-10-11); Undivided 2016-2022 statutory baseline
TS-MDL-4346,TS-MDL-4346-V2,2022-09-26,,true,Predecessor Version TS-MDL-4346-V1,CONTINUING_IDENTITY,ts_lgd_mandals_2026_v1,Continuous statutory identity; MoPR LGD 2026 Directory snapshot
TS-MDL-4427,TS-MDL-4427-V1,2016-10-11,2022-09-26,false,10 Legacy AP Districts (2014 Telangana State Formation),CONTINUING_IDENTITY,ts_lgd_mandals_2016_v1,G.O.Ms. Nos. 214-245 Rev (2016-10-11); Undivided 2016-2022 statutory baseline
TS-MDL-4427,TS-MDL-4427-V2,2022-09-26,,true,Predecessor Version TS-MDL-4427-V1,CONTINUING_IDENTITY,ts_lgd_mandals_2026_v1,Continuous statutory identity; MoPR LGD 2026 Directory snapshot
TS-MDL-4699,TS-MDL-4699-V1,2016-10-11,2022-09-26,false,10 Legacy AP Districts (2014 Telangana State Formation),CONTINUING_IDENTITY,ts_lgd_mandals_2016_v1,G.O.Ms. Nos. 214-245 Rev (2016-10-11); Undivided 2016-2022 statutory baseline
TS-MDL-4699,TS-MDL-4699-V2,2022-09-26,,true,Predecessor Version TS-MDL-4699-V1,CONTINUING_IDENTITY,ts_lgd_mandals_2026_v1,Continuous statutory identity; MoPR LGD 2026 Directory snapshot
TS-MDL-4334,TS-MDL-4334-V1,2016-10-11,2022-09-26,false,10 Legacy AP Districts (2014 Telangana State Formation),CONTINUING_IDENTITY,ts_lgd_mandals_2016_v1,G.O.Ms. Nos. 214-245 Rev (2016-10-11); Undivided 2016-2022 statutory baseline
TS-MDL-4334,TS-MDL-4334-V2,2022-09-26,,true,Predecessor Version TS-MDL-4334-V1,CONTINUING_IDENTITY,ts_lgd_mandals_2026_v1,Continuous statutory identity; MoPR LGD 2026 Directory snapshot
TS-MDL-4593,TS-MDL-4593-V1,2016-10-11,2022-09-26,false,10 Legacy AP Districts (2014 Telangana State Formation),CONTINUING_IDENTITY,ts_lgd_mandals_2016_v1,G.O.Ms. Nos. 214-245 Rev (2016-10-11); Undivided 2016-2022 statutory baseline
TS-MDL-4593,TS-MDL-4593-V2,2022-09-26,,true,Predecessor Version TS-MDL-4593-V1,CONTINUING_IDENTITY,ts_lgd_mandals_2026_v1,Continuous statutory identity; MoPR LGD 2026 Directory snapshot
TS-MDL-6230,TS-MDL-6230-V1,2016-10-11,2022-09-26,false,10 Legacy AP Districts (2014 Telangana State Formation),CONTINUING_IDENTITY,ts_lgd_mandals_2016_v1,G.O.Ms. Nos. 214-245 Rev (2016-10-11); Undivided 2016-2022 statutory baseline
TS-MDL-6230,TS-MDL-6230-V2,2022-09-26,,true,Predecessor Version TS-MDL-6230-V1,CONTINUING_IDENTITY,ts_lgd_mandals_2026_v1,Continuous statutory identity; MoPR LGD 2026 Directory snapshot
TS-MDL-4373,TS-MDL-4373-V1,2016-10-11,2022-09-26,false,10 Legacy AP Districts (2014 Telangana State Formation),CONTINUING_IDENTITY,ts_lgd_mandals_2016_v1,G.O.Ms. Nos. 214-245 Rev (2016-10-11); Undivided 2016-2022 statutory baseline
TS-MDL-4373,TS-MDL-4373-V2,2022-09-26,,true,Predecessor Version TS-MDL-4373-V1,CONTINUING_IDENTITY,ts_lgd_mandals_2026_v1,Continuous statutory identity; MoPR LGD 2026 Directory snapshot
TS-MDL-4746,TS-MDL-4746-V1,2016-10-11,2022-09-26,false,10 Legacy AP Districts (2014 Telangana State Formation),CONTINUING_IDENTITY,ts_lgd_mandals_2016_v1,G.O.Ms. Nos. 214-245 Rev (2016-10-11); Undivided 2016-2022 statutory baseline
TS-MDL-4746,TS-MDL-4746-V2,2022-09-26,,true,Predecessor Version TS-MDL-4746-V1,CONTINUING_IDENTITY,ts_lgd_mandals_2026_v1,Continuous statutory identity; MoPR LGD 2026 Directory snapshot
TS-MDL-4335,TS-MDL-4335-V1,2016-10-11,2022-09-26,false,10 Legacy AP Districts (2014 Telangana State Formation),CONTINUING_IDENTITY,ts_lgd_mandals_2016_v1,G.O.Ms. Nos. 214-245 Rev (2016-10-11); Undivided 2016-2022 statutory baseline
TS-MDL-4335,TS-MDL-4335-V2,2022-09-26,,true,Predecessor Version TS-MDL-4335-V1,CONTINUING_IDENTITY,ts_lgd_mandals_2026_v1,Continuous statutory identity; MoPR LGD 2026 Directory snapshot
TS-MDL-6324,TS-MDL-6324-V1,2016-10-11,2022-09-26,false,10 Legacy AP Districts (2014 Telangana State Formation),CONTINUING_IDENTITY,ts_lgd_mandals_2016_v1,G.O.Ms. Nos. 214-245 Rev (2016-10-11); Undivided 2016-2022 statutory baseline
TS-MDL-6324,TS-MDL-6324-V2,2022-09-26,,true,Predecessor Version TS-MDL-6324-V1,CONTINUING_IDENTITY,ts_lgd_mandals_2026_v1,Continuous statutory identity; MoPR LGD 2026 Directory snapshot
TS-MDL-4539,TS-MDL-4539-V1,2016-10-11,2020-09-24,false,10 Legacy AP Districts (2014 Telangana State Formation),Chowdapur (LGD 7186),ts_lgd_mandals_2016_v1,G.O.Ms. Nos. 214-245 Rev (2016-10-11); Bifurcated under G.O.Ms. Nos. 108-112 Rev on 2020-09-24
TS-MDL-4539,TS-MDL-4539-V2,2020-09-24,,true,Predecessor Version TS-MDL-4539-V1,Chowdapur (LGD 7186),ts_lgd_mandals_2026_v1,Continuing parent territory post-G.O.Ms. 108-112 Rev (2020-09-24); MoPR LGD 2026 Directory
TS-MDL-6297,TS-MDL-6297-V1,2016-10-11,2022-09-26,false,10 Legacy AP Districts (2014 Telangana State Formation),CONTINUING_IDENTITY,ts_lgd_mandals_2016_v1,G.O.Ms. Nos. 214-245 Rev (2016-10-11); Undivided 2016-2022 statutory baseline
TS-MDL-6297,TS-MDL-6297-V2,2022-09-26,,true,Predecessor Version TS-MDL-6297-V1,CONTINUING_IDENTITY,ts_lgd_mandals_2026_v1,Continuous statutory identity; MoPR LGD 2026 Directory snapshot
TS-MDL-4400,TS-MDL-4400-V1,2016-10-11,2022-09-26,false,10 Legacy AP Districts (2014 Telangana State Formation),CONTINUING_IDENTITY,ts_lgd_mandals_2016_v1,G.O.Ms. Nos. 214-245 Rev (2016-10-11); Undivided 2016-2022 statutory baseline
TS-MDL-4400,TS-MDL-4400-V2,2022-09-26,,true,Predecessor Version TS-MDL-4400-V1,CONTINUING_IDENTITY,ts_lgd_mandals_2026_v1,Continuous statutory identity; MoPR LGD 2026 Directory snapshot
TS-MDL-4755,TS-MDL-4755-V1,2016-10-11,2022-09-26,false,10 Legacy AP Districts (2014 Telangana State Formation),CONTINUING_IDENTITY,ts_lgd_mandals_2016_v1,G.O.Ms. Nos. 214-245 Rev (2016-10-11); Undivided 2016-2022 statutory baseline
TS-MDL-4755,TS-MDL-4755-V2,2022-09-26,,true,Predecessor Version TS-MDL-4755-V1,CONTINUING_IDENTITY,ts_lgd_mandals_2026_v1,Continuous statutory identity; MoPR LGD 2026 Directory snapshot
TS-MDL-4745,TS-MDL-4745-V1,2016-10-11,2022-09-26,false,10 Legacy AP Districts (2014 Telangana State Formation),CONTINUING_IDENTITY,ts_lgd_mandals_2016_v1,G.O.Ms. Nos. 214-245 Rev (2016-10-11); Undivided 2016-2022 statutory baseline
TS-MDL-4745,TS-MDL-4745-V2,2022-09-26,,true,Predecessor Version TS-MDL-4745-V1,CONTINUING_IDENTITY,ts_lgd_mandals_2026_v1,Continuous statutory identity; MoPR LGD 2026 Directory snapshot
TS-MDL-4656,TS-MDL-4656-V1,2016-10-11,2022-09-26,false,10 Legacy AP Districts (2014 Telangana State Formation),CONTINUING_IDENTITY,ts_lgd_mandals_2016_v1,G.O.Ms. Nos. 214-245 Rev (2016-10-11); Undivided 2016-2022 statutory baseline
TS-MDL-4656,TS-MDL-4656-V2,2022-09-26,,true,Predecessor Version TS-MDL-4656-V1,CONTINUING_IDENTITY,ts_lgd_mandals_2026_v1,Continuous statutory identity; MoPR LGD 2026 Directory snapshot
TS-MDL-6275,TS-MDL-6275-V1,2016-10-11,2022-09-26,false,10 Legacy AP Districts (2014 Telangana State Formation),CONTINUING_IDENTITY,ts_lgd_mandals_2016_v1,G.O.Ms. Nos. 214-245 Rev (2016-10-11); Undivided 2016-2022 statutory baseline
TS-MDL-6275,TS-MDL-6275-V2,2022-09-26,,true,Predecessor Version TS-MDL-6275-V1,CONTINUING_IDENTITY,ts_lgd_mandals_2026_v1,Continuous statutory identity; MoPR LGD 2026 Directory snapshot
TS-MDL-4545,TS-MDL-4545-V1,2016-10-11,2022-09-26,false,10 Legacy AP Districts (2014 Telangana State Formation),CONTINUING_IDENTITY,ts_lgd_mandals_2016_v1,G.O.Ms. Nos. 214-245 Rev (2016-10-11); Undivided 2016-2022 statutory baseline
TS-MDL-4545,TS-MDL-4545-V2,2022-09-26,,true,Predecessor Version TS-MDL-4545-V1,CONTINUING_IDENTITY,ts_lgd_mandals_2026_v1,Continuous statutory identity; MoPR LGD 2026 Directory snapshot
TS-MDL-4450,TS-MDL-4450-V1,2016-10-11,2022-09-26,false,10 Legacy AP Districts (2014 Telangana State Formation),CONTINUING_IDENTITY,ts_lgd_mandals_2016_v1,G.O.Ms. Nos. 214-245 Rev (2016-10-11); Undivided 2016-2022 statutory baseline
TS-MDL-4450,TS-MDL-4450-V2,2022-09-26,,true,Predecessor Version TS-MDL-4450-V1,CONTINUING_IDENTITY,ts_lgd_mandals_2026_v1,Continuous statutory identity; MoPR LGD 2026 Directory snapshot
TS-MDL-6251,TS-MDL-6251-V1,2016-10-11,2022-09-26,false,10 Legacy AP Districts (2014 Telangana State Formation),CONTINUING_IDENTITY,ts_lgd_mandals_2016_v1,G.O.Ms. Nos. 214-245 Rev (2016-10-11); Undivided 2016-2022 statutory baseline
TS-MDL-6251,TS-MDL-6251-V2,2022-09-26,,true,Predecessor Version TS-MDL-6251-V1,CONTINUING_IDENTITY,ts_lgd_mandals_2026_v1,Continuous statutory identity; MoPR LGD 2026 Directory snapshot
TS-MDL-6317,TS-MDL-6317-V1,2016-10-11,2022-09-26,false,10 Legacy AP Districts (2014 Telangana State Formation),CONTINUING_IDENTITY,ts_lgd_mandals_2016_v1,G.O.Ms. Nos. 214-245 Rev (2016-10-11); Undivided 2016-2022 statutory baseline
TS-MDL-6317,TS-MDL-6317-V2,2022-09-26,,true,Predecessor Version TS-MDL-6317-V1,CONTINUING_IDENTITY,ts_lgd_mandals_2026_v1,Continuous statutory identity; MoPR LGD 2026 Directory snapshot
TS-MDL-6269,TS-MDL-6269-V1,2016-10-11,2022-09-26,false,10 Legacy AP Districts (2014 Telangana State Formation),CONTINUING_IDENTITY,ts_lgd_mandals_2016_v1,G.O.Ms. Nos. 214-245 Rev (2016-10-11); Undivided 2016-2022 statutory baseline
TS-MDL-6269,TS-MDL-6269-V2,2022-09-26,,true,Predecessor Version TS-MDL-6269-V1,CONTINUING_IDENTITY,ts_lgd_mandals_2026_v1,Continuous statutory identity; MoPR LGD 2026 Directory snapshot
TS-MDL-6231,TS-MDL-6231-V1,2016-10-11,2022-09-26,false,10 Legacy AP Districts (2014 Telangana State Formation),CONTINUING_IDENTITY,ts_lgd_mandals_2016_v1,G.O.Ms. Nos. 214-245 Rev (2016-10-11); Undivided 2016-2022 statutory baseline
TS-MDL-6231,TS-MDL-6231-V2,2022-09-26,,true,Predecessor Version TS-MDL-6231-V1,CONTINUING_IDENTITY,ts_lgd_mandals_2026_v1,Continuous statutory identity; MoPR LGD 2026 Directory snapshot
TS-MDL-4353,TS-MDL-4353-V1,2016-10-11,2022-09-26,false,10 Legacy AP Districts (2014 Telangana State Formation),CONTINUING_IDENTITY,ts_lgd_mandals_2016_v1,G.O.Ms. Nos. 214-245 Rev (2016-10-11); Undivided 2016-2022 statutory baseline
TS-MDL-4353,TS-MDL-4353-V2,2022-09-26,,true,Predecessor Version TS-MDL-4353-V1,CONTINUING_IDENTITY,ts_lgd_mandals_2026_v1,Continuous statutory identity; MoPR LGD 2026 Directory snapshot
TS-MDL-4649,TS-MDL-4649-V1,2016-10-11,2022-09-26,false,10 Legacy AP Districts (2014 Telangana State Formation),CONTINUING_IDENTITY,ts_lgd_mandals_2016_v1,G.O.Ms. Nos. 214-245 Rev (2016-10-11); Undivided 2016-2022 statutory baseline
TS-MDL-4649,TS-MDL-4649-V2,2022-09-26,,true,Predecessor Version TS-MDL-4649-V1,CONTINUING_IDENTITY,ts_lgd_mandals_2026_v1,Continuous statutory identity; MoPR LGD 2026 Directory snapshot
TS-MDL-4349,TS-MDL-4349-V1,2016-10-11,2022-09-26,false,10 Legacy AP Districts (2014 Telangana State Formation),CONTINUING_IDENTITY,ts_lgd_mandals_2016_v1,G.O.Ms. Nos. 214-245 Rev (2016-10-11); Undivided 2016-2022 statutory baseline
TS-MDL-4349,TS-MDL-4349-V2,2022-09-26,,true,Predecessor Version TS-MDL-4349-V1,CONTINUING_IDENTITY,ts_lgd_mandals_2026_v1,Continuous statutory identity; MoPR LGD 2026 Directory snapshot
TS-MDL-6289,TS-MDL-6289-V1,2016-10-11,2022-09-26,false,10 Legacy AP Districts (2014 Telangana State Formation),CONTINUING_IDENTITY,ts_lgd_mandals_2016_v1,G.O.Ms. Nos. 214-245 Rev (2016-10-11); Undivided 2016-2022 statutory baseline
TS-MDL-6289,TS-MDL-6289-V2,2022-09-26,,true,Predecessor Version TS-MDL-6289-V1,CONTINUING_IDENTITY,ts_lgd_mandals_2026_v1,Continuous statutory identity; MoPR LGD 2026 Directory snapshot
TS-MDL-6300,TS-MDL-6300-V1,2016-10-11,2022-09-26,false,10 Legacy AP Districts (2014 Telangana State Formation),CONTINUING_IDENTITY,ts_lgd_mandals_2016_v1,G.O.Ms. Nos. 214-245 Rev (2016-10-11); Undivided 2016-2022 statutory baseline
TS-MDL-6300,TS-MDL-6300-V2,2022-09-26,,true,Predecessor Version TS-MDL-6300-V1,CONTINUING_IDENTITY,ts_lgd_mandals_2026_v1,Continuous statutory identity; MoPR LGD 2026 Directory snapshot
TS-MDL-4402,TS-MDL-4402-V1,2016-10-11,2022-09-26,false,10 Legacy AP Districts (2014 Telangana State Formation),CONTINUING_IDENTITY,ts_lgd_mandals_2016_v1,G.O.Ms. Nos. 214-245 Rev (2016-10-11); Undivided 2016-2022 statutory baseline
TS-MDL-4402,TS-MDL-4402-V2,2022-09-26,,true,Predecessor Version TS-MDL-4402-V1,CONTINUING_IDENTITY,ts_lgd_mandals_2026_v1,Continuous statutory identity; MoPR LGD 2026 Directory snapshot
TS-MDL-4522,TS-MDL-4522-V1,2016-10-11,2022-09-26,false,10 Legacy AP Districts (2014 Telangana State Formation),CONTINUING_IDENTITY,ts_lgd_mandals_2016_v1,G.O.Ms. Nos. 214-245 Rev (2016-10-11); Undivided 2016-2022 statutory baseline
TS-MDL-4522,TS-MDL-4522-V2,2022-09-26,,true,Predecessor Version TS-MDL-4522-V1,CONTINUING_IDENTITY,ts_lgd_mandals_2026_v1,Continuous statutory identity; MoPR LGD 2026 Directory snapshot
TS-MDL-4313,TS-MDL-4313-V1,2016-10-11,2022-09-26,false,10 Legacy AP Districts (2014 Telangana State Formation),CONTINUING_IDENTITY,ts_lgd_mandals_2016_v1,G.O.Ms. Nos. 214-245 Rev (2016-10-11); Undivided 2016-2022 statutory baseline
TS-MDL-4313,TS-MDL-4313-V2,2022-09-26,,true,Predecessor Version TS-MDL-4313-V1,CONTINUING_IDENTITY,ts_lgd_mandals_2026_v1,Continuous statutory identity; MoPR LGD 2026 Directory snapshot
TS-MDL-6247,TS-MDL-6247-V1,2016-10-11,2022-09-26,false,10 Legacy AP Districts (2014 Telangana State Formation),CONTINUING_IDENTITY,ts_lgd_mandals_2016_v1,G.O.Ms. Nos. 214-245 Rev (2016-10-11); Undivided 2016-2022 statutory baseline
TS-MDL-6247,TS-MDL-6247-V2,2022-09-26,,true,Predecessor Version TS-MDL-6247-V1,CONTINUING_IDENTITY,ts_lgd_mandals_2026_v1,Continuous statutory identity; MoPR LGD 2026 Directory snapshot
TS-MDL-4505,TS-MDL-4505-V1,2016-10-11,2022-09-26,false,10 Legacy AP Districts (2014 Telangana State Formation),CONTINUING_IDENTITY,ts_lgd_mandals_2016_v1,G.O.Ms. Nos. 214-245 Rev (2016-10-11); Undivided 2016-2022 statutory baseline
TS-MDL-4505,TS-MDL-4505-V2,2022-09-26,,true,Predecessor Version TS-MDL-4505-V1,CONTINUING_IDENTITY,ts_lgd_mandals_2026_v1,Continuous statutory identity; MoPR LGD 2026 Directory snapshot
TS-MDL-6326,TS-MDL-6326-V1,2016-10-11,2022-09-26,false,10 Legacy AP Districts (2014 Telangana State Formation),CONTINUING_IDENTITY,ts_lgd_mandals_2016_v1,G.O.Ms. Nos. 214-245 Rev (2016-10-11); Undivided 2016-2022 statutory baseline
TS-MDL-6326,TS-MDL-6326-V2,2022-09-26,,true,Predecessor Version TS-MDL-6326-V1,CONTINUING_IDENTITY,ts_lgd_mandals_2026_v1,Continuous statutory identity; MoPR LGD 2026 Directory snapshot
TS-MDL-4347,TS-MDL-4347-V1,2016-10-11,2022-09-26,false,10 Legacy AP Districts (2014 Telangana State Formation),CONTINUING_IDENTITY,ts_lgd_mandals_2016_v1,G.O.Ms. Nos. 214-245 Rev (2016-10-11); Undivided 2016-2022 statutory baseline
TS-MDL-4347,TS-MDL-4347-V2,2022-09-26,,true,Predecessor Version TS-MDL-4347-V1,CONTINUING_IDENTITY,ts_lgd_mandals_2026_v1,Continuous statutory identity; MoPR LGD 2026 Directory snapshot
TS-MDL-4451,TS-MDL-4451-V1,2016-10-11,2022-09-26,false,10 Legacy AP Districts (2014 Telangana State Formation),CONTINUING_IDENTITY,ts_lgd_mandals_2016_v1,G.O.Ms. Nos. 214-245 Rev (2016-10-11); Undivided 2016-2022 statutory baseline
TS-MDL-4451,TS-MDL-4451-V2,2022-09-26,,true,Predecessor Version TS-MDL-4451-V1,CONTINUING_IDENTITY,ts_lgd_mandals_2026_v1,Continuous statutory identity; MoPR LGD 2026 Directory snapshot
TS-MDL-4611,TS-MDL-4611-V1,2016-10-11,2022-09-26,false,10 Legacy AP Districts (2014 Telangana State Formation),CONTINUING_IDENTITY,ts_lgd_mandals_2016_v1,G.O.Ms. Nos. 214-245 Rev (2016-10-11); Undivided 2016-2022 statutory baseline
TS-MDL-4611,TS-MDL-4611-V2,2022-09-26,,true,Predecessor Version TS-MDL-4611-V1,CONTINUING_IDENTITY,ts_lgd_mandals_2026_v1,Continuous statutory identity; MoPR LGD 2026 Directory snapshot
TS-MDL-4709,TS-MDL-4709-V1,2016-10-11,2022-09-26,false,10 Legacy AP Districts (2014 Telangana State Formation),CONTINUING_IDENTITY,ts_lgd_mandals_2016_v1,G.O.Ms. Nos. 214-245 Rev (2016-10-11); Undivided 2016-2022 statutory baseline
TS-MDL-4709,TS-MDL-4709-V2,2022-09-26,,true,Predecessor Version TS-MDL-4709-V1,CONTINUING_IDENTITY,ts_lgd_mandals_2026_v1,Continuous statutory identity; MoPR LGD 2026 Directory snapshot
TS-MDL-6246,TS-MDL-6246-V1,2016-10-11,2022-09-26,false,10 Legacy AP Districts (2014 Telangana State Formation),CONTINUING_IDENTITY,ts_lgd_mandals_2016_v1,G.O.Ms. Nos. 214-245 Rev (2016-10-11); Undivided 2016-2022 statutory baseline
TS-MDL-6246,TS-MDL-6246-V2,2022-09-26,,true,Predecessor Version TS-MDL-6246-V1,CONTINUING_IDENTITY,ts_lgd_mandals_2026_v1,Continuous statutory identity; MoPR LGD 2026 Directory snapshot
TS-MDL-4668,TS-MDL-4668-V1,2016-10-11,2022-09-26,false,10 Legacy AP Districts (2014 Telangana State Formation),CONTINUING_IDENTITY,ts_lgd_mandals_2016_v1,G.O.Ms. Nos. 214-245 Rev (2016-10-11); Undivided 2016-2022 statutory baseline
TS-MDL-4668,TS-MDL-4668-V2,2022-09-26,,true,Predecessor Version TS-MDL-4668-V1,CONTINUING_IDENTITY,ts_lgd_mandals_2026_v1,Continuous statutory identity; MoPR LGD 2026 Directory snapshot
TS-MDL-4600,TS-MDL-4600-V1,2016-10-11,2022-09-26,false,10 Legacy AP Districts (2014 Telangana State Formation),CONTINUING_IDENTITY,ts_lgd_mandals_2016_v1,G.O.Ms. Nos. 214-245 Rev (2016-10-11); Undivided 2016-2022 statutory baseline
TS-MDL-4600,TS-MDL-4600-V2,2022-09-26,,true,Predecessor Version TS-MDL-4600-V1,CONTINUING_IDENTITY,ts_lgd_mandals_2026_v1,Continuous statutory identity; MoPR LGD 2026 Directory snapshot
TS-MDL-4549,TS-MDL-4549-V1,2016-10-11,2022-09-26,false,10 Legacy AP Districts (2014 Telangana State Formation),Dudyal (LGD 7540),ts_lgd_mandals_2016_v1,G.O.Ms. Nos. 214-245 Rev (2016-10-11); Bifurcated under G.O.Ms. Nos. 51-68 Rev on 2022-09-26
TS-MDL-4549,TS-MDL-4549-V2,2022-09-26,,true,Predecessor Version TS-MDL-4549-V1,Dudyal (LGD 7540),ts_lgd_mandals_2026_v1,Continuing parent territory post-G.O.Ms. 51-68 Rev (2022-09-26); MoPR LGD 2026 Directory
TS-MDL-4420,TS-MDL-4420-V1,2016-10-11,2022-09-26,false,10 Legacy AP Districts (2014 Telangana State Formation),CONTINUING_IDENTITY,ts_lgd_mandals_2016_v1,G.O.Ms. Nos. 214-245 Rev (2016-10-11); Undivided 2016-2022 statutory baseline
TS-MDL-4420,TS-MDL-4420-V2,2022-09-26,,true,Predecessor Version TS-MDL-4420-V1,CONTINUING_IDENTITY,ts_lgd_mandals_2026_v1,Continuous statutory identity; MoPR LGD 2026 Directory snapshot
TS-MDL-4443,TS-MDL-4443-V1,2016-10-11,2022-09-26,false,10 Legacy AP Districts (2014 Telangana State Formation),CONTINUING_IDENTITY,ts_lgd_mandals_2016_v1,G.O.Ms. Nos. 214-245 Rev (2016-10-11); Undivided 2016-2022 statutory baseline
TS-MDL-4443,TS-MDL-4443-V2,2022-09-26,,true,Predecessor Version TS-MDL-4443-V1,CONTINUING_IDENTITY,ts_lgd_mandals_2026_v1,Continuous statutory identity; MoPR LGD 2026 Directory snapshot
TS-MDL-4475,TS-MDL-4475-V1,2016-10-11,2022-09-26,false,10 Legacy AP Districts (2014 Telangana State Formation),CONTINUING_IDENTITY,ts_lgd_mandals_2016_v1,G.O.Ms. Nos. 214-245 Rev (2016-10-11); Undivided 2016-2022 statutory baseline
TS-MDL-4475,TS-MDL-4475-V2,2022-09-26,,true,Predecessor Version TS-MDL-4475-V1,CONTINUING_IDENTITY,ts_lgd_mandals_2026_v1,Continuous statutory identity; MoPR LGD 2026 Directory snapshot
TS-MDL-4569,TS-MDL-4569-V1,2016-10-11,2022-09-26,false,10 Legacy AP Districts (2014 Telangana State Formation),CONTINUING_IDENTITY,ts_lgd_mandals_2016_v1,G.O.Ms. Nos. 214-245 Rev (2016-10-11); Undivided 2016-2022 statutory baseline
TS-MDL-4569,TS-MDL-4569-V2,2022-09-26,,true,Predecessor Version TS-MDL-4569-V1,CONTINUING_IDENTITY,ts_lgd_mandals_2026_v1,Continuous statutory identity; MoPR LGD 2026 Directory snapshot
TS-MDL-4431,TS-MDL-4431-V1,2016-10-11,2022-09-26,false,10 Legacy AP Districts (2014 Telangana State Formation),CONTINUING_IDENTITY,ts_lgd_mandals_2016_v1,G.O.Ms. Nos. 214-245 Rev (2016-10-11); Undivided 2016-2022 statutory baseline
TS-MDL-4431,TS-MDL-4431-V2,2022-09-26,,true,Predecessor Version TS-MDL-4431-V1,CONTINUING_IDENTITY,ts_lgd_mandals_2026_v1,Continuous statutory identity; MoPR LGD 2026 Directory snapshot
TS-MDL-6307,TS-MDL-6307-V1,2016-10-11,2022-09-26,false,10 Legacy AP Districts (2014 Telangana State Formation),CONTINUING_IDENTITY,ts_lgd_mandals_2016_v1,G.O.Ms. Nos. 214-245 Rev (2016-10-11); Undivided 2016-2022 statutory baseline
TS-MDL-6307,TS-MDL-6307-V2,2022-09-26,,true,Predecessor Version TS-MDL-6307-V1,CONTINUING_IDENTITY,ts_lgd_mandals_2026_v1,Continuous statutory identity; MoPR LGD 2026 Directory snapshot
TS-MDL-4462,TS-MDL-4462-V1,2016-10-11,2022-09-26,false,10 Legacy AP Districts (2014 Telangana State Formation),Kukunoorpally (LGD 7521),ts_lgd_mandals_2016_v1,G.O.Ms. Nos. 214-245 Rev (2016-10-11); Bifurcated under G.O.Ms. Nos. 51-68 Rev on 2022-09-26
TS-MDL-4462,TS-MDL-4462-V2,2022-09-26,,true,Predecessor Version TS-MDL-4462-V1,Kukunoorpally (LGD 7521),ts_lgd_mandals_2026_v1,Continuing parent territory post-G.O.Ms. 51-68 Rev (2022-09-26); MoPR LGD 2026 Directory
TS-MDL-4491,TS-MDL-4491-V1,2016-10-11,2022-09-26,false,10 Legacy AP Districts (2014 Telangana State Formation),CONTINUING_IDENTITY,ts_lgd_mandals_2016_v1,G.O.Ms. Nos. 214-245 Rev (2016-10-11); Undivided 2016-2022 statutory baseline
TS-MDL-4491,TS-MDL-4491-V2,2022-09-26,,true,Predecessor Version TS-MDL-4491-V1,CONTINUING_IDENTITY,ts_lgd_mandals_2026_v1,Continuous statutory identity; MoPR LGD 2026 Directory snapshot
TS-MDL-4417,TS-MDL-4417-V1,2016-10-11,2022-09-26,false,10 Legacy AP Districts (2014 Telangana State Formation),CONTINUING_IDENTITY,ts_lgd_mandals_2016_v1,G.O.Ms. Nos. 214-245 Rev (2016-10-11); Undivided 2016-2022 statutory baseline
TS-MDL-4417,TS-MDL-4417-V2,2022-09-26,,true,Predecessor Version TS-MDL-4417-V1,CONTINUING_IDENTITY,ts_lgd_mandals_2026_v1,Continuous statutory identity; MoPR LGD 2026 Directory snapshot
TS-MDL-4616,TS-MDL-4616-V1,2016-10-11,2022-09-26,false,10 Legacy AP Districts (2014 Telangana State Formation),CONTINUING_IDENTITY,ts_lgd_mandals_2016_v1,G.O.Ms. Nos. 214-245 Rev (2016-10-11); Undivided 2016-2022 statutory baseline
TS-MDL-4616,TS-MDL-4616-V2,2022-09-26,,true,Predecessor Version TS-MDL-4616-V1,CONTINUING_IDENTITY,ts_lgd_mandals_2026_v1,Continuous statutory identity; MoPR LGD 2026 Directory snapshot
TS-MDL-4761,TS-MDL-4761-V1,2016-10-11,2022-09-26,false,10 Legacy AP Districts (2014 Telangana State Formation),CONTINUING_IDENTITY,ts_lgd_mandals_2016_v1,G.O.Ms. Nos. 214-245 Rev (2016-10-11); Undivided 2016-2022 statutory baseline
TS-MDL-4761,TS-MDL-4761-V2,2022-09-26,,true,Predecessor Version TS-MDL-4761-V1,CONTINUING_IDENTITY,ts_lgd_mandals_2026_v1,Continuous statutory identity; MoPR LGD 2026 Directory snapshot
TS-MDL-4416,TS-MDL-4416-V1,2016-10-11,2022-09-26,false,10 Legacy AP Districts (2014 Telangana State Formation),CONTINUING_IDENTITY,ts_lgd_mandals_2016_v1,G.O.Ms. Nos. 214-245 Rev (2016-10-11); Undivided 2016-2022 statutory baseline
TS-MDL-4416,TS-MDL-4416-V2,2022-09-26,,true,Predecessor Version TS-MDL-4416-V1,CONTINUING_IDENTITY,ts_lgd_mandals_2026_v1,Continuous statutory identity; MoPR LGD 2026 Directory snapshot
TS-MDL-4371,TS-MDL-4371-V1,2016-10-11,2022-11-22,false,10 Legacy AP Districts (2014 Telangana State Formation),Pothangal (LGD 7534),ts_lgd_mandals_2016_v1,G.O.Ms. Nos. 214-245 Rev (2016-10-11); Bifurcated under G.O.Ms.No. 95 Revenue (Kotagiri -> Pothangal) on 2022-11-22
TS-MDL-4371,TS-MDL-4371-V2,2022-11-22,,true,Predecessor Version TS-MDL-4371-V1,Pothangal (LGD 7534),ts_lgd_mandals_2026_v1,Continuing parent territory post-G.O.Ms.No. 95 Revenue (Kotagiri -> Pothangal) on 2022-11-22; MoPR LGD 2026 Directory
TS-MDL-4664,TS-MDL-4664-V1,2016-10-11,2023-03-15,false,10 Legacy AP Districts (2014 Telangana State Formation),Gudipally (LGD 7527),ts_lgd_mandals_2016_v1,G.O.Ms. Nos. 214-245 Rev (2016-10-11); Bifurcated under G.O.Ms.No. 22 Revenue (Miryalaguda -> Gudipally) on 2023-03-15
TS-MDL-4664,TS-MDL-4664-V2,2023-03-15,,true,Predecessor Version TS-MDL-4664-V1,Gudipally (LGD 7527),ts_lgd_mandals_2026_v1,Continuing parent territory post-G.O.Ms.No. 22 Revenue (Miryalaguda -> Gudipally) on 2023-03-15; MoPR LGD 2026 Directory
TS-MDL-4710,TS-MDL-4710-V1,2016-10-11,2022-09-26,false,10 Legacy AP Districts (2014 Telangana State Formation),CONTINUING_IDENTITY,ts_lgd_mandals_2016_v1,G.O.Ms. Nos. 214-245 Rev (2016-10-11); Undivided 2016-2022 statutory baseline
TS-MDL-4710,TS-MDL-4710-V2,2022-09-26,,true,Predecessor Version TS-MDL-4710-V1,CONTINUING_IDENTITY,ts_lgd_mandals_2026_v1,Continuous statutory identity; MoPR LGD 2026 Directory snapshot
TS-MDL-4738,TS-MDL-4738-V1,2016-10-11,2022-09-26,false,10 Legacy AP Districts (2014 Telangana State Formation),CONTINUING_IDENTITY,ts_lgd_mandals_2016_v1,G.O.Ms. Nos. 214-245 Rev (2016-10-11); Undivided 2016-2022 statutory baseline
TS-MDL-4738,TS-MDL-4738-V2,2022-09-26,,true,Predecessor Version TS-MDL-4738-V1,CONTINUING_IDENTITY,ts_lgd_mandals_2026_v1,Continuous statutory identity; MoPR LGD 2026 Directory snapshot
TS-MDL-4316,TS-MDL-4316-V1,2016-10-11,2022-09-26,false,10 Legacy AP Districts (2014 Telangana State Formation),CONTINUING_IDENTITY,ts_lgd_mandals_2016_v1,G.O.Ms. Nos. 214-245 Rev (2016-10-11); Undivided 2016-2022 statutory baseline
TS-MDL-4316,TS-MDL-4316-V2,2022-09-26,,true,Predecessor Version TS-MDL-4316-V1,CONTINUING_IDENTITY,ts_lgd_mandals_2026_v1,Continuous statutory identity; MoPR LGD 2026 Directory snapshot
TS-MDL-4341,TS-MDL-4341-V1,2016-10-11,2022-09-26,false,10 Legacy AP Districts (2014 Telangana State Formation),CONTINUING_IDENTITY,ts_lgd_mandals_2016_v1,G.O.Ms. Nos. 214-245 Rev (2016-10-11); Undivided 2016-2022 statutory baseline
TS-MDL-4341,TS-MDL-4341-V2,2022-09-26,,true,Predecessor Version TS-MDL-4341-V1,CONTINUING_IDENTITY,ts_lgd_mandals_2026_v1,Continuous statutory identity; MoPR LGD 2026 Directory snapshot
TS-MDL-4758,TS-MDL-4758-V1,2016-10-11,2022-09-26,false,10 Legacy AP Districts (2014 Telangana State Formation),CONTINUING_IDENTITY,ts_lgd_mandals_2016_v1,G.O.Ms. Nos. 214-245 Rev (2016-10-11); Undivided 2016-2022 statutory baseline
TS-MDL-4758,TS-MDL-4758-V2,2022-09-26,,true,Predecessor Version TS-MDL-4758-V1,CONTINUING_IDENTITY,ts_lgd_mandals_2026_v1,Continuous statutory identity; MoPR LGD 2026 Directory snapshot
TS-MDL-4480,TS-MDL-4480-V1,2016-10-11,2022-09-26,false,10 Legacy AP Districts (2014 Telangana State Formation),CONTINUING_IDENTITY,ts_lgd_mandals_2016_v1,G.O.Ms. Nos. 214-245 Rev (2016-10-11); Undivided 2016-2022 statutory baseline
TS-MDL-4480,TS-MDL-4480-V2,2022-09-26,,true,Predecessor Version TS-MDL-4480-V1,CONTINUING_IDENTITY,ts_lgd_mandals_2026_v1,Continuous statutory identity; MoPR LGD 2026 Directory snapshot
TS-MDL-4338,TS-MDL-4338-V1,2016-10-11,2022-09-26,false,10 Legacy AP Districts (2014 Telangana State Formation),CONTINUING_IDENTITY,ts_lgd_mandals_2016_v1,G.O.Ms. Nos. 214-245 Rev (2016-10-11); Undivided 2016-2022 statutory baseline
TS-MDL-4338,TS-MDL-4338-V2,2022-09-26,,true,Predecessor Version TS-MDL-4338-V1,CONTINUING_IDENTITY,ts_lgd_mandals_2026_v1,Continuous statutory identity; MoPR LGD 2026 Directory snapshot
TS-MDL-6327,TS-MDL-6327-V1,2016-10-11,2022-09-26,false,10 Legacy AP Districts (2014 Telangana State Formation),CONTINUING_IDENTITY,ts_lgd_mandals_2016_v1,G.O.Ms. Nos. 214-245 Rev (2016-10-11); Undivided 2016-2022 statutory baseline
TS-MDL-6327,TS-MDL-6327-V2,2022-09-26,,true,Predecessor Version TS-MDL-6327-V1,CONTINUING_IDENTITY,ts_lgd_mandals_2026_v1,Continuous statutory identity; MoPR LGD 2026 Directory snapshot
TS-MDL-4468,TS-MDL-4468-V1,2016-10-11,2022-09-26,false,10 Legacy AP Districts (2014 Telangana State Formation),CONTINUING_IDENTITY,ts_lgd_mandals_2016_v1,G.O.Ms. Nos. 214-245 Rev (2016-10-11); Undivided 2016-2022 statutory baseline
TS-MDL-4468,TS-MDL-4468-V2,2022-09-26,,true,Predecessor Version TS-MDL-4468-V1,CONTINUING_IDENTITY,ts_lgd_mandals_2026_v1,Continuous statutory identity; MoPR LGD 2026 Directory snapshot
TS-MDL-4337,TS-MDL-4337-V1,2016-10-11,2022-09-26,false,10 Legacy AP Districts (2014 Telangana State Formation),CONTINUING_IDENTITY,ts_lgd_mandals_2016_v1,G.O.Ms. Nos. 214-245 Rev (2016-10-11); Undivided 2016-2022 statutory baseline
TS-MDL-4337,TS-MDL-4337-V2,2022-09-26,,true,Predecessor Version TS-MDL-4337-V1,CONTINUING_IDENTITY,ts_lgd_mandals_2026_v1,Continuous statutory identity; MoPR LGD 2026 Directory snapshot
TS-MDL-4473,TS-MDL-4473-V1,2016-10-11,2022-09-26,false,10 Legacy AP Districts (2014 Telangana State Formation),CONTINUING_IDENTITY,ts_lgd_mandals_2016_v1,G.O.Ms. Nos. 214-245 Rev (2016-10-11); Undivided 2016-2022 statutory baseline
TS-MDL-4473,TS-MDL-4473-V2,2022-09-26,,true,Predecessor Version TS-MDL-4473-V1,CONTINUING_IDENTITY,ts_lgd_mandals_2026_v1,Continuous statutory identity; MoPR LGD 2026 Directory snapshot
TS-MDL-4721,TS-MDL-4721-V1,2016-10-11,2022-09-26,false,10 Legacy AP Districts (2014 Telangana State Formation),Seerole (LGD 7518),ts_lgd_mandals_2016_v1,G.O.Ms. Nos. 214-245 Rev (2016-10-11); Bifurcated under G.O.Ms. Nos. 51-68 Rev on 2022-09-26
TS-MDL-4721,TS-MDL-4721-V2,2022-09-26,,true,Predecessor Version TS-MDL-4721-V1,Seerole (LGD 7518),ts_lgd_mandals_2026_v1,Continuing parent territory post-G.O.Ms. 51-68 Rev (2022-09-26); MoPR LGD 2026 Directory
TS-MDL-4345,TS-MDL-4345-V1,2016-10-11,2022-09-26,false,10 Legacy AP Districts (2014 Telangana State Formation),CONTINUING_IDENTITY,ts_lgd_mandals_2016_v1,G.O.Ms. Nos. 214-245 Rev (2016-10-11); Undivided 2016-2022 statutory baseline
TS-MDL-4345,TS-MDL-4345-V2,2022-09-26,,true,Predecessor Version TS-MDL-4345-V1,CONTINUING_IDENTITY,ts_lgd_mandals_2026_v1,Continuous statutory identity; MoPR LGD 2026 Directory snapshot
TS-MDL-6266,TS-MDL-6266-V1,2016-10-11,2022-09-26,false,10 Legacy AP Districts (2014 Telangana State Formation),CONTINUING_IDENTITY,ts_lgd_mandals_2016_v1,G.O.Ms. Nos. 214-245 Rev (2016-10-11); Undivided 2016-2022 statutory baseline
TS-MDL-6266,TS-MDL-6266-V2,2022-09-26,,true,Predecessor Version TS-MDL-6266-V1,CONTINUING_IDENTITY,ts_lgd_mandals_2026_v1,Continuous statutory identity; MoPR LGD 2026 Directory snapshot
TS-MDL-4700,TS-MDL-4700-V1,2016-10-11,2022-09-26,false,10 Legacy AP Districts (2014 Telangana State Formation),CONTINUING_IDENTITY,ts_lgd_mandals_2016_v1,G.O.Ms. Nos. 214-245 Rev (2016-10-11); Undivided 2016-2022 statutory baseline
TS-MDL-4700,TS-MDL-4700-V2,2022-09-26,,true,Predecessor Version TS-MDL-4700-V1,CONTINUING_IDENTITY,ts_lgd_mandals_2026_v1,Continuous statutory identity; MoPR LGD 2026 Directory snapshot
TS-MDL-4388,TS-MDL-4388-V1,2016-10-11,2022-09-26,false,10 Legacy AP Districts (2014 Telangana State Formation),CONTINUING_IDENTITY,ts_lgd_mandals_2016_v1,G.O.Ms. Nos. 214-245 Rev (2016-10-11); Undivided 2016-2022 statutory baseline
TS-MDL-4388,TS-MDL-4388-V2,2022-09-26,,true,Predecessor Version TS-MDL-4388-V1,CONTINUING_IDENTITY,ts_lgd_mandals_2026_v1,Continuous statutory identity; MoPR LGD 2026 Directory snapshot
TS-MDL-6311,TS-MDL-6311-V1,2016-10-11,2022-09-26,false,10 Legacy AP Districts (2014 Telangana State Formation),CONTINUING_IDENTITY,ts_lgd_mandals_2016_v1,G.O.Ms. Nos. 214-245 Rev (2016-10-11); Undivided 2016-2022 statutory baseline
TS-MDL-6311,TS-MDL-6311-V2,2022-09-26,,true,Predecessor Version TS-MDL-6311-V1,CONTINUING_IDENTITY,ts_lgd_mandals_2026_v1,Continuous statutory identity; MoPR LGD 2026 Directory snapshot
TS-MDL-4636,TS-MDL-4636-V1,2016-10-11,2022-09-26,false,10 Legacy AP Districts (2014 Telangana State Formation),CONTINUING_IDENTITY,ts_lgd_mandals_2016_v1,G.O.Ms. Nos. 214-245 Rev (2016-10-11); Undivided 2016-2022 statutory baseline
TS-MDL-4636,TS-MDL-4636-V2,2022-09-26,,true,Predecessor Version TS-MDL-4636-V1,CONTINUING_IDENTITY,ts_lgd_mandals_2026_v1,Continuous statutory identity; MoPR LGD 2026 Directory snapshot
TS-MDL-4342,TS-MDL-4342-V1,2016-10-11,2022-09-26,false,10 Legacy AP Districts (2014 Telangana State Formation),CONTINUING_IDENTITY,ts_lgd_mandals_2016_v1,G.O.Ms. Nos. 214-245 Rev (2016-10-11); Undivided 2016-2022 statutory baseline
TS-MDL-4342,TS-MDL-4342-V2,2022-09-26,,true,Predecessor Version TS-MDL-4342-V1,CONTINUING_IDENTITY,ts_lgd_mandals_2026_v1,Continuous statutory identity; MoPR LGD 2026 Directory snapshot
TS-MDL-4380,TS-MDL-4380-V1,2016-10-11,2023-04-18,false,10 Legacy AP Districts (2014 Telangana State Formation),Mohammadnagar (LGD 7520),ts_lgd_mandals_2016_v1,G.O.Ms. Nos. 214-245 Rev (2016-10-11); Bifurcated under G.O.Ms.No. 32 Revenue (Machareddy -> Mohammadnagar) on 2023-04-18
TS-MDL-4380,TS-MDL-4380-V2,2023-04-18,,true,Predecessor Version TS-MDL-4380-V1,Mohammadnagar (LGD 7520),ts_lgd_mandals_2026_v1,Continuing parent territory post-G.O.Ms.No. 32 Revenue (Machareddy -> Mohammadnagar) on 2023-04-18; MoPR LGD 2026 Directory
TS-MDL-4708,TS-MDL-4708-V1,2016-10-11,2022-09-26,false,10 Legacy AP Districts (2014 Telangana State Formation),CONTINUING_IDENTITY,ts_lgd_mandals_2016_v1,G.O.Ms. Nos. 214-245 Rev (2016-10-11); Undivided 2016-2022 statutory baseline
TS-MDL-4708,TS-MDL-4708-V2,2022-09-26,,true,Predecessor Version TS-MDL-4708-V1,CONTINUING_IDENTITY,ts_lgd_mandals_2026_v1,Continuous statutory identity; MoPR LGD 2026 Directory snapshot
TS-MDL-4488,TS-MDL-4488-V1,2016-10-11,2022-09-26,false,10 Legacy AP Districts (2014 Telangana State Formation),CONTINUING_IDENTITY,ts_lgd_mandals_2016_v1,G.O.Ms. Nos. 214-245 Rev (2016-10-11); Undivided 2016-2022 statutory baseline
TS-MDL-4488,TS-MDL-4488-V2,2022-09-26,,true,Predecessor Version TS-MDL-4488-V1,CONTINUING_IDENTITY,ts_lgd_mandals_2026_v1,Continuous statutory identity; MoPR LGD 2026 Directory snapshot
TS-MDL-6208,TS-MDL-6208-V1,2016-10-11,2022-09-26,false,10 Legacy AP Districts (2014 Telangana State Formation),CONTINUING_IDENTITY,ts_lgd_mandals_2016_v1,G.O.Ms. Nos. 214-245 Rev (2016-10-11); Undivided 2016-2022 statutory baseline
TS-MDL-6208,TS-MDL-6208-V2,2022-09-26,,true,Predecessor Version TS-MDL-6208-V1,CONTINUING_IDENTITY,ts_lgd_mandals_2026_v1,Continuous statutory identity; MoPR LGD 2026 Directory snapshot
TS-MDL-6258,TS-MDL-6258-V1,2016-10-11,2022-09-26,false,10 Legacy AP Districts (2014 Telangana State Formation),CONTINUING_IDENTITY,ts_lgd_mandals_2016_v1,G.O.Ms. Nos. 214-245 Rev (2016-10-11); Undivided 2016-2022 statutory baseline
TS-MDL-6258,TS-MDL-6258-V2,2022-09-26,,true,Predecessor Version TS-MDL-6258-V1,CONTINUING_IDENTITY,ts_lgd_mandals_2026_v1,Continuous statutory identity; MoPR LGD 2026 Directory snapshot
TS-MDL-4554,TS-MDL-4554-V1,2016-10-11,2022-09-26,false,10 Legacy AP Districts (2014 Telangana State Formation),CONTINUING_IDENTITY,ts_lgd_mandals_2016_v1,G.O.Ms. Nos. 214-245 Rev (2016-10-11); Undivided 2016-2022 statutory baseline
TS-MDL-4554,TS-MDL-4554-V2,2022-09-26,,true,Predecessor Version TS-MDL-4554-V1,CONTINUING_IDENTITY,ts_lgd_mandals_2026_v1,Continuous statutory identity; MoPR LGD 2026 Directory snapshot
TS-MDL-4766,TS-MDL-4766-V1,2016-10-11,2022-09-26,false,10 Legacy AP Districts (2014 Telangana State Formation),CONTINUING_IDENTITY,ts_lgd_mandals_2016_v1,G.O.Ms. Nos. 214-245 Rev (2016-10-11); Undivided 2016-2022 statutory baseline
TS-MDL-4766,TS-MDL-4766-V2,2022-09-26,,true,Predecessor Version TS-MDL-4766-V1,CONTINUING_IDENTITY,ts_lgd_mandals_2026_v1,Continuous statutory identity; MoPR LGD 2026 Directory snapshot
TS-MDL-4372,TS-MDL-4372-V1,2016-10-11,2022-09-26,false,10 Legacy AP Districts (2014 Telangana State Formation),Dongli (LGD 7525),ts_lgd_mandals_2016_v1,G.O.Ms. Nos. 214-245 Rev (2016-10-11); Bifurcated under G.O.Ms. Nos. 51-68 Rev on 2022-09-26
TS-MDL-4372,TS-MDL-4372-V2,2022-09-26,,true,Predecessor Version TS-MDL-4372-V1,Dongli (LGD 7525),ts_lgd_mandals_2026_v1,Continuing parent territory post-G.O.Ms. 51-68 Rev (2022-09-26); MoPR LGD 2026 Directory
TS-MDL-6305,TS-MDL-6305-V1,2016-10-11,2022-09-26,false,10 Legacy AP Districts (2014 Telangana State Formation),CONTINUING_IDENTITY,ts_lgd_mandals_2016_v1,G.O.Ms. Nos. 214-245 Rev (2016-10-11); Undivided 2016-2022 statutory baseline
TS-MDL-6305,TS-MDL-6305-V2,2022-09-26,,true,Predecessor Version TS-MDL-6305-V1,CONTINUING_IDENTITY,ts_lgd_mandals_2026_v1,Continuous statutory identity; MoPR LGD 2026 Directory snapshot
TS-MDL-4590,TS-MDL-4590-V1,2016-10-11,2022-09-26,false,10 Legacy AP Districts (2014 Telangana State Formation),CONTINUING_IDENTITY,ts_lgd_mandals_2016_v1,G.O.Ms. Nos. 214-245 Rev (2016-10-11); Undivided 2016-2022 statutory baseline
TS-MDL-4590,TS-MDL-4590-V2,2022-09-26,,true,Predecessor Version TS-MDL-4590-V1,CONTINUING_IDENTITY,ts_lgd_mandals_2026_v1,Continuous statutory identity; MoPR LGD 2026 Directory snapshot
TS-MDL-4718,TS-MDL-4718-V1,2016-10-11,2022-09-26,false,10 Legacy AP Districts (2014 Telangana State Formation),Seerole (LGD 7518),ts_lgd_mandals_2016_v1,G.O.Ms. Nos. 214-245 Rev (2016-10-11); Bifurcated under G.O.Ms. Nos. 51-68 Rev on 2022-09-26
TS-MDL-4718,TS-MDL-4718-V2,2022-09-26,,true,Predecessor Version TS-MDL-4718-V1,Seerole (LGD 7518),ts_lgd_mandals_2026_v1,Continuing parent territory post-G.O.Ms. 51-68 Rev (2022-09-26); MoPR LGD 2026 Directory
TS-MDL-4588,TS-MDL-4588-V1,2016-10-11,2022-09-26,false,10 Legacy AP Districts (2014 Telangana State Formation),CONTINUING_IDENTITY,ts_lgd_mandals_2016_v1,G.O.Ms. Nos. 214-245 Rev (2016-10-11); Undivided 2016-2022 statutory baseline
TS-MDL-4588,TS-MDL-4588-V2,2022-09-26,,true,Predecessor Version TS-MDL-4588-V1,CONTINUING_IDENTITY,ts_lgd_mandals_2026_v1,Continuous statutory identity; MoPR LGD 2026 Directory snapshot
TS-MDL-4568,TS-MDL-4568-V1,2016-10-11,2022-09-26,false,10 Legacy AP Districts (2014 Telangana State Formation),CONTINUING_IDENTITY,ts_lgd_mandals_2016_v1,G.O.Ms. Nos. 214-245 Rev (2016-10-11); Undivided 2016-2022 statutory baseline
TS-MDL-4568,TS-MDL-4568-V2,2022-09-26,,true,Predecessor Version TS-MDL-4568-V1,CONTINUING_IDENTITY,ts_lgd_mandals_2026_v1,Continuous statutory identity; MoPR LGD 2026 Directory snapshot
TS-MDL-4358,TS-MDL-4358-V1,2016-10-11,2022-09-26,false,10 Legacy AP Districts (2014 Telangana State Formation),CONTINUING_IDENTITY,ts_lgd_mandals_2016_v1,G.O.Ms. Nos. 214-245 Rev (2016-10-11); Undivided 2016-2022 statutory baseline
TS-MDL-4358,TS-MDL-4358-V2,2022-09-26,,true,Predecessor Version TS-MDL-4358-V1,CONTINUING_IDENTITY,ts_lgd_mandals_2026_v1,Continuous statutory identity; MoPR LGD 2026 Directory snapshot
TS-MDL-4556,TS-MDL-4556-V1,2016-10-11,2022-09-26,false,10 Legacy AP Districts (2014 Telangana State Formation),CONTINUING_IDENTITY,ts_lgd_mandals_2016_v1,G.O.Ms. Nos. 214-245 Rev (2016-10-11); Undivided 2016-2022 statutory baseline
TS-MDL-4556,TS-MDL-4556-V2,2022-09-26,,true,Predecessor Version TS-MDL-4556-V1,CONTINUING_IDENTITY,ts_lgd_mandals_2026_v1,Continuous statutory identity; MoPR LGD 2026 Directory snapshot
TS-MDL-4514,TS-MDL-4514-V1,2016-10-11,2020-09-24,false,10 Legacy AP Districts (2014 Telangana State Formation),Chowdapur (LGD 7186),ts_lgd_mandals_2016_v1,G.O.Ms. Nos. 214-245 Rev (2016-10-11); Bifurcated under G.O.Ms. Nos. 108-112 Rev on 2020-09-24
TS-MDL-4514,TS-MDL-4514-V2,2020-09-24,,true,Predecessor Version TS-MDL-4514-V1,Chowdapur (LGD 7186),ts_lgd_mandals_2026_v1,Continuing parent territory post-G.O.Ms. 108-112 Rev (2020-09-24); MoPR LGD 2026 Directory
TS-MDL-4713,TS-MDL-4713-V1,2016-10-11,2022-09-26,false,10 Legacy AP Districts (2014 Telangana State Formation),CONTINUING_IDENTITY,ts_lgd_mandals_2016_v1,G.O.Ms. Nos. 214-245 Rev (2016-10-11); Undivided 2016-2022 statutory baseline
TS-MDL-4713,TS-MDL-4713-V2,2022-09-26,,true,Predecessor Version TS-MDL-4713-V1,CONTINUING_IDENTITY,ts_lgd_mandals_2026_v1,Continuous statutory identity; MoPR LGD 2026 Directory snapshot
TS-MDL-4759,TS-MDL-4759-V1,2016-10-11,2022-09-26,false,10 Legacy AP Districts (2014 Telangana State Formation),CONTINUING_IDENTITY,ts_lgd_mandals_2016_v1,G.O.Ms. Nos. 214-245 Rev (2016-10-11); Undivided 2016-2022 statutory baseline
TS-MDL-4759,TS-MDL-4759-V2,2022-09-26,,true,Predecessor Version TS-MDL-4759-V1,CONTINUING_IDENTITY,ts_lgd_mandals_2026_v1,Continuous statutory identity; MoPR LGD 2026 Directory snapshot
TS-MDL-4716,TS-MDL-4716-V1,2016-10-11,2022-09-26,false,10 Legacy AP Districts (2014 Telangana State Formation),CONTINUING_IDENTITY,ts_lgd_mandals_2016_v1,G.O.Ms. Nos. 214-245 Rev (2016-10-11); Undivided 2016-2022 statutory baseline
TS-MDL-4716,TS-MDL-4716-V2,2022-09-26,,true,Predecessor Version TS-MDL-4716-V1,CONTINUING_IDENTITY,ts_lgd_mandals_2026_v1,Continuous statutory identity; MoPR LGD 2026 Directory snapshot
TS-MDL-4403,TS-MDL-4403-V1,2016-10-11,2022-09-26,false,10 Legacy AP Districts (2014 Telangana State Formation),CONTINUING_IDENTITY,ts_lgd_mandals_2016_v1,G.O.Ms. Nos. 214-245 Rev (2016-10-11); Undivided 2016-2022 statutory baseline
TS-MDL-4403,TS-MDL-4403-V2,2022-09-26,,true,Predecessor Version TS-MDL-4403-V1,CONTINUING_IDENTITY,ts_lgd_mandals_2026_v1,Continuous statutory identity; MoPR LGD 2026 Directory snapshot
TS-MDL-4526,TS-MDL-4526-V1,2016-10-11,2022-09-26,false,10 Legacy AP Districts (2014 Telangana State Formation),CONTINUING_IDENTITY,ts_lgd_mandals_2016_v1,G.O.Ms. Nos. 214-245 Rev (2016-10-11); Undivided 2016-2022 statutory baseline
TS-MDL-4526,TS-MDL-4526-V2,2022-09-26,,true,Predecessor Version TS-MDL-4526-V1,CONTINUING_IDENTITY,ts_lgd_mandals_2026_v1,Continuous statutory identity; MoPR LGD 2026 Directory snapshot
TS-MDL-4728,TS-MDL-4728-V1,2016-10-11,2022-09-26,false,10 Legacy AP Districts (2014 Telangana State Formation),CONTINUING_IDENTITY,ts_lgd_mandals_2016_v1,G.O.Ms. Nos. 214-245 Rev (2016-10-11); Undivided 2016-2022 statutory baseline
TS-MDL-4728,TS-MDL-4728-V2,2022-09-26,,true,Predecessor Version TS-MDL-4728-V1,CONTINUING_IDENTITY,ts_lgd_mandals_2026_v1,Continuous statutory identity; MoPR LGD 2026 Directory snapshot
TS-MDL-4674,TS-MDL-4674-V1,2016-10-11,2022-09-26,false,10 Legacy AP Districts (2014 Telangana State Formation),CONTINUING_IDENTITY,ts_lgd_mandals_2016_v1,G.O.Ms. Nos. 214-245 Rev (2016-10-11); Undivided 2016-2022 statutory baseline
TS-MDL-4674,TS-MDL-4674-V2,2022-09-26,,true,Predecessor Version TS-MDL-4674-V1,CONTINUING_IDENTITY,ts_lgd_mandals_2026_v1,Continuous statutory identity; MoPR LGD 2026 Directory snapshot
TS-MDL-6315,TS-MDL-6315-V1,2016-10-11,2022-09-26,false,10 Legacy AP Districts (2014 Telangana State Formation),CONTINUING_IDENTITY,ts_lgd_mandals_2016_v1,G.O.Ms. Nos. 214-245 Rev (2016-10-11); Undivided 2016-2022 statutory baseline
TS-MDL-6315,TS-MDL-6315-V2,2022-09-26,,true,Predecessor Version TS-MDL-6315-V1,CONTINUING_IDENTITY,ts_lgd_mandals_2026_v1,Continuous statutory identity; MoPR LGD 2026 Directory snapshot
TS-MDL-4405,TS-MDL-4405-V1,2016-10-11,2022-09-26,false,10 Legacy AP Districts (2014 Telangana State Formation),CONTINUING_IDENTITY,ts_lgd_mandals_2016_v1,G.O.Ms. Nos. 214-245 Rev (2016-10-11); Undivided 2016-2022 statutory baseline
TS-MDL-4405,TS-MDL-4405-V2,2022-09-26,,true,Predecessor Version TS-MDL-4405-V1,CONTINUING_IDENTITY,ts_lgd_mandals_2026_v1,Continuous statutory identity; MoPR LGD 2026 Directory snapshot
TS-MDL-4661,TS-MDL-4661-V1,2016-10-11,2022-09-26,false,10 Legacy AP Districts (2014 Telangana State Formation),CONTINUING_IDENTITY,ts_lgd_mandals_2016_v1,G.O.Ms. Nos. 214-245 Rev (2016-10-11); Undivided 2016-2022 statutory baseline
TS-MDL-4661,TS-MDL-4661-V2,2022-09-26,,true,Predecessor Version TS-MDL-4661-V1,CONTINUING_IDENTITY,ts_lgd_mandals_2026_v1,Continuous statutory identity; MoPR LGD 2026 Directory snapshot
TS-MDL-4521,TS-MDL-4521-V1,2016-10-11,2022-09-26,false,10 Legacy AP Districts (2014 Telangana State Formation),CONTINUING_IDENTITY,ts_lgd_mandals_2016_v1,G.O.Ms. Nos. 214-245 Rev (2016-10-11); Undivided 2016-2022 statutory baseline
TS-MDL-4521,TS-MDL-4521-V2,2022-09-26,,true,Predecessor Version TS-MDL-4521-V1,CONTINUING_IDENTITY,ts_lgd_mandals_2026_v1,Continuous statutory identity; MoPR LGD 2026 Directory snapshot
TS-MDL-4354,TS-MDL-4354-V1,2016-10-11,2022-09-26,false,10 Legacy AP Districts (2014 Telangana State Formation),CONTINUING_IDENTITY,ts_lgd_mandals_2016_v1,G.O.Ms. Nos. 214-245 Rev (2016-10-11); Undivided 2016-2022 statutory baseline
TS-MDL-4354,TS-MDL-4354-V2,2022-09-26,,true,Predecessor Version TS-MDL-4354-V1,CONTINUING_IDENTITY,ts_lgd_mandals_2026_v1,Continuous statutory identity; MoPR LGD 2026 Directory snapshot
TS-MDL-6210,TS-MDL-6210-V1,2016-10-11,2022-09-26,false,10 Legacy AP Districts (2014 Telangana State Formation),CONTINUING_IDENTITY,ts_lgd_mandals_2016_v1,G.O.Ms. Nos. 214-245 Rev (2016-10-11); Undivided 2016-2022 statutory baseline
TS-MDL-6210,TS-MDL-6210-V2,2022-09-26,,true,Predecessor Version TS-MDL-6210-V1,CONTINUING_IDENTITY,ts_lgd_mandals_2026_v1,Continuous statutory identity; MoPR LGD 2026 Directory snapshot
TS-MDL-6233,TS-MDL-6233-V1,2016-10-11,2022-09-26,false,10 Legacy AP Districts (2014 Telangana State Formation),CONTINUING_IDENTITY,ts_lgd_mandals_2016_v1,G.O.Ms. Nos. 214-245 Rev (2016-10-11); Undivided 2016-2022 statutory baseline
TS-MDL-6233,TS-MDL-6233-V2,2022-09-26,,true,Predecessor Version TS-MDL-6233-V1,CONTINUING_IDENTITY,ts_lgd_mandals_2026_v1,Continuous statutory identity; MoPR LGD 2026 Directory snapshot
TS-MDL-4352,TS-MDL-4352-V1,2016-10-11,2022-09-26,false,10 Legacy AP Districts (2014 Telangana State Formation),CONTINUING_IDENTITY,ts_lgd_mandals_2016_v1,G.O.Ms. Nos. 214-245 Rev (2016-10-11); Undivided 2016-2022 statutory baseline
TS-MDL-4352,TS-MDL-4352-V2,2022-09-26,,true,Predecessor Version TS-MDL-4352-V1,CONTINUING_IDENTITY,ts_lgd_mandals_2026_v1,Continuous statutory identity; MoPR LGD 2026 Directory snapshot
TS-MDL-4385,TS-MDL-4385-V1,2016-10-11,2023-04-18,false,10 Legacy AP Districts (2014 Telangana State Formation),Palwancha (LGD 7519),ts_lgd_mandals_2016_v1,G.O.Ms. Nos. 214-245 Rev (2016-10-11); Bifurcated under G.O.Ms.No. 31 Revenue (Nizamsagar -> Palwancha) on 2023-04-18
TS-MDL-4385,TS-MDL-4385-V2,2023-04-18,,true,Predecessor Version TS-MDL-4385-V1,Palwancha (LGD 7519),ts_lgd_mandals_2026_v1,Continuing parent territory post-G.O.Ms.No. 31 Revenue (Nizamsagar -> Palwancha) on 2023-04-18; MoPR LGD 2026 Directory
TS-MDL-4686,TS-MDL-4686-V1,2016-10-11,2022-09-26,false,10 Legacy AP Districts (2014 Telangana State Formation),CONTINUING_IDENTITY,ts_lgd_mandals_2016_v1,G.O.Ms. Nos. 214-245 Rev (2016-10-11); Undivided 2016-2022 statutory baseline
TS-MDL-4686,TS-MDL-4686-V2,2022-09-26,,true,Predecessor Version TS-MDL-4686-V1,CONTINUING_IDENTITY,ts_lgd_mandals_2026_v1,Continuous statutory identity; MoPR LGD 2026 Directory snapshot
TS-MDL-4401,TS-MDL-4401-V1,2016-10-11,2022-09-26,false,10 Legacy AP Districts (2014 Telangana State Formation),CONTINUING_IDENTITY,ts_lgd_mandals_2016_v1,G.O.Ms. Nos. 214-245 Rev (2016-10-11); Undivided 2016-2022 statutory baseline
TS-MDL-4401,TS-MDL-4401-V2,2022-09-26,,true,Predecessor Version TS-MDL-4401-V1,CONTINUING_IDENTITY,ts_lgd_mandals_2026_v1,Continuous statutory identity; MoPR LGD 2026 Directory snapshot
TS-MDL-4727,TS-MDL-4727-V1,2016-10-11,2022-09-26,false,10 Legacy AP Districts (2014 Telangana State Formation),CONTINUING_IDENTITY,ts_lgd_mandals_2016_v1,G.O.Ms. Nos. 214-245 Rev (2016-10-11); Undivided 2016-2022 statutory baseline
TS-MDL-4727,TS-MDL-4727-V2,2022-09-26,,true,Predecessor Version TS-MDL-4727-V1,CONTINUING_IDENTITY,ts_lgd_mandals_2026_v1,Continuous statutory identity; MoPR LGD 2026 Directory snapshot
TS-MDL-4500,TS-MDL-4500-V1,2016-10-11,2022-09-26,false,10 Legacy AP Districts (2014 Telangana State Formation),CONTINUING_IDENTITY,ts_lgd_mandals_2016_v1,G.O.Ms. Nos. 214-245 Rev (2016-10-11); Undivided 2016-2022 statutory baseline
TS-MDL-4500,TS-MDL-4500-V2,2022-09-26,,true,Predecessor Version TS-MDL-4500-V1,CONTINUING_IDENTITY,ts_lgd_mandals_2026_v1,Continuous statutory identity; MoPR LGD 2026 Directory snapshot
TS-MDL-6276,TS-MDL-6276-V1,2016-10-11,2022-09-26,false,10 Legacy AP Districts (2014 Telangana State Formation),CONTINUING_IDENTITY,ts_lgd_mandals_2016_v1,G.O.Ms. Nos. 214-245 Rev (2016-10-11); Undivided 2016-2022 statutory baseline
TS-MDL-6276,TS-MDL-6276-V2,2022-09-26,,true,Predecessor Version TS-MDL-6276-V1,CONTINUING_IDENTITY,ts_lgd_mandals_2026_v1,Continuous statutory identity; MoPR LGD 2026 Directory snapshot
TS-MDL-4493,TS-MDL-4493-V1,2016-10-11,2022-09-26,false,10 Legacy AP Districts (2014 Telangana State Formation),CONTINUING_IDENTITY,ts_lgd_mandals_2016_v1,G.O.Ms. Nos. 214-245 Rev (2016-10-11); Undivided 2016-2022 statutory baseline
TS-MDL-4493,TS-MDL-4493-V2,2022-09-26,,true,Predecessor Version TS-MDL-4493-V1,CONTINUING_IDENTITY,ts_lgd_mandals_2026_v1,Continuous statutory identity; MoPR LGD 2026 Directory snapshot
TS-MDL-6263,TS-MDL-6263-V1,2016-10-11,2022-09-26,false,10 Legacy AP Districts (2014 Telangana State Formation),CONTINUING_IDENTITY,ts_lgd_mandals_2016_v1,G.O.Ms. Nos. 214-245 Rev (2016-10-11); Undivided 2016-2022 statutory baseline
TS-MDL-6263,TS-MDL-6263-V2,2022-09-26,,true,Predecessor Version TS-MDL-6263-V1,CONTINUING_IDENTITY,ts_lgd_mandals_2026_v1,Continuous statutory identity; MoPR LGD 2026 Directory snapshot
TS-MDL-4720,TS-MDL-4720-V1,2016-10-11,2022-09-26,false,10 Legacy AP Districts (2014 Telangana State Formation),CONTINUING_IDENTITY,ts_lgd_mandals_2016_v1,G.O.Ms. Nos. 214-245 Rev (2016-10-11); Undivided 2016-2022 statutory baseline
TS-MDL-4720,TS-MDL-4720-V2,2022-09-26,,true,Predecessor Version TS-MDL-4720-V1,CONTINUING_IDENTITY,ts_lgd_mandals_2026_v1,Continuous statutory identity; MoPR LGD 2026 Directory snapshot
TS-MDL-6282,TS-MDL-6282-V1,2016-10-11,2022-09-26,false,10 Legacy AP Districts (2014 Telangana State Formation),CONTINUING_IDENTITY,ts_lgd_mandals_2016_v1,G.O.Ms. Nos. 214-245 Rev (2016-10-11); Undivided 2016-2022 statutory baseline
TS-MDL-6282,TS-MDL-6282-V2,2022-09-26,,true,Predecessor Version TS-MDL-6282-V1,CONTINUING_IDENTITY,ts_lgd_mandals_2026_v1,Continuous statutory identity; MoPR LGD 2026 Directory snapshot
TS-MDL-4512,TS-MDL-4512-V1,2016-10-11,2022-09-26,false,10 Legacy AP Districts (2014 Telangana State Formation),CONTINUING_IDENTITY,ts_lgd_mandals_2016_v1,G.O.Ms. Nos. 214-245 Rev (2016-10-11); Undivided 2016-2022 statutory baseline
TS-MDL-4512,TS-MDL-4512-V2,2022-09-26,,true,Predecessor Version TS-MDL-4512-V1,CONTINUING_IDENTITY,ts_lgd_mandals_2026_v1,Continuous statutory identity; MoPR LGD 2026 Directory snapshot
TS-MDL-4670,TS-MDL-4670-V1,2016-10-11,2022-09-26,false,10 Legacy AP Districts (2014 Telangana State Formation),CONTINUING_IDENTITY,ts_lgd_mandals_2016_v1,G.O.Ms. Nos. 214-245 Rev (2016-10-11); Undivided 2016-2022 statutory baseline
TS-MDL-4670,TS-MDL-4670-V2,2022-09-26,,true,Predecessor Version TS-MDL-4670-V1,CONTINUING_IDENTITY,ts_lgd_mandals_2026_v1,Continuous statutory identity; MoPR LGD 2026 Directory snapshot
TS-MDL-4456,TS-MDL-4456-V1,2016-10-11,2022-09-26,false,10 Legacy AP Districts (2014 Telangana State Formation),CONTINUING_IDENTITY,ts_lgd_mandals_2016_v1,G.O.Ms. Nos. 214-245 Rev (2016-10-11); Undivided 2016-2022 statutory baseline
TS-MDL-4456,TS-MDL-4456-V2,2022-09-26,,true,Predecessor Version TS-MDL-4456-V1,CONTINUING_IDENTITY,ts_lgd_mandals_2026_v1,Continuous statutory identity; MoPR LGD 2026 Directory snapshot
TS-MDL-4519,TS-MDL-4519-V1,2016-10-11,2022-09-26,false,10 Legacy AP Districts (2014 Telangana State Formation),CONTINUING_IDENTITY,ts_lgd_mandals_2016_v1,G.O.Ms. Nos. 214-245 Rev (2016-10-11); Undivided 2016-2022 statutory baseline
TS-MDL-4519,TS-MDL-4519-V2,2022-09-26,,true,Predecessor Version TS-MDL-4519-V1,CONTINUING_IDENTITY,ts_lgd_mandals_2026_v1,Continuous statutory identity; MoPR LGD 2026 Directory snapshot
TS-MDL-4415,TS-MDL-4415-V1,2016-10-11,2022-09-26,false,10 Legacy AP Districts (2014 Telangana State Formation),Bheemaram (LGD 7541),ts_lgd_mandals_2016_v1,G.O.Ms. Nos. 214-245 Rev (2016-10-11); Bifurcated under G.O.Ms. Nos. 51-68 Rev on 2022-09-26
TS-MDL-4415,TS-MDL-4415-V2,2022-09-26,,true,Predecessor Version TS-MDL-4415-V1,Bheemaram (LGD 7541),ts_lgd_mandals_2026_v1,Continuing parent territory post-G.O.Ms. 51-68 Rev (2022-09-26); MoPR LGD 2026 Directory
TS-MDL-4601,TS-MDL-4601-V1,2016-10-11,2022-09-26,false,10 Legacy AP Districts (2014 Telangana State Formation),CONTINUING_IDENTITY,ts_lgd_mandals_2016_v1,G.O.Ms. Nos. 214-245 Rev (2016-10-11); Undivided 2016-2022 statutory baseline
TS-MDL-4601,TS-MDL-4601-V2,2022-09-26,,true,Predecessor Version TS-MDL-4601-V1,CONTINUING_IDENTITY,ts_lgd_mandals_2026_v1,Continuous statutory identity; MoPR LGD 2026 Directory snapshot
TS-MDL-4703,TS-MDL-4703-V1,2016-10-11,2022-09-26,false,10 Legacy AP Districts (2014 Telangana State Formation),CONTINUING_IDENTITY,ts_lgd_mandals_2016_v1,G.O.Ms. Nos. 214-245 Rev (2016-10-11); Undivided 2016-2022 statutory baseline
TS-MDL-4703,TS-MDL-4703-V2,2022-09-26,,true,Predecessor Version TS-MDL-4703-V1,CONTINUING_IDENTITY,ts_lgd_mandals_2026_v1,Continuous statutory identity; MoPR LGD 2026 Directory snapshot
TS-MDL-6318,TS-MDL-6318-V1,2016-10-11,2022-09-26,false,10 Legacy AP Districts (2014 Telangana State Formation),CONTINUING_IDENTITY,ts_lgd_mandals_2016_v1,G.O.Ms. Nos. 214-245 Rev (2016-10-11); Undivided 2016-2022 statutory baseline
TS-MDL-6318,TS-MDL-6318-V2,2022-09-26,,true,Predecessor Version TS-MDL-6318-V1,CONTINUING_IDENTITY,ts_lgd_mandals_2026_v1,Continuous statutory identity; MoPR LGD 2026 Directory snapshot
TS-MDL-4540,TS-MDL-4540-V1,2016-10-11,2022-09-26,false,10 Legacy AP Districts (2014 Telangana State Formation),CONTINUING_IDENTITY,ts_lgd_mandals_2016_v1,G.O.Ms. Nos. 214-245 Rev (2016-10-11); Undivided 2016-2022 statutory baseline
TS-MDL-4540,TS-MDL-4540-V2,2022-09-26,,true,Predecessor Version TS-MDL-4540-V1,CONTINUING_IDENTITY,ts_lgd_mandals_2026_v1,Continuous statutory identity; MoPR LGD 2026 Directory snapshot
TS-MDL-4679,TS-MDL-4679-V1,2016-10-11,2022-09-26,false,10 Legacy AP Districts (2014 Telangana State Formation),CONTINUING_IDENTITY,ts_lgd_mandals_2016_v1,G.O.Ms. Nos. 214-245 Rev (2016-10-11); Undivided 2016-2022 statutory baseline
TS-MDL-4679,TS-MDL-4679-V2,2022-09-26,,true,Predecessor Version TS-MDL-4679-V1,CONTINUING_IDENTITY,ts_lgd_mandals_2026_v1,Continuous statutory identity; MoPR LGD 2026 Directory snapshot
TS-MDL-4714,TS-MDL-4714-V1,2016-10-11,2022-09-26,false,10 Legacy AP Districts (2014 Telangana State Formation),CONTINUING_IDENTITY,ts_lgd_mandals_2016_v1,G.O.Ms. Nos. 214-245 Rev (2016-10-11); Undivided 2016-2022 statutory baseline
TS-MDL-4714,TS-MDL-4714-V2,2022-09-26,,true,Predecessor Version TS-MDL-4714-V1,CONTINUING_IDENTITY,ts_lgd_mandals_2026_v1,Continuous statutory identity; MoPR LGD 2026 Directory snapshot
TS-MDL-4494,TS-MDL-4494-V1,2016-10-11,2022-09-26,false,10 Legacy AP Districts (2014 Telangana State Formation),CONTINUING_IDENTITY,ts_lgd_mandals_2016_v1,G.O.Ms. Nos. 214-245 Rev (2016-10-11); Undivided 2016-2022 statutory baseline
TS-MDL-4494,TS-MDL-4494-V2,2022-09-26,,true,Predecessor Version TS-MDL-4494-V1,CONTINUING_IDENTITY,ts_lgd_mandals_2026_v1,Continuous statutory identity; MoPR LGD 2026 Directory snapshot
TS-MDL-4602,TS-MDL-4602-V1,2016-10-11,2022-09-26,false,10 Legacy AP Districts (2014 Telangana State Formation),CONTINUING_IDENTITY,ts_lgd_mandals_2016_v1,G.O.Ms. Nos. 214-245 Rev (2016-10-11); Undivided 2016-2022 statutory baseline
TS-MDL-4602,TS-MDL-4602-V2,2022-09-26,,true,Predecessor Version TS-MDL-4602-V1,CONTINUING_IDENTITY,ts_lgd_mandals_2026_v1,Continuous statutory identity; MoPR LGD 2026 Directory snapshot
TS-MDL-4671,TS-MDL-4671-V1,2016-10-11,2022-09-26,false,10 Legacy AP Districts (2014 Telangana State Formation),CONTINUING_IDENTITY,ts_lgd_mandals_2016_v1,G.O.Ms. Nos. 214-245 Rev (2016-10-11); Undivided 2016-2022 statutory baseline
TS-MDL-4671,TS-MDL-4671-V2,2022-09-26,,true,Predecessor Version TS-MDL-4671-V1,CONTINUING_IDENTITY,ts_lgd_mandals_2026_v1,Continuous statutory identity; MoPR LGD 2026 Directory snapshot
TS-MDL-4599,TS-MDL-4599-V1,2016-10-11,2022-09-26,false,10 Legacy AP Districts (2014 Telangana State Formation),CONTINUING_IDENTITY,ts_lgd_mandals_2016_v1,G.O.Ms. Nos. 214-245 Rev (2016-10-11); Undivided 2016-2022 statutory baseline
TS-MDL-4599,TS-MDL-4599-V2,2022-09-26,,true,Predecessor Version TS-MDL-4599-V1,CONTINUING_IDENTITY,ts_lgd_mandals_2026_v1,Continuous statutory identity; MoPR LGD 2026 Directory snapshot
TS-MDL-6237,TS-MDL-6237-V1,2016-10-11,2022-09-26,false,10 Legacy AP Districts (2014 Telangana State Formation),CONTINUING_IDENTITY,ts_lgd_mandals_2016_v1,G.O.Ms. Nos. 214-245 Rev (2016-10-11); Undivided 2016-2022 statutory baseline
TS-MDL-6237,TS-MDL-6237-V2,2022-09-26,,true,Predecessor Version TS-MDL-6237-V1,CONTINUING_IDENTITY,ts_lgd_mandals_2026_v1,Continuous statutory identity; MoPR LGD 2026 Directory snapshot
TS-MDL-4566,TS-MDL-4566-V1,2016-10-11,2022-09-26,false,10 Legacy AP Districts (2014 Telangana State Formation),CONTINUING_IDENTITY,ts_lgd_mandals_2016_v1,G.O.Ms. Nos. 214-245 Rev (2016-10-11); Undivided 2016-2022 statutory baseline
TS-MDL-4566,TS-MDL-4566-V2,2022-09-26,,true,Predecessor Version TS-MDL-4566-V1,CONTINUING_IDENTITY,ts_lgd_mandals_2026_v1,Continuous statutory identity; MoPR LGD 2026 Directory snapshot
TS-MDL-4421,TS-MDL-4421-V1,2016-10-11,2022-09-26,false,10 Legacy AP Districts (2014 Telangana State Formation),CONTINUING_IDENTITY,ts_lgd_mandals_2016_v1,G.O.Ms. Nos. 214-245 Rev (2016-10-11); Undivided 2016-2022 statutory baseline
TS-MDL-4421,TS-MDL-4421-V2,2022-09-26,,true,Predecessor Version TS-MDL-4421-V1,CONTINUING_IDENTITY,ts_lgd_mandals_2026_v1,Continuous statutory identity; MoPR LGD 2026 Directory snapshot
TS-MDL-4464,TS-MDL-4464-V1,2016-10-11,2022-09-26,false,10 Legacy AP Districts (2014 Telangana State Formation),Akberpet-Bhoompally (LGD 7524),ts_lgd_mandals_2016_v1,G.O.Ms. Nos. 214-245 Rev (2016-10-11); Bifurcated under G.O.Ms. Nos. 51-68 Rev on 2022-09-26
TS-MDL-4464,TS-MDL-4464-V2,2022-09-26,,true,Predecessor Version TS-MDL-4464-V1,Akberpet-Bhoompally (LGD 7524),ts_lgd_mandals_2026_v1,Continuing parent territory post-G.O.Ms. 51-68 Rev (2022-09-26); MoPR LGD 2026 Directory
TS-MDL-6278,TS-MDL-6278-V1,2016-10-11,2022-09-26,false,10 Legacy AP Districts (2014 Telangana State Formation),CONTINUING_IDENTITY,ts_lgd_mandals_2016_v1,G.O.Ms. Nos. 214-245 Rev (2016-10-11); Undivided 2016-2022 statutory baseline
TS-MDL-6278,TS-MDL-6278-V2,2022-09-26,,true,Predecessor Version TS-MDL-6278-V1,CONTINUING_IDENTITY,ts_lgd_mandals_2026_v1,Continuous statutory identity; MoPR LGD 2026 Directory snapshot
TS-MDL-4680,TS-MDL-4680-V1,2016-10-11,2022-09-26,false,10 Legacy AP Districts (2014 Telangana State Formation),CONTINUING_IDENTITY,ts_lgd_mandals_2016_v1,G.O.Ms. Nos. 214-245 Rev (2016-10-11); Undivided 2016-2022 statutory baseline
TS-MDL-4680,TS-MDL-4680-V2,2022-09-26,,true,Predecessor Version TS-MDL-4680-V1,CONTINUING_IDENTITY,ts_lgd_mandals_2026_v1,Continuous statutory identity; MoPR LGD 2026 Directory snapshot
TS-MDL-4528,TS-MDL-4528-V1,2016-10-11,2022-09-26,false,10 Legacy AP Districts (2014 Telangana State Formation),CONTINUING_IDENTITY,ts_lgd_mandals_2016_v1,G.O.Ms. Nos. 214-245 Rev (2016-10-11); Undivided 2016-2022 statutory baseline
TS-MDL-4528,TS-MDL-4528-V2,2022-09-26,,true,Predecessor Version TS-MDL-4528-V1,CONTINUING_IDENTITY,ts_lgd_mandals_2026_v1,Continuous statutory identity; MoPR LGD 2026 Directory snapshot
TS-MDL-4513,TS-MDL-4513-V1,2016-10-11,2022-09-26,false,10 Legacy AP Districts (2014 Telangana State Formation),CONTINUING_IDENTITY,ts_lgd_mandals_2016_v1,G.O.Ms. Nos. 214-245 Rev (2016-10-11); Undivided 2016-2022 statutory baseline
TS-MDL-4513,TS-MDL-4513-V2,2022-09-26,,true,Predecessor Version TS-MDL-4513-V1,CONTINUING_IDENTITY,ts_lgd_mandals_2026_v1,Continuous statutory identity; MoPR LGD 2026 Directory snapshot
TS-MDL-6260,TS-MDL-6260-V1,2016-10-11,2022-09-26,false,10 Legacy AP Districts (2014 Telangana State Formation),CONTINUING_IDENTITY,ts_lgd_mandals_2016_v1,G.O.Ms. Nos. 214-245 Rev (2016-10-11); Undivided 2016-2022 statutory baseline
TS-MDL-6260,TS-MDL-6260-V2,2022-09-26,,true,Predecessor Version TS-MDL-6260-V1,CONTINUING_IDENTITY,ts_lgd_mandals_2026_v1,Continuous statutory identity; MoPR LGD 2026 Directory snapshot
TS-MDL-4640,TS-MDL-4640-V1,2016-10-11,2022-09-26,false,10 Legacy AP Districts (2014 Telangana State Formation),CONTINUING_IDENTITY,ts_lgd_mandals_2016_v1,G.O.Ms. Nos. 214-245 Rev (2016-10-11); Undivided 2016-2022 statutory baseline
TS-MDL-4640,TS-MDL-4640-V2,2022-09-26,,true,Predecessor Version TS-MDL-4640-V1,CONTINUING_IDENTITY,ts_lgd_mandals_2026_v1,Continuous statutory identity; MoPR LGD 2026 Directory snapshot
TS-MDL-4625,TS-MDL-4625-V1,2016-10-11,2022-09-26,false,10 Legacy AP Districts (2014 Telangana State Formation),CONTINUING_IDENTITY,ts_lgd_mandals_2016_v1,G.O.Ms. Nos. 214-245 Rev (2016-10-11); Undivided 2016-2022 statutory baseline
TS-MDL-4625,TS-MDL-4625-V2,2022-09-26,,true,Predecessor Version TS-MDL-4625-V1,CONTINUING_IDENTITY,ts_lgd_mandals_2026_v1,Continuous statutory identity; MoPR LGD 2026 Directory snapshot
TS-MDL-6235,TS-MDL-6235-V1,2016-10-11,2022-09-26,false,10 Legacy AP Districts (2014 Telangana State Formation),CONTINUING_IDENTITY,ts_lgd_mandals_2016_v1,G.O.Ms. Nos. 214-245 Rev (2016-10-11); Undivided 2016-2022 statutory baseline
TS-MDL-6235,TS-MDL-6235-V2,2022-09-26,,true,Predecessor Version TS-MDL-6235-V1,CONTINUING_IDENTITY,ts_lgd_mandals_2026_v1,Continuous statutory identity; MoPR LGD 2026 Directory snapshot
TS-MDL-4748,TS-MDL-4748-V1,2016-10-11,2022-09-26,false,10 Legacy AP Districts (2014 Telangana State Formation),CONTINUING_IDENTITY,ts_lgd_mandals_2016_v1,G.O.Ms. Nos. 214-245 Rev (2016-10-11); Undivided 2016-2022 statutory baseline
TS-MDL-4748,TS-MDL-4748-V2,2022-09-26,,true,Predecessor Version TS-MDL-4748-V1,CONTINUING_IDENTITY,ts_lgd_mandals_2026_v1,Continuous statutory identity; MoPR LGD 2026 Directory snapshot
TS-MDL-4541,TS-MDL-4541-V1,2016-10-11,2022-09-26,false,10 Legacy AP Districts (2014 Telangana State Formation),CONTINUING_IDENTITY,ts_lgd_mandals_2016_v1,G.O.Ms. Nos. 214-245 Rev (2016-10-11); Undivided 2016-2022 statutory baseline
TS-MDL-4541,TS-MDL-4541-V2,2022-09-26,,true,Predecessor Version TS-MDL-4541-V1,CONTINUING_IDENTITY,ts_lgd_mandals_2026_v1,Continuous statutory identity; MoPR LGD 2026 Directory snapshot
TS-MDL-4478,TS-MDL-4478-V1,2016-10-11,2020-09-24,false,10 Legacy AP Districts (2014 Telangana State Formation),Chowtakur (LGD 7188),ts_lgd_mandals_2016_v1,G.O.Ms. Nos. 214-245 Rev (2016-10-11); Bifurcated under G.O.Ms. Nos. 108-112 Rev on 2020-09-24
TS-MDL-4478,TS-MDL-4478-V2,2020-09-24,,true,Predecessor Version TS-MDL-4478-V1,Chowtakur (LGD 7188),ts_lgd_mandals_2026_v1,Continuing parent territory post-G.O.Ms. 108-112 Rev (2020-09-24); MoPR LGD 2026 Directory
TS-MDL-6273,TS-MDL-6273-V1,2016-10-11,2022-09-26,false,10 Legacy AP Districts (2014 Telangana State Formation),CONTINUING_IDENTITY,ts_lgd_mandals_2016_v1,G.O.Ms. Nos. 214-245 Rev (2016-10-11); Undivided 2016-2022 statutory baseline
TS-MDL-6273,TS-MDL-6273-V2,2022-09-26,,true,Predecessor Version TS-MDL-6273-V1,CONTINUING_IDENTITY,ts_lgd_mandals_2026_v1,Continuous statutory identity; MoPR LGD 2026 Directory snapshot
TS-MDL-4689,TS-MDL-4689-V1,2016-10-11,2023-09-10,false,10 Legacy AP Districts (2014 Telangana State Formation),Mallampally (LGD 7536),ts_lgd_mandals_2016_v1,G.O.Ms. Nos. 214-245 Rev (2016-10-11); Bifurcated under G.O.Ms.No. 74 Revenue (Mulug -> Mallampally) on 2023-09-10
TS-MDL-4689,TS-MDL-4689-V2,2023-09-10,,true,Predecessor Version TS-MDL-4689-V1,Mallampally (LGD 7536),ts_lgd_mandals_2026_v1,Continuing parent territory post-G.O.Ms.No. 74 Revenue (Mulug -> Mallampally) on 2023-09-10; MoPR LGD 2026 Directory
TS-MDL-4486,TS-MDL-4486-V1,2016-10-11,2022-09-26,false,10 Legacy AP Districts (2014 Telangana State Formation),CONTINUING_IDENTITY,ts_lgd_mandals_2016_v1,G.O.Ms. Nos. 214-245 Rev (2016-10-11); Undivided 2016-2022 statutory baseline
TS-MDL-4486,TS-MDL-4486-V2,2022-09-26,,true,Predecessor Version TS-MDL-4486-V1,CONTINUING_IDENTITY,ts_lgd_mandals_2026_v1,Continuous statutory identity; MoPR LGD 2026 Directory snapshot
TS-MDL-4642,TS-MDL-4642-V1,2016-10-11,2022-09-26,false,10 Legacy AP Districts (2014 Telangana State Formation),CONTINUING_IDENTITY,ts_lgd_mandals_2016_v1,G.O.Ms. Nos. 214-245 Rev (2016-10-11); Undivided 2016-2022 statutory baseline
TS-MDL-4642,TS-MDL-4642-V2,2022-09-26,,true,Predecessor Version TS-MDL-4642-V1,CONTINUING_IDENTITY,ts_lgd_mandals_2026_v1,Continuous statutory identity; MoPR LGD 2026 Directory snapshot
TS-MDL-4501,TS-MDL-4501-V1,2016-10-11,2022-09-26,false,10 Legacy AP Districts (2014 Telangana State Formation),CONTINUING_IDENTITY,ts_lgd_mandals_2016_v1,G.O.Ms. Nos. 214-245 Rev (2016-10-11); Undivided 2016-2022 statutory baseline
TS-MDL-4501,TS-MDL-4501-V2,2022-09-26,,true,Predecessor Version TS-MDL-4501-V1,CONTINUING_IDENTITY,ts_lgd_mandals_2026_v1,Continuous statutory identity; MoPR LGD 2026 Directory snapshot
TS-MDL-4404,TS-MDL-4404-V1,2016-10-11,2022-09-26,false,10 Legacy AP Districts (2014 Telangana State Formation),CONTINUING_IDENTITY,ts_lgd_mandals_2016_v1,G.O.Ms. Nos. 214-245 Rev (2016-10-11); Undivided 2016-2022 statutory baseline
TS-MDL-4404,TS-MDL-4404-V2,2022-09-26,,true,Predecessor Version TS-MDL-4404-V1,CONTINUING_IDENTITY,ts_lgd_mandals_2026_v1,Continuous statutory identity; MoPR LGD 2026 Directory snapshot
TS-MDL-4406,TS-MDL-4406-V1,2016-10-11,2022-09-26,false,10 Legacy AP Districts (2014 Telangana State Formation),CONTINUING_IDENTITY,ts_lgd_mandals_2016_v1,G.O.Ms. Nos. 214-245 Rev (2016-10-11); Undivided 2016-2022 statutory baseline
TS-MDL-4406,TS-MDL-4406-V2,2022-09-26,,true,Predecessor Version TS-MDL-4406-V1,CONTINUING_IDENTITY,ts_lgd_mandals_2026_v1,Continuous statutory identity; MoPR LGD 2026 Directory snapshot
TS-MDL-4641,TS-MDL-4641-V1,2016-10-11,2022-09-26,false,10 Legacy AP Districts (2014 Telangana State Formation),CONTINUING_IDENTITY,ts_lgd_mandals_2016_v1,G.O.Ms. Nos. 214-245 Rev (2016-10-11); Undivided 2016-2022 statutory baseline
TS-MDL-4641,TS-MDL-4641-V2,2022-09-26,,true,Predecessor Version TS-MDL-4641-V1,CONTINUING_IDENTITY,ts_lgd_mandals_2026_v1,Continuous statutory identity; MoPR LGD 2026 Directory snapshot
TS-MDL-6280,TS-MDL-6280-V1,2016-10-11,2022-09-26,false,10 Legacy AP Districts (2014 Telangana State Formation),CONTINUING_IDENTITY,ts_lgd_mandals_2016_v1,G.O.Ms. Nos. 214-245 Rev (2016-10-11); Undivided 2016-2022 statutory baseline
TS-MDL-6280,TS-MDL-6280-V2,2022-09-26,,true,Predecessor Version TS-MDL-6280-V1,CONTINUING_IDENTITY,ts_lgd_mandals_2026_v1,Continuous statutory identity; MoPR LGD 2026 Directory snapshot
TS-MDL-4340,TS-MDL-4340-V1,2016-10-11,2022-09-26,false,10 Legacy AP Districts (2014 Telangana State Formation),CONTINUING_IDENTITY,ts_lgd_mandals_2016_v1,G.O.Ms. Nos. 214-245 Rev (2016-10-11); Undivided 2016-2022 statutory baseline
TS-MDL-4340,TS-MDL-4340-V2,2022-09-26,,true,Predecessor Version TS-MDL-4340-V1,CONTINUING_IDENTITY,ts_lgd_mandals_2026_v1,Continuous statutory identity; MoPR LGD 2026 Directory snapshot
TS-MDL-6298,TS-MDL-6298-V1,2016-10-11,2022-09-26,false,10 Legacy AP Districts (2014 Telangana State Formation),CONTINUING_IDENTITY,ts_lgd_mandals_2016_v1,G.O.Ms. Nos. 214-245 Rev (2016-10-11); Undivided 2016-2022 statutory baseline
TS-MDL-6298,TS-MDL-6298-V2,2022-09-26,,true,Predecessor Version TS-MDL-6298-V1,CONTINUING_IDENTITY,ts_lgd_mandals_2026_v1,Continuous statutory identity; MoPR LGD 2026 Directory snapshot
TS-MDL-6222,TS-MDL-6222-V1,2016-10-11,2022-09-26,false,10 Legacy AP Districts (2014 Telangana State Formation),CONTINUING_IDENTITY,ts_lgd_mandals_2016_v1,G.O.Ms. Nos. 214-245 Rev (2016-10-11); Undivided 2016-2022 statutory baseline
TS-MDL-6222,TS-MDL-6222-V2,2022-09-26,,true,Predecessor Version TS-MDL-6222-V1,CONTINUING_IDENTITY,ts_lgd_mandals_2026_v1,Continuous statutory identity; MoPR LGD 2026 Directory snapshot
TS-MDL-4387,TS-MDL-4387-V1,2016-10-11,2023-04-18,false,10 Legacy AP Districts (2014 Telangana State Formation),Palwancha (LGD 7519),ts_lgd_mandals_2016_v1,G.O.Ms. Nos. 214-245 Rev (2016-10-11); Bifurcated under G.O.Ms.No. 31 Revenue (Nagi_Reddypet -> Palwancha) on 2023-04-18
TS-MDL-4387,TS-MDL-4387-V2,2023-04-18,,true,Predecessor Version TS-MDL-4387-V1,Palwancha (LGD 7519),ts_lgd_mandals_2026_v1,Continuing parent territory post-G.O.Ms.No. 31 Revenue (Nagi_Reddypet -> Palwancha) on 2023-04-18; MoPR LGD 2026 Directory
TS-MDL-4692,TS-MDL-4692-V1,2016-10-11,2022-09-26,false,10 Legacy AP Districts (2014 Telangana State Formation),CONTINUING_IDENTITY,ts_lgd_mandals_2016_v1,G.O.Ms. Nos. 214-245 Rev (2016-10-11); Undivided 2016-2022 statutory baseline
TS-MDL-4692,TS-MDL-4692-V2,2022-09-26,,true,Predecessor Version TS-MDL-4692-V1,CONTINUING_IDENTITY,ts_lgd_mandals_2026_v1,Continuous statutory identity; MoPR LGD 2026 Directory snapshot
TS-MDL-4504,TS-MDL-4504-V1,2016-10-11,2022-09-26,false,10 Legacy AP Districts (2014 Telangana State Formation),CONTINUING_IDENTITY,ts_lgd_mandals_2016_v1,G.O.Ms. Nos. 214-245 Rev (2016-10-11); Undivided 2016-2022 statutory baseline
TS-MDL-4504,TS-MDL-4504-V2,2022-09-26,,true,Predecessor Version TS-MDL-4504-V1,CONTINUING_IDENTITY,ts_lgd_mandals_2026_v1,Continuous statutory identity; MoPR LGD 2026 Directory snapshot
TS-MDL-4654,TS-MDL-4654-V1,2016-10-11,2022-09-26,false,10 Legacy AP Districts (2014 Telangana State Formation),CONTINUING_IDENTITY,ts_lgd_mandals_2016_v1,G.O.Ms. Nos. 214-245 Rev (2016-10-11); Undivided 2016-2022 statutory baseline
TS-MDL-4654,TS-MDL-4654-V2,2022-09-26,,true,Predecessor Version TS-MDL-4654-V1,CONTINUING_IDENTITY,ts_lgd_mandals_2026_v1,Continuous statutory identity; MoPR LGD 2026 Directory snapshot
TS-MDL-6321,TS-MDL-6321-V1,2016-10-11,2022-09-26,false,10 Legacy AP Districts (2014 Telangana State Formation),CONTINUING_IDENTITY,ts_lgd_mandals_2016_v1,G.O.Ms. Nos. 214-245 Rev (2016-10-11); Undivided 2016-2022 statutory baseline
TS-MDL-6321,TS-MDL-6321-V2,2022-09-26,,true,Predecessor Version TS-MDL-6321-V1,CONTINUING_IDENTITY,ts_lgd_mandals_2026_v1,Continuous statutory identity; MoPR LGD 2026 Directory snapshot
TS-MDL-4359,TS-MDL-4359-V1,2016-10-11,2022-09-26,false,10 Legacy AP Districts (2014 Telangana State Formation),Donkeshwar (LGD 7530),ts_lgd_mandals_2016_v1,G.O.Ms. Nos. 214-245 Rev (2016-10-11); Bifurcated under G.O.Ms. Nos. 51-68 Rev on 2022-09-26
TS-MDL-4359,TS-MDL-4359-V2,2022-09-26,,true,Predecessor Version TS-MDL-4359-V1,Donkeshwar (LGD 7530),ts_lgd_mandals_2026_v1,Continuing parent territory post-G.O.Ms. 51-68 Rev (2022-09-26); MoPR LGD 2026 Directory
TS-MDL-4461,TS-MDL-4461-V1,2016-10-11,2022-09-26,false,10 Legacy AP Districts (2014 Telangana State Formation),CONTINUING_IDENTITY,ts_lgd_mandals_2016_v1,G.O.Ms. Nos. 214-245 Rev (2016-10-11); Undivided 2016-2022 statutory baseline
TS-MDL-4461,TS-MDL-4461-V2,2022-09-26,,true,Predecessor Version TS-MDL-4461-V1,CONTINUING_IDENTITY,ts_lgd_mandals_2026_v1,Continuous statutory identity; MoPR LGD 2026 Directory snapshot
TS-MDL-4648,TS-MDL-4648-V1,2016-10-11,2022-09-26,false,10 Legacy AP Districts (2014 Telangana State Formation),CONTINUING_IDENTITY,ts_lgd_mandals_2016_v1,G.O.Ms. Nos. 214-245 Rev (2016-10-11); Undivided 2016-2022 statutory baseline
TS-MDL-4648,TS-MDL-4648-V2,2022-09-26,,true,Predecessor Version TS-MDL-4648-V1,CONTINUING_IDENTITY,ts_lgd_mandals_2026_v1,Continuous statutory identity; MoPR LGD 2026 Directory snapshot
TS-MDL-4452,TS-MDL-4452-V1,2016-10-11,2022-09-26,false,10 Legacy AP Districts (2014 Telangana State Formation),CONTINUING_IDENTITY,ts_lgd_mandals_2016_v1,G.O.Ms. Nos. 214-245 Rev (2016-10-11); Undivided 2016-2022 statutory baseline
TS-MDL-4452,TS-MDL-4452-V2,2022-09-26,,true,Predecessor Version TS-MDL-4452-V1,CONTINUING_IDENTITY,ts_lgd_mandals_2026_v1,Continuous statutory identity; MoPR LGD 2026 Directory snapshot
TS-MDL-4570,TS-MDL-4570-V1,2016-10-11,2022-09-26,false,10 Legacy AP Districts (2014 Telangana State Formation),Kothapally (LGD 7537),ts_lgd_mandals_2016_v1,G.O.Ms. Nos. 214-245 Rev (2016-10-11); Bifurcated under G.O.Ms. Nos. 51-68 Rev on 2022-09-26
TS-MDL-4570,TS-MDL-4570-V2,2022-09-26,,true,Predecessor Version TS-MDL-4570-V1,Kothapally (LGD 7537),ts_lgd_mandals_2026_v1,Continuing parent territory post-G.O.Ms. 51-68 Rev (2022-09-26); MoPR LGD 2026 Directory
TS-MDL-4634,TS-MDL-4634-V1,2016-10-11,2022-09-26,false,10 Legacy AP Districts (2014 Telangana State Formation),CONTINUING_IDENTITY,ts_lgd_mandals_2016_v1,G.O.Ms. Nos. 214-245 Rev (2016-10-11); Undivided 2016-2022 statutory baseline
TS-MDL-4634,TS-MDL-4634-V2,2022-09-26,,true,Predecessor Version TS-MDL-4634-V1,CONTINUING_IDENTITY,ts_lgd_mandals_2026_v1,Continuous statutory identity; MoPR LGD 2026 Directory snapshot
TS-MDL-4423,TS-MDL-4423-V1,2016-10-11,2022-09-26,false,10 Legacy AP Districts (2014 Telangana State Formation),CONTINUING_IDENTITY,ts_lgd_mandals_2016_v1,G.O.Ms. Nos. 214-245 Rev (2016-10-11); Undivided 2016-2022 statutory baseline
TS-MDL-4423,TS-MDL-4423-V2,2022-09-26,,true,Predecessor Version TS-MDL-4423-V1,CONTINUING_IDENTITY,ts_lgd_mandals_2026_v1,Continuous statutory identity; MoPR LGD 2026 Directory snapshot
TS-MDL-6216,TS-MDL-6216-V1,2016-10-11,2022-09-26,false,10 Legacy AP Districts (2014 Telangana State Formation),CONTINUING_IDENTITY,ts_lgd_mandals_2016_v1,G.O.Ms. Nos. 214-245 Rev (2016-10-11); Undivided 2016-2022 statutory baseline
TS-MDL-6216,TS-MDL-6216-V2,2022-09-26,,true,Predecessor Version TS-MDL-6216-V1,CONTINUING_IDENTITY,ts_lgd_mandals_2026_v1,Continuous statutory identity; MoPR LGD 2026 Directory snapshot
TS-MDL-4715,TS-MDL-4715-V1,2016-10-11,2022-09-26,false,10 Legacy AP Districts (2014 Telangana State Formation),CONTINUING_IDENTITY,ts_lgd_mandals_2016_v1,G.O.Ms. Nos. 214-245 Rev (2016-10-11); Undivided 2016-2022 statutory baseline
TS-MDL-4715,TS-MDL-4715-V2,2022-09-26,,true,Predecessor Version TS-MDL-4715-V1,CONTINUING_IDENTITY,ts_lgd_mandals_2026_v1,Continuous statutory identity; MoPR LGD 2026 Directory snapshot
TS-MDL-4620,TS-MDL-4620-V1,2016-10-11,2022-09-26,false,10 Legacy AP Districts (2014 Telangana State Formation),CONTINUING_IDENTITY,ts_lgd_mandals_2016_v1,G.O.Ms. Nos. 214-245 Rev (2016-10-11); Undivided 2016-2022 statutory baseline
TS-MDL-4620,TS-MDL-4620-V2,2022-09-26,,true,Predecessor Version TS-MDL-4620-V1,CONTINUING_IDENTITY,ts_lgd_mandals_2026_v1,Continuous statutory identity; MoPR LGD 2026 Directory snapshot
TS-MDL-4645,TS-MDL-4645-V1,2016-10-11,2022-09-26,false,10 Legacy AP Districts (2014 Telangana State Formation),CONTINUING_IDENTITY,ts_lgd_mandals_2016_v1,G.O.Ms. Nos. 214-245 Rev (2016-10-11); Undivided 2016-2022 statutory baseline
TS-MDL-4645,TS-MDL-4645-V2,2022-09-26,,true,Predecessor Version TS-MDL-4645-V1,CONTINUING_IDENTITY,ts_lgd_mandals_2026_v1,Continuous statutory identity; MoPR LGD 2026 Directory snapshot
TS-MDL-4675,TS-MDL-4675-V1,2016-10-11,2022-09-26,false,10 Legacy AP Districts (2014 Telangana State Formation),CONTINUING_IDENTITY,ts_lgd_mandals_2016_v1,G.O.Ms. Nos. 214-245 Rev (2016-10-11); Undivided 2016-2022 statutory baseline
TS-MDL-4675,TS-MDL-4675-V2,2022-09-26,,true,Predecessor Version TS-MDL-4675-V1,CONTINUING_IDENTITY,ts_lgd_mandals_2026_v1,Continuous statutory identity; MoPR LGD 2026 Directory snapshot
TS-MDL-4632,TS-MDL-4632-V1,2016-10-11,2022-09-26,false,10 Legacy AP Districts (2014 Telangana State Formation),CONTINUING_IDENTITY,ts_lgd_mandals_2016_v1,G.O.Ms. Nos. 214-245 Rev (2016-10-11); Undivided 2016-2022 statutory baseline
TS-MDL-4632,TS-MDL-4632-V2,2022-09-26,,true,Predecessor Version TS-MDL-4632-V1,CONTINUING_IDENTITY,ts_lgd_mandals_2026_v1,Continuous statutory identity; MoPR LGD 2026 Directory snapshot
TS-MDL-4312,TS-MDL-4312-V1,2016-10-11,2022-09-26,false,10 Legacy AP Districts (2014 Telangana State Formation),CONTINUING_IDENTITY,ts_lgd_mandals_2016_v1,G.O.Ms. Nos. 214-245 Rev (2016-10-11); Undivided 2016-2022 statutory baseline
TS-MDL-4312,TS-MDL-4312-V2,2022-09-26,,true,Predecessor Version TS-MDL-4312-V1,CONTINUING_IDENTITY,ts_lgd_mandals_2026_v1,Continuous statutory identity; MoPR LGD 2026 Directory snapshot
TS-MDL-4719,TS-MDL-4719-V1,2016-10-11,2022-09-26,false,10 Legacy AP Districts (2014 Telangana State Formation),CONTINUING_IDENTITY,ts_lgd_mandals_2016_v1,G.O.Ms. Nos. 214-245 Rev (2016-10-11); Undivided 2016-2022 statutory baseline
TS-MDL-4719,TS-MDL-4719-V2,2022-09-26,,true,Predecessor Version TS-MDL-4719-V1,CONTINUING_IDENTITY,ts_lgd_mandals_2026_v1,Continuous statutory identity; MoPR LGD 2026 Directory snapshot
TS-MDL-4327,TS-MDL-4327-V1,2016-10-11,2022-09-26,false,10 Legacy AP Districts (2014 Telangana State Formation),CONTINUING_IDENTITY,ts_lgd_mandals_2016_v1,G.O.Ms. Nos. 214-245 Rev (2016-10-11); Undivided 2016-2022 statutory baseline
TS-MDL-4327,TS-MDL-4327-V2,2022-09-26,,true,Predecessor Version TS-MDL-4327-V1,CONTINUING_IDENTITY,ts_lgd_mandals_2026_v1,Continuous statutory identity; MoPR LGD 2026 Directory snapshot
TS-MDL-4662,TS-MDL-4662-V1,2016-10-11,2022-09-26,false,10 Legacy AP Districts (2014 Telangana State Formation),CONTINUING_IDENTITY,ts_lgd_mandals_2016_v1,G.O.Ms. Nos. 214-245 Rev (2016-10-11); Undivided 2016-2022 statutory baseline
TS-MDL-4662,TS-MDL-4662-V2,2022-09-26,,true,Predecessor Version TS-MDL-4662-V1,CONTINUING_IDENTITY,ts_lgd_mandals_2026_v1,Continuous statutory identity; MoPR LGD 2026 Directory snapshot
TS-MDL-4614,TS-MDL-4614-V1,2016-10-11,2022-09-26,false,10 Legacy AP Districts (2014 Telangana State Formation),CONTINUING_IDENTITY,ts_lgd_mandals_2016_v1,G.O.Ms. Nos. 214-245 Rev (2016-10-11); Undivided 2016-2022 statutory baseline
TS-MDL-4614,TS-MDL-4614-V2,2022-09-26,,true,Predecessor Version TS-MDL-4614-V1,CONTINUING_IDENTITY,ts_lgd_mandals_2026_v1,Continuous statutory identity; MoPR LGD 2026 Directory snapshot
TS-MDL-6272,TS-MDL-6272-V1,2016-10-11,2022-09-26,false,10 Legacy AP Districts (2014 Telangana State Formation),CONTINUING_IDENTITY,ts_lgd_mandals_2016_v1,G.O.Ms. Nos. 214-245 Rev (2016-10-11); Undivided 2016-2022 statutory baseline
TS-MDL-6272,TS-MDL-6272-V2,2022-09-26,,true,Predecessor Version TS-MDL-6272-V1,CONTINUING_IDENTITY,ts_lgd_mandals_2026_v1,Continuous statutory identity; MoPR LGD 2026 Directory snapshot
TS-MDL-6226,TS-MDL-6226-V1,2016-10-11,2022-09-26,false,10 Legacy AP Districts (2014 Telangana State Formation),CONTINUING_IDENTITY,ts_lgd_mandals_2016_v1,G.O.Ms. Nos. 214-245 Rev (2016-10-11); Undivided 2016-2022 statutory baseline
TS-MDL-6226,TS-MDL-6226-V2,2022-09-26,,true,Predecessor Version TS-MDL-6226-V1,CONTINUING_IDENTITY,ts_lgd_mandals_2026_v1,Continuous statutory identity; MoPR LGD 2026 Directory snapshot
TS-MDL-4381,TS-MDL-4381-V1,2016-10-11,2022-09-26,false,10 Legacy AP Districts (2014 Telangana State Formation),CONTINUING_IDENTITY,ts_lgd_mandals_2016_v1,G.O.Ms. Nos. 214-245 Rev (2016-10-11); Undivided 2016-2022 statutory baseline
TS-MDL-4381,TS-MDL-4381-V2,2022-09-26,,true,Predecessor Version TS-MDL-4381-V1,CONTINUING_IDENTITY,ts_lgd_mandals_2026_v1,Continuous statutory identity; MoPR LGD 2026 Directory snapshot
TS-MDL-4398,TS-MDL-4398-V1,2016-10-11,2022-09-26,false,10 Legacy AP Districts (2014 Telangana State Formation),CONTINUING_IDENTITY,ts_lgd_mandals_2016_v1,G.O.Ms. Nos. 214-245 Rev (2016-10-11); Undivided 2016-2022 statutory baseline
TS-MDL-4398,TS-MDL-4398-V2,2022-09-26,,true,Predecessor Version TS-MDL-4398-V1,CONTINUING_IDENTITY,ts_lgd_mandals_2026_v1,Continuous statutory identity; MoPR LGD 2026 Directory snapshot
TS-MDL-6244,TS-MDL-6244-V1,2016-10-11,2022-09-26,false,10 Legacy AP Districts (2014 Telangana State Formation),CONTINUING_IDENTITY,ts_lgd_mandals_2016_v1,G.O.Ms. Nos. 214-245 Rev (2016-10-11); Undivided 2016-2022 statutory baseline
TS-MDL-6244,TS-MDL-6244-V2,2022-09-26,,true,Predecessor Version TS-MDL-6244-V1,CONTINUING_IDENTITY,ts_lgd_mandals_2026_v1,Continuous statutory identity; MoPR LGD 2026 Directory snapshot
TS-MDL-4705,TS-MDL-4705-V1,2016-10-11,2022-09-26,false,10 Legacy AP Districts (2014 Telangana State Formation),CONTINUING_IDENTITY,ts_lgd_mandals_2016_v1,G.O.Ms. Nos. 214-245 Rev (2016-10-11); Undivided 2016-2022 statutory baseline
TS-MDL-4705,TS-MDL-4705-V2,2022-09-26,,true,Predecessor Version TS-MDL-4705-V1,CONTINUING_IDENTITY,ts_lgd_mandals_2026_v1,Continuous statutory identity; MoPR LGD 2026 Directory snapshot
TS-MDL-4331,TS-MDL-4331-V1,2016-10-11,2022-09-26,false,10 Legacy AP Districts (2014 Telangana State Formation),CONTINUING_IDENTITY,ts_lgd_mandals_2016_v1,G.O.Ms. Nos. 214-245 Rev (2016-10-11); Undivided 2016-2022 statutory baseline
TS-MDL-4331,TS-MDL-4331-V2,2022-09-26,,true,Predecessor Version TS-MDL-4331-V1,CONTINUING_IDENTITY,ts_lgd_mandals_2026_v1,Continuous statutory identity; MoPR LGD 2026 Directory snapshot
TS-MDL-4325,TS-MDL-4325-V1,2016-10-11,2022-09-26,false,10 Legacy AP Districts (2014 Telangana State Formation),CONTINUING_IDENTITY,ts_lgd_mandals_2016_v1,G.O.Ms. Nos. 214-245 Rev (2016-10-11); Undivided 2016-2022 statutory baseline
TS-MDL-4325,TS-MDL-4325-V2,2022-09-26,,true,Predecessor Version TS-MDL-4325-V1,CONTINUING_IDENTITY,ts_lgd_mandals_2026_v1,Continuous statutory identity; MoPR LGD 2026 Directory snapshot
TS-MDL-4498,TS-MDL-4498-V1,2016-10-11,2022-09-26,false,10 Legacy AP Districts (2014 Telangana State Formation),CONTINUING_IDENTITY,ts_lgd_mandals_2016_v1,G.O.Ms. Nos. 214-245 Rev (2016-10-11); Undivided 2016-2022 statutory baseline
TS-MDL-4498,TS-MDL-4498-V2,2022-09-26,,true,Predecessor Version TS-MDL-4498-V1,CONTINUING_IDENTITY,ts_lgd_mandals_2026_v1,Continuous statutory identity; MoPR LGD 2026 Directory snapshot
TS-MDL-4665,TS-MDL-4665-V1,2016-10-11,2022-09-26,false,10 Legacy AP Districts (2014 Telangana State Formation),CONTINUING_IDENTITY,ts_lgd_mandals_2016_v1,G.O.Ms. Nos. 214-245 Rev (2016-10-11); Undivided 2016-2022 statutory baseline
TS-MDL-4665,TS-MDL-4665-V2,2022-09-26,,true,Predecessor Version TS-MDL-4665-V1,CONTINUING_IDENTITY,ts_lgd_mandals_2026_v1,Continuous statutory identity; MoPR LGD 2026 Directory snapshot
TS-MDL-4542,TS-MDL-4542-V1,2016-10-11,2022-09-26,false,10 Legacy AP Districts (2014 Telangana State Formation),CONTINUING_IDENTITY,ts_lgd_mandals_2016_v1,G.O.Ms. Nos. 214-245 Rev (2016-10-11); Undivided 2016-2022 statutory baseline
TS-MDL-4542,TS-MDL-4542-V2,2022-09-26,,true,Predecessor Version TS-MDL-4542-V1,CONTINUING_IDENTITY,ts_lgd_mandals_2026_v1,Continuous statutory identity; MoPR LGD 2026 Directory snapshot
TS-MDL-6308,TS-MDL-6308-V1,2016-10-11,2022-09-26,false,10 Legacy AP Districts (2014 Telangana State Formation),CONTINUING_IDENTITY,ts_lgd_mandals_2016_v1,G.O.Ms. Nos. 214-245 Rev (2016-10-11); Undivided 2016-2022 statutory baseline
TS-MDL-6308,TS-MDL-6308-V2,2022-09-26,,true,Predecessor Version TS-MDL-6308-V1,CONTINUING_IDENTITY,ts_lgd_mandals_2026_v1,Continuous statutory identity; MoPR LGD 2026 Directory snapshot
TS-MDL-4441,TS-MDL-4441-V1,2016-10-11,2022-09-26,false,10 Legacy AP Districts (2014 Telangana State Formation),CONTINUING_IDENTITY,ts_lgd_mandals_2016_v1,G.O.Ms. Nos. 214-245 Rev (2016-10-11); Undivided 2016-2022 statutory baseline
TS-MDL-4441,TS-MDL-4441-V2,2022-09-26,,true,Predecessor Version TS-MDL-4441-V1,CONTINUING_IDENTITY,ts_lgd_mandals_2026_v1,Continuous statutory identity; MoPR LGD 2026 Directory snapshot
TS-MDL-4515,TS-MDL-4515-V1,2016-10-11,2022-09-26,false,10 Legacy AP Districts (2014 Telangana State Formation),CONTINUING_IDENTITY,ts_lgd_mandals_2016_v1,G.O.Ms. Nos. 214-245 Rev (2016-10-11); Undivided 2016-2022 statutory baseline
TS-MDL-4515,TS-MDL-4515-V2,2022-09-26,,true,Predecessor Version TS-MDL-4515-V1,CONTINUING_IDENTITY,ts_lgd_mandals_2026_v1,Continuous statutory identity; MoPR LGD 2026 Directory snapshot
TS-MDL-4344,TS-MDL-4344-V1,2016-10-11,2022-09-26,false,10 Legacy AP Districts (2014 Telangana State Formation),CONTINUING_IDENTITY,ts_lgd_mandals_2016_v1,G.O.Ms. Nos. 214-245 Rev (2016-10-11); Undivided 2016-2022 statutory baseline
TS-MDL-4344,TS-MDL-4344-V2,2022-09-26,,true,Predecessor Version TS-MDL-4344-V1,CONTINUING_IDENTITY,ts_lgd_mandals_2026_v1,Continuous statutory identity; MoPR LGD 2026 Directory snapshot
TS-MDL-4368,TS-MDL-4368-V1,2016-10-11,2022-09-26,false,10 Legacy AP Districts (2014 Telangana State Formation),CONTINUING_IDENTITY,ts_lgd_mandals_2016_v1,G.O.Ms. Nos. 214-245 Rev (2016-10-11); Undivided 2016-2022 statutory baseline
TS-MDL-4368,TS-MDL-4368-V2,2022-09-26,,true,Predecessor Version TS-MDL-4368-V1,CONTINUING_IDENTITY,ts_lgd_mandals_2026_v1,Continuous statutory identity; MoPR LGD 2026 Directory snapshot
TS-MDL-6385,TS-MDL-6385-V1,2016-10-11,2022-09-26,false,10 Legacy AP Districts (2014 Telangana State Formation),CONTINUING_IDENTITY,ts_lgd_mandals_2016_v1,G.O.Ms. Nos. 214-245 Rev (2016-10-11); Undivided 2016-2022 statutory baseline
TS-MDL-6385,TS-MDL-6385-V2,2022-09-26,,true,Predecessor Version TS-MDL-6385-V1,CONTINUING_IDENTITY,ts_lgd_mandals_2026_v1,Continuous statutory identity; MoPR LGD 2026 Directory snapshot
TS-MDL-6271,TS-MDL-6271-V1,2016-10-11,2022-09-26,false,10 Legacy AP Districts (2014 Telangana State Formation),CONTINUING_IDENTITY,ts_lgd_mandals_2016_v1,G.O.Ms. Nos. 214-245 Rev (2016-10-11); Undivided 2016-2022 statutory baseline
TS-MDL-6271,TS-MDL-6271-V2,2022-09-26,,true,Predecessor Version TS-MDL-6271-V1,CONTINUING_IDENTITY,ts_lgd_mandals_2026_v1,Continuous statutory identity; MoPR LGD 2026 Directory snapshot
TS-MDL-4621,TS-MDL-4621-V1,2016-10-11,2022-09-26,false,10 Legacy AP Districts (2014 Telangana State Formation),CONTINUING_IDENTITY,ts_lgd_mandals_2016_v1,G.O.Ms. Nos. 214-245 Rev (2016-10-11); Undivided 2016-2022 statutory baseline
TS-MDL-4621,TS-MDL-4621-V2,2022-09-26,,true,Predecessor Version TS-MDL-4621-V1,CONTINUING_IDENTITY,ts_lgd_mandals_2026_v1,Continuous statutory identity; MoPR LGD 2026 Directory snapshot
TS-MDL-4426,TS-MDL-4426-V1,2016-10-11,2022-09-26,false,10 Legacy AP Districts (2014 Telangana State Formation),CONTINUING_IDENTITY,ts_lgd_mandals_2016_v1,G.O.Ms. Nos. 214-245 Rev (2016-10-11); Undivided 2016-2022 statutory baseline
TS-MDL-4426,TS-MDL-4426-V2,2022-09-26,,true,Predecessor Version TS-MDL-4426-V1,CONTINUING_IDENTITY,ts_lgd_mandals_2026_v1,Continuous statutory identity; MoPR LGD 2026 Directory snapshot
TS-MDL-6294,TS-MDL-6294-V1,2016-10-11,2022-09-26,false,10 Legacy AP Districts (2014 Telangana State Formation),CONTINUING_IDENTITY,ts_lgd_mandals_2016_v1,G.O.Ms. Nos. 214-245 Rev (2016-10-11); Undivided 2016-2022 statutory baseline
TS-MDL-6294,TS-MDL-6294-V2,2022-09-26,,true,Predecessor Version TS-MDL-6294-V1,CONTINUING_IDENTITY,ts_lgd_mandals_2026_v1,Continuous statutory identity; MoPR LGD 2026 Directory snapshot
TS-MDL-6301,TS-MDL-6301-V1,2016-10-11,2022-09-26,false,10 Legacy AP Districts (2014 Telangana State Formation),CONTINUING_IDENTITY,ts_lgd_mandals_2016_v1,G.O.Ms. Nos. 214-245 Rev (2016-10-11); Undivided 2016-2022 statutory baseline
TS-MDL-6301,TS-MDL-6301-V2,2022-09-26,,true,Predecessor Version TS-MDL-6301-V1,CONTINUING_IDENTITY,ts_lgd_mandals_2026_v1,Continuous statutory identity; MoPR LGD 2026 Directory snapshot
TS-MDL-6214,TS-MDL-6214-V1,2016-10-11,2022-09-26,false,10 Legacy AP Districts (2014 Telangana State Formation),CONTINUING_IDENTITY,ts_lgd_mandals_2016_v1,G.O.Ms. Nos. 214-245 Rev (2016-10-11); Undivided 2016-2022 statutory baseline
TS-MDL-6214,TS-MDL-6214-V2,2022-09-26,,true,Predecessor Version TS-MDL-6214-V1,CONTINUING_IDENTITY,ts_lgd_mandals_2026_v1,Continuous statutory identity; MoPR LGD 2026 Directory snapshot
TS-MDL-4697,TS-MDL-4697-V1,2016-10-11,2022-09-26,false,10 Legacy AP Districts (2014 Telangana State Formation),CONTINUING_IDENTITY,ts_lgd_mandals_2016_v1,G.O.Ms. Nos. 214-245 Rev (2016-10-11); Undivided 2016-2022 statutory baseline
TS-MDL-4697,TS-MDL-4697-V2,2022-09-26,,true,Predecessor Version TS-MDL-4697-V1,CONTINUING_IDENTITY,ts_lgd_mandals_2026_v1,Continuous statutory identity; MoPR LGD 2026 Directory snapshot
TS-MDL-6215,TS-MDL-6215-V1,2016-10-11,2022-09-26,false,10 Legacy AP Districts (2014 Telangana State Formation),CONTINUING_IDENTITY,ts_lgd_mandals_2016_v1,G.O.Ms. Nos. 214-245 Rev (2016-10-11); Undivided 2016-2022 statutory baseline
TS-MDL-6215,TS-MDL-6215-V2,2022-09-26,,true,Predecessor Version TS-MDL-6215-V1,CONTINUING_IDENTITY,ts_lgd_mandals_2026_v1,Continuous statutory identity; MoPR LGD 2026 Directory snapshot
TS-MDL-6250,TS-MDL-6250-V1,2016-10-11,2022-09-26,false,10 Legacy AP Districts (2014 Telangana State Formation),CONTINUING_IDENTITY,ts_lgd_mandals_2016_v1,G.O.Ms. Nos. 214-245 Rev (2016-10-11); Undivided 2016-2022 statutory baseline
TS-MDL-6250,TS-MDL-6250-V2,2022-09-26,,true,Predecessor Version TS-MDL-6250-V1,CONTINUING_IDENTITY,ts_lgd_mandals_2026_v1,Continuous statutory identity; MoPR LGD 2026 Directory snapshot
TS-MDL-4407,TS-MDL-4407-V1,2016-10-11,2022-09-26,false,10 Legacy AP Districts (2014 Telangana State Formation),CONTINUING_IDENTITY,ts_lgd_mandals_2016_v1,G.O.Ms. Nos. 214-245 Rev (2016-10-11); Undivided 2016-2022 statutory baseline
TS-MDL-4407,TS-MDL-4407-V2,2022-09-26,,true,Predecessor Version TS-MDL-4407-V1,CONTINUING_IDENTITY,ts_lgd_mandals_2026_v1,Continuous statutory identity; MoPR LGD 2026 Directory snapshot
TS-MDL-6288,TS-MDL-6288-V1,2016-10-11,2022-09-26,false,10 Legacy AP Districts (2014 Telangana State Formation),CONTINUING_IDENTITY,ts_lgd_mandals_2016_v1,G.O.Ms. Nos. 214-245 Rev (2016-10-11); Undivided 2016-2022 statutory baseline
TS-MDL-6288,TS-MDL-6288-V2,2022-09-26,,true,Predecessor Version TS-MDL-6288-V1,CONTINUING_IDENTITY,ts_lgd_mandals_2026_v1,Continuous statutory identity; MoPR LGD 2026 Directory snapshot
TS-MDL-4737,TS-MDL-4737-V1,2016-10-11,2022-09-26,false,10 Legacy AP Districts (2014 Telangana State Formation),CONTINUING_IDENTITY,ts_lgd_mandals_2016_v1,G.O.Ms. Nos. 214-245 Rev (2016-10-11); Undivided 2016-2022 statutory baseline
TS-MDL-4737,TS-MDL-4737-V2,2022-09-26,,true,Predecessor Version TS-MDL-4737-V1,CONTINUING_IDENTITY,ts_lgd_mandals_2026_v1,Continuous statutory identity; MoPR LGD 2026 Directory snapshot
TS-MDL-4425,TS-MDL-4425-V1,2016-10-11,2022-09-26,false,10 Legacy AP Districts (2014 Telangana State Formation),CONTINUING_IDENTITY,ts_lgd_mandals_2016_v1,G.O.Ms. Nos. 214-245 Rev (2016-10-11); Undivided 2016-2022 statutory baseline
TS-MDL-4425,TS-MDL-4425-V2,2022-09-26,,true,Predecessor Version TS-MDL-4425-V1,CONTINUING_IDENTITY,ts_lgd_mandals_2026_v1,Continuous statutory identity; MoPR LGD 2026 Directory snapshot
TS-MDL-4455,TS-MDL-4455-V1,2016-10-11,2022-09-26,false,10 Legacy AP Districts (2014 Telangana State Formation),CONTINUING_IDENTITY,ts_lgd_mandals_2016_v1,G.O.Ms. Nos. 214-245 Rev (2016-10-11); Undivided 2016-2022 statutory baseline
TS-MDL-4455,TS-MDL-4455-V2,2022-09-26,,true,Predecessor Version TS-MDL-4455-V1,CONTINUING_IDENTITY,ts_lgd_mandals_2026_v1,Continuous statutory identity; MoPR LGD 2026 Directory snapshot
TS-MDL-4582,TS-MDL-4582-V1,2016-10-11,2022-09-26,false,10 Legacy AP Districts (2014 Telangana State Formation),CONTINUING_IDENTITY,ts_lgd_mandals_2016_v1,G.O.Ms. Nos. 214-245 Rev (2016-10-11); Undivided 2016-2022 statutory baseline
TS-MDL-4582,TS-MDL-4582-V2,2022-09-26,,true,Predecessor Version TS-MDL-4582-V1,CONTINUING_IDENTITY,ts_lgd_mandals_2026_v1,Continuous statutory identity; MoPR LGD 2026 Directory snapshot
TS-MDL-6245,TS-MDL-6245-V1,2016-10-11,2022-09-26,false,10 Legacy AP Districts (2014 Telangana State Formation),CONTINUING_IDENTITY,ts_lgd_mandals_2016_v1,G.O.Ms. Nos. 214-245 Rev (2016-10-11); Undivided 2016-2022 statutory baseline
TS-MDL-6245,TS-MDL-6245-V2,2022-09-26,,true,Predecessor Version TS-MDL-6245-V1,CONTINUING_IDENTITY,ts_lgd_mandals_2026_v1,Continuous statutory identity; MoPR LGD 2026 Directory snapshot
TS-MDL-4562,TS-MDL-4562-V1,2016-10-11,2022-09-26,false,10 Legacy AP Districts (2014 Telangana State Formation),CONTINUING_IDENTITY,ts_lgd_mandals_2016_v1,G.O.Ms. Nos. 214-245 Rev (2016-10-11); Undivided 2016-2022 statutory baseline
TS-MDL-4562,TS-MDL-4562-V2,2022-09-26,,true,Predecessor Version TS-MDL-4562-V1,CONTINUING_IDENTITY,ts_lgd_mandals_2026_v1,Continuous statutory identity; MoPR LGD 2026 Directory snapshot
TS-MDL-4369,TS-MDL-4369-V1,2016-10-11,2022-09-26,false,10 Legacy AP Districts (2014 Telangana State Formation),CONTINUING_IDENTITY,ts_lgd_mandals_2016_v1,G.O.Ms. Nos. 214-245 Rev (2016-10-11); Undivided 2016-2022 statutory baseline
TS-MDL-4369,TS-MDL-4369-V2,2022-09-26,,true,Predecessor Version TS-MDL-4369-V1,CONTINUING_IDENTITY,ts_lgd_mandals_2026_v1,Continuous statutory identity; MoPR LGD 2026 Directory snapshot
TS-MDL-6256,TS-MDL-6256-V1,2016-10-11,2022-09-26,false,10 Legacy AP Districts (2014 Telangana State Formation),CONTINUING_IDENTITY,ts_lgd_mandals_2016_v1,G.O.Ms. Nos. 214-245 Rev (2016-10-11); Undivided 2016-2022 statutory baseline
TS-MDL-6256,TS-MDL-6256-V2,2022-09-26,,true,Predecessor Version TS-MDL-6256-V1,CONTINUING_IDENTITY,ts_lgd_mandals_2026_v1,Continuous statutory identity; MoPR LGD 2026 Directory snapshot
TS-MDL-4659,TS-MDL-4659-V1,2016-10-11,2022-09-26,false,10 Legacy AP Districts (2014 Telangana State Formation),CONTINUING_IDENTITY,ts_lgd_mandals_2016_v1,G.O.Ms. Nos. 214-245 Rev (2016-10-11); Undivided 2016-2022 statutory baseline
TS-MDL-4659,TS-MDL-4659-V2,2022-09-26,,true,Predecessor Version TS-MDL-4659-V1,CONTINUING_IDENTITY,ts_lgd_mandals_2026_v1,Continuous statutory identity; MoPR LGD 2026 Directory snapshot
TS-MDL-4533,TS-MDL-4533-V1,2016-10-11,2022-09-26,false,10 Legacy AP Districts (2014 Telangana State Formation),CONTINUING_IDENTITY,ts_lgd_mandals_2016_v1,G.O.Ms. Nos. 214-245 Rev (2016-10-11); Undivided 2016-2022 statutory baseline
TS-MDL-4533,TS-MDL-4533-V2,2022-09-26,,true,Predecessor Version TS-MDL-4533-V1,CONTINUING_IDENTITY,ts_lgd_mandals_2026_v1,Continuous statutory identity; MoPR LGD 2026 Directory snapshot
TS-MDL-6206,TS-MDL-6206-V1,2016-10-11,2022-09-26,false,10 Legacy AP Districts (2014 Telangana State Formation),CONTINUING_IDENTITY,ts_lgd_mandals_2016_v1,G.O.Ms. Nos. 214-245 Rev (2016-10-11); Undivided 2016-2022 statutory baseline
TS-MDL-6206,TS-MDL-6206-V2,2022-09-26,,true,Predecessor Version TS-MDL-6206-V1,CONTINUING_IDENTITY,ts_lgd_mandals_2026_v1,Continuous statutory identity; MoPR LGD 2026 Directory snapshot
TS-MDL-4581,TS-MDL-4581-V1,2016-10-11,2022-09-26,false,10 Legacy AP Districts (2014 Telangana State Formation),CONTINUING_IDENTITY,ts_lgd_mandals_2016_v1,G.O.Ms. Nos. 214-245 Rev (2016-10-11); Undivided 2016-2022 statutory baseline
TS-MDL-4581,TS-MDL-4581-V2,2022-09-26,,true,Predecessor Version TS-MDL-4581-V1,CONTINUING_IDENTITY,ts_lgd_mandals_2026_v1,Continuous statutory identity; MoPR LGD 2026 Directory snapshot
TS-MDL-4762,TS-MDL-4762-V1,2016-10-11,2022-09-26,false,10 Legacy AP Districts (2014 Telangana State Formation),CONTINUING_IDENTITY,ts_lgd_mandals_2016_v1,G.O.Ms. Nos. 214-245 Rev (2016-10-11); Undivided 2016-2022 statutory baseline
TS-MDL-4762,TS-MDL-4762-V2,2022-09-26,,true,Predecessor Version TS-MDL-4762-V1,CONTINUING_IDENTITY,ts_lgd_mandals_2026_v1,Continuous statutory identity; MoPR LGD 2026 Directory snapshot
TS-MDL-4499,TS-MDL-4499-V1,2016-10-11,2022-09-26,false,10 Legacy AP Districts (2014 Telangana State Formation),CONTINUING_IDENTITY,ts_lgd_mandals_2016_v1,G.O.Ms. Nos. 214-245 Rev (2016-10-11); Undivided 2016-2022 statutory baseline
TS-MDL-4499,TS-MDL-4499-V2,2022-09-26,,true,Predecessor Version TS-MDL-4499-V1,CONTINUING_IDENTITY,ts_lgd_mandals_2026_v1,Continuous statutory identity; MoPR LGD 2026 Directory snapshot
TS-MDL-6313,TS-MDL-6313-V1,2016-10-11,2022-09-26,false,10 Legacy AP Districts (2014 Telangana State Formation),CONTINUING_IDENTITY,ts_lgd_mandals_2016_v1,G.O.Ms. Nos. 214-245 Rev (2016-10-11); Undivided 2016-2022 statutory baseline
TS-MDL-6313,TS-MDL-6313-V2,2022-09-26,,true,Predecessor Version TS-MDL-6313-V1,CONTINUING_IDENTITY,ts_lgd_mandals_2026_v1,Continuous statutory identity; MoPR LGD 2026 Directory snapshot
TS-MDL-4643,TS-MDL-4643-V1,2016-10-11,2022-09-26,false,10 Legacy AP Districts (2014 Telangana State Formation),CONTINUING_IDENTITY,ts_lgd_mandals_2016_v1,G.O.Ms. Nos. 214-245 Rev (2016-10-11); Undivided 2016-2022 statutory baseline
TS-MDL-4643,TS-MDL-4643-V2,2022-09-26,,true,Predecessor Version TS-MDL-4643-V1,CONTINUING_IDENTITY,ts_lgd_mandals_2026_v1,Continuous statutory identity; MoPR LGD 2026 Directory snapshot
TS-MDL-4575,TS-MDL-4575-V1,2016-10-11,2022-09-26,false,10 Legacy AP Districts (2014 Telangana State Formation),CONTINUING_IDENTITY,ts_lgd_mandals_2016_v1,G.O.Ms. Nos. 214-245 Rev (2016-10-11); Undivided 2016-2022 statutory baseline
TS-MDL-4575,TS-MDL-4575-V2,2022-09-26,,true,Predecessor Version TS-MDL-4575-V1,CONTINUING_IDENTITY,ts_lgd_mandals_2026_v1,Continuous statutory identity; MoPR LGD 2026 Directory snapshot
TS-MDL-4752,TS-MDL-4752-V1,2016-10-11,2022-09-26,false,10 Legacy AP Districts (2014 Telangana State Formation),CONTINUING_IDENTITY,ts_lgd_mandals_2016_v1,G.O.Ms. Nos. 214-245 Rev (2016-10-11); Undivided 2016-2022 statutory baseline
TS-MDL-4752,TS-MDL-4752-V2,2022-09-26,,true,Predecessor Version TS-MDL-4752-V1,CONTINUING_IDENTITY,ts_lgd_mandals_2026_v1,Continuous statutory identity; MoPR LGD 2026 Directory snapshot
TS-MDL-4725,TS-MDL-4725-V1,2016-10-11,2022-09-26,false,10 Legacy AP Districts (2014 Telangana State Formation),CONTINUING_IDENTITY,ts_lgd_mandals_2016_v1,G.O.Ms. Nos. 214-245 Rev (2016-10-11); Undivided 2016-2022 statutory baseline
TS-MDL-4725,TS-MDL-4725-V2,2022-09-26,,true,Predecessor Version TS-MDL-4725-V1,CONTINUING_IDENTITY,ts_lgd_mandals_2026_v1,Continuous statutory identity; MoPR LGD 2026 Directory snapshot
TS-MDL-4518,TS-MDL-4518-V1,2016-10-11,2022-09-26,false,10 Legacy AP Districts (2014 Telangana State Formation),CONTINUING_IDENTITY,ts_lgd_mandals_2016_v1,G.O.Ms. Nos. 214-245 Rev (2016-10-11); Undivided 2016-2022 statutory baseline
TS-MDL-4518,TS-MDL-4518-V2,2022-09-26,,true,Predecessor Version TS-MDL-4518-V1,CONTINUING_IDENTITY,ts_lgd_mandals_2026_v1,Continuous statutory identity; MoPR LGD 2026 Directory snapshot
TS-MDL-4757,TS-MDL-4757-V1,2016-10-11,2022-09-26,false,10 Legacy AP Districts (2014 Telangana State Formation),CONTINUING_IDENTITY,ts_lgd_mandals_2016_v1,G.O.Ms. Nos. 214-245 Rev (2016-10-11); Undivided 2016-2022 statutory baseline
TS-MDL-4757,TS-MDL-4757-V2,2022-09-26,,true,Predecessor Version TS-MDL-4757-V1,CONTINUING_IDENTITY,ts_lgd_mandals_2026_v1,Continuous statutory identity; MoPR LGD 2026 Directory snapshot
TS-MDL-4698,TS-MDL-4698-V1,2016-10-11,2022-09-26,false,10 Legacy AP Districts (2014 Telangana State Formation),CONTINUING_IDENTITY,ts_lgd_mandals_2016_v1,G.O.Ms. Nos. 214-245 Rev (2016-10-11); Undivided 2016-2022 statutory baseline
TS-MDL-4698,TS-MDL-4698-V2,2022-09-26,,true,Predecessor Version TS-MDL-4698-V1,CONTINUING_IDENTITY,ts_lgd_mandals_2026_v1,Continuous statutory identity; MoPR LGD 2026 Directory snapshot
TS-MDL-4395,TS-MDL-4395-V1,2016-10-11,2022-09-26,false,10 Legacy AP Districts (2014 Telangana State Formation),CONTINUING_IDENTITY,ts_lgd_mandals_2016_v1,G.O.Ms. Nos. 214-245 Rev (2016-10-11); Undivided 2016-2022 statutory baseline
TS-MDL-4395,TS-MDL-4395-V2,2022-09-26,,true,Predecessor Version TS-MDL-4395-V1,CONTINUING_IDENTITY,ts_lgd_mandals_2026_v1,Continuous statutory identity; MoPR LGD 2026 Directory snapshot
TS-MDL-4472,TS-MDL-4472-V1,2016-10-11,2022-09-26,false,10 Legacy AP Districts (2014 Telangana State Formation),CONTINUING_IDENTITY,ts_lgd_mandals_2016_v1,G.O.Ms. Nos. 214-245 Rev (2016-10-11); Undivided 2016-2022 statutory baseline
TS-MDL-4472,TS-MDL-4472-V2,2022-09-26,,true,Predecessor Version TS-MDL-4472-V1,CONTINUING_IDENTITY,ts_lgd_mandals_2026_v1,Continuous statutory identity; MoPR LGD 2026 Directory snapshot
TS-MDL-4524,TS-MDL-4524-V1,2016-10-11,2022-09-26,false,10 Legacy AP Districts (2014 Telangana State Formation),CONTINUING_IDENTITY,ts_lgd_mandals_2016_v1,G.O.Ms. Nos. 214-245 Rev (2016-10-11); Undivided 2016-2022 statutory baseline
TS-MDL-4524,TS-MDL-4524-V2,2022-09-26,,true,Predecessor Version TS-MDL-4524-V1,CONTINUING_IDENTITY,ts_lgd_mandals_2026_v1,Continuous statutory identity; MoPR LGD 2026 Directory snapshot
TS-MDL-4580,TS-MDL-4580-V1,2016-10-11,2022-09-26,false,10 Legacy AP Districts (2014 Telangana State Formation),CONTINUING_IDENTITY,ts_lgd_mandals_2016_v1,G.O.Ms. Nos. 214-245 Rev (2016-10-11); Undivided 2016-2022 statutory baseline
TS-MDL-4580,TS-MDL-4580-V2,2022-09-26,,true,Predecessor Version TS-MDL-4580-V1,CONTINUING_IDENTITY,ts_lgd_mandals_2026_v1,Continuous statutory identity; MoPR LGD 2026 Directory snapshot
TS-MDL-6295,TS-MDL-6295-V1,2016-10-11,2022-09-26,false,10 Legacy AP Districts (2014 Telangana State Formation),CONTINUING_IDENTITY,ts_lgd_mandals_2016_v1,G.O.Ms. Nos. 214-245 Rev (2016-10-11); Undivided 2016-2022 statutory baseline
TS-MDL-6295,TS-MDL-6295-V2,2022-09-26,,true,Predecessor Version TS-MDL-6295-V1,CONTINUING_IDENTITY,ts_lgd_mandals_2026_v1,Continuous statutory identity; MoPR LGD 2026 Directory snapshot
TS-MDL-4445,TS-MDL-4445-V1,2016-10-11,2022-09-26,false,10 Legacy AP Districts (2014 Telangana State Formation),CONTINUING_IDENTITY,ts_lgd_mandals_2016_v1,G.O.Ms. Nos. 214-245 Rev (2016-10-11); Undivided 2016-2022 statutory baseline
TS-MDL-4445,TS-MDL-4445-V2,2022-09-26,,true,Predecessor Version TS-MDL-4445-V1,CONTINUING_IDENTITY,ts_lgd_mandals_2026_v1,Continuous statutory identity; MoPR LGD 2026 Directory snapshot
TS-MDL-4365,TS-MDL-4365-V1,2016-10-11,2022-09-26,false,10 Legacy AP Districts (2014 Telangana State Formation),CONTINUING_IDENTITY,ts_lgd_mandals_2016_v1,G.O.Ms. Nos. 214-245 Rev (2016-10-11); Undivided 2016-2022 statutory baseline
TS-MDL-4365,TS-MDL-4365-V2,2022-09-26,,true,Predecessor Version TS-MDL-4365-V1,CONTINUING_IDENTITY,ts_lgd_mandals_2026_v1,Continuous statutory identity; MoPR LGD 2026 Directory snapshot
TS-MDL-4627,TS-MDL-4627-V1,2016-10-11,2022-09-26,false,10 Legacy AP Districts (2014 Telangana State Formation),CONTINUING_IDENTITY,ts_lgd_mandals_2016_v1,G.O.Ms. Nos. 214-245 Rev (2016-10-11); Undivided 2016-2022 statutory baseline
TS-MDL-4627,TS-MDL-4627-V2,2022-09-26,,true,Predecessor Version TS-MDL-4627-V1,CONTINUING_IDENTITY,ts_lgd_mandals_2026_v1,Continuous statutory identity; MoPR LGD 2026 Directory snapshot
TS-MDL-4577,TS-MDL-4577-V1,2016-10-11,2022-09-26,false,10 Legacy AP Districts (2014 Telangana State Formation),CONTINUING_IDENTITY,ts_lgd_mandals_2016_v1,G.O.Ms. Nos. 214-245 Rev (2016-10-11); Undivided 2016-2022 statutory baseline
TS-MDL-4577,TS-MDL-4577-V2,2022-09-26,,true,Predecessor Version TS-MDL-4577-V1,CONTINUING_IDENTITY,ts_lgd_mandals_2026_v1,Continuous statutory identity; MoPR LGD 2026 Directory snapshot
TS-MDL-6283,TS-MDL-6283-V1,2016-10-11,2022-09-26,false,10 Legacy AP Districts (2014 Telangana State Formation),CONTINUING_IDENTITY,ts_lgd_mandals_2016_v1,G.O.Ms. Nos. 214-245 Rev (2016-10-11); Undivided 2016-2022 statutory baseline
TS-MDL-6283,TS-MDL-6283-V2,2022-09-26,,true,Predecessor Version TS-MDL-6283-V1,CONTINUING_IDENTITY,ts_lgd_mandals_2026_v1,Continuous statutory identity; MoPR LGD 2026 Directory snapshot
TS-MDL-6241,TS-MDL-6241-V1,2016-10-11,2022-09-26,false,10 Legacy AP Districts (2014 Telangana State Formation),CONTINUING_IDENTITY,ts_lgd_mandals_2016_v1,G.O.Ms. Nos. 214-245 Rev (2016-10-11); Undivided 2016-2022 statutory baseline
TS-MDL-6241,TS-MDL-6241-V2,2022-09-26,,true,Predecessor Version TS-MDL-6241-V1,CONTINUING_IDENTITY,ts_lgd_mandals_2026_v1,Continuous statutory identity; MoPR LGD 2026 Directory snapshot
TS-MDL-4615,TS-MDL-4615-V1,2016-10-11,2022-09-26,false,10 Legacy AP Districts (2014 Telangana State Formation),CONTINUING_IDENTITY,ts_lgd_mandals_2016_v1,G.O.Ms. Nos. 214-245 Rev (2016-10-11); Undivided 2016-2022 statutory baseline
TS-MDL-4615,TS-MDL-4615-V2,2022-09-26,,true,Predecessor Version TS-MDL-4615-V1,CONTINUING_IDENTITY,ts_lgd_mandals_2026_v1,Continuous statutory identity; MoPR LGD 2026 Directory snapshot
TS-MDL-4321,TS-MDL-4321-V1,2016-10-11,2022-09-26,false,10 Legacy AP Districts (2014 Telangana State Formation),CONTINUING_IDENTITY,ts_lgd_mandals_2016_v1,G.O.Ms. Nos. 214-245 Rev (2016-10-11); Undivided 2016-2022 statutory baseline
TS-MDL-4321,TS-MDL-4321-V2,2022-09-26,,true,Predecessor Version TS-MDL-4321-V1,CONTINUING_IDENTITY,ts_lgd_mandals_2026_v1,Continuous statutory identity; MoPR LGD 2026 Directory snapshot
TS-MDL-4644,TS-MDL-4644-V1,2016-10-11,2022-09-26,false,10 Legacy AP Districts (2014 Telangana State Formation),CONTINUING_IDENTITY,ts_lgd_mandals_2016_v1,G.O.Ms. Nos. 214-245 Rev (2016-10-11); Undivided 2016-2022 statutory baseline
TS-MDL-4644,TS-MDL-4644-V2,2022-09-26,,true,Predecessor Version TS-MDL-4644-V1,CONTINUING_IDENTITY,ts_lgd_mandals_2026_v1,Continuous statutory identity; MoPR LGD 2026 Directory snapshot
TS-MDL-4430,TS-MDL-4430-V1,2016-10-11,2022-09-26,false,10 Legacy AP Districts (2014 Telangana State Formation),CONTINUING_IDENTITY,ts_lgd_mandals_2016_v1,G.O.Ms. Nos. 214-245 Rev (2016-10-11); Undivided 2016-2022 statutory baseline
TS-MDL-4430,TS-MDL-4430-V2,2022-09-26,,true,Predecessor Version TS-MDL-4430-V1,CONTINUING_IDENTITY,ts_lgd_mandals_2026_v1,Continuous statutory identity; MoPR LGD 2026 Directory snapshot
TS-MDL-6218,TS-MDL-6218-V1,2016-10-11,2022-09-26,false,10 Legacy AP Districts (2014 Telangana State Formation),CONTINUING_IDENTITY,ts_lgd_mandals_2016_v1,G.O.Ms. Nos. 214-245 Rev (2016-10-11); Undivided 2016-2022 statutory baseline
TS-MDL-6218,TS-MDL-6218-V2,2022-09-26,,true,Predecessor Version TS-MDL-6218-V1,CONTINUING_IDENTITY,ts_lgd_mandals_2026_v1,Continuous statutory identity; MoPR LGD 2026 Directory snapshot
TS-MDL-6261,TS-MDL-6261-V1,2016-10-11,2022-09-26,false,10 Legacy AP Districts (2014 Telangana State Formation),CONTINUING_IDENTITY,ts_lgd_mandals_2016_v1,G.O.Ms. Nos. 214-245 Rev (2016-10-11); Undivided 2016-2022 statutory baseline
TS-MDL-6261,TS-MDL-6261-V2,2022-09-26,,true,Predecessor Version TS-MDL-6261-V1,CONTINUING_IDENTITY,ts_lgd_mandals_2026_v1,Continuous statutory identity; MoPR LGD 2026 Directory snapshot
TS-MDL-4741,TS-MDL-4741-V1,2016-10-11,2022-09-26,false,10 Legacy AP Districts (2014 Telangana State Formation),CONTINUING_IDENTITY,ts_lgd_mandals_2016_v1,G.O.Ms. Nos. 214-245 Rev (2016-10-11); Undivided 2016-2022 statutory baseline
TS-MDL-4741,TS-MDL-4741-V2,2022-09-26,,true,Predecessor Version TS-MDL-4741-V1,CONTINUING_IDENTITY,ts_lgd_mandals_2026_v1,Continuous statutory identity; MoPR LGD 2026 Directory snapshot
TS-MDL-4444,TS-MDL-4444-V1,2016-10-11,2022-09-26,false,10 Legacy AP Districts (2014 Telangana State Formation),CONTINUING_IDENTITY,ts_lgd_mandals_2016_v1,G.O.Ms. Nos. 214-245 Rev (2016-10-11); Undivided 2016-2022 statutory baseline
TS-MDL-4444,TS-MDL-4444-V2,2022-09-26,,true,Predecessor Version TS-MDL-4444-V1,CONTINUING_IDENTITY,ts_lgd_mandals_2026_v1,Continuous statutory identity; MoPR LGD 2026 Directory snapshot
TS-MDL-4669,TS-MDL-4669-V1,2016-10-11,2022-09-26,false,10 Legacy AP Districts (2014 Telangana State Formation),CONTINUING_IDENTITY,ts_lgd_mandals_2016_v1,G.O.Ms. Nos. 214-245 Rev (2016-10-11); Undivided 2016-2022 statutory baseline
TS-MDL-4669,TS-MDL-4669-V2,2022-09-26,,true,Predecessor Version TS-MDL-4669-V1,CONTINUING_IDENTITY,ts_lgd_mandals_2026_v1,Continuous statutory identity; MoPR LGD 2026 Directory snapshot
TS-MDL-4446,TS-MDL-4446-V1,2016-10-11,2022-09-26,false,10 Legacy AP Districts (2014 Telangana State Formation),CONTINUING_IDENTITY,ts_lgd_mandals_2016_v1,G.O.Ms. Nos. 214-245 Rev (2016-10-11); Undivided 2016-2022 statutory baseline
TS-MDL-4446,TS-MDL-4446-V2,2022-09-26,,true,Predecessor Version TS-MDL-4446-V1,CONTINUING_IDENTITY,ts_lgd_mandals_2026_v1,Continuous statutory identity; MoPR LGD 2026 Directory snapshot
TS-MDL-4527,TS-MDL-4527-V1,2016-10-11,2022-09-26,false,10 Legacy AP Districts (2014 Telangana State Formation),CONTINUING_IDENTITY,ts_lgd_mandals_2016_v1,G.O.Ms. Nos. 214-245 Rev (2016-10-11); Undivided 2016-2022 statutory baseline
TS-MDL-4527,TS-MDL-4527-V2,2022-09-26,,true,Predecessor Version TS-MDL-4527-V1,CONTINUING_IDENTITY,ts_lgd_mandals_2026_v1,Continuous statutory identity; MoPR LGD 2026 Directory snapshot
TS-MDL-4595,TS-MDL-4595-V1,2016-10-11,2022-09-26,false,10 Legacy AP Districts (2014 Telangana State Formation),CONTINUING_IDENTITY,ts_lgd_mandals_2016_v1,G.O.Ms. Nos. 214-245 Rev (2016-10-11); Undivided 2016-2022 statutory baseline
TS-MDL-4595,TS-MDL-4595-V2,2022-09-26,,true,Predecessor Version TS-MDL-4595-V1,CONTINUING_IDENTITY,ts_lgd_mandals_2026_v1,Continuous statutory identity; MoPR LGD 2026 Directory snapshot
TS-MDL-6296,TS-MDL-6296-V1,2016-10-11,2022-09-26,false,10 Legacy AP Districts (2014 Telangana State Formation),CONTINUING_IDENTITY,ts_lgd_mandals_2016_v1,G.O.Ms. Nos. 214-245 Rev (2016-10-11); Undivided 2016-2022 statutory baseline
TS-MDL-6296,TS-MDL-6296-V2,2022-09-26,,true,Predecessor Version TS-MDL-6296-V1,CONTINUING_IDENTITY,ts_lgd_mandals_2026_v1,Continuous statutory identity; MoPR LGD 2026 Directory snapshot
TS-MDL-4495,TS-MDL-4495-V1,2016-10-11,2022-09-26,false,10 Legacy AP Districts (2014 Telangana State Formation),CONTINUING_IDENTITY,ts_lgd_mandals_2016_v1,G.O.Ms. Nos. 214-245 Rev (2016-10-11); Undivided 2016-2022 statutory baseline
TS-MDL-4495,TS-MDL-4495-V2,2022-09-26,,true,Predecessor Version TS-MDL-4495-V1,CONTINUING_IDENTITY,ts_lgd_mandals_2026_v1,Continuous statutory identity; MoPR LGD 2026 Directory snapshot
TS-MDL-4704,TS-MDL-4704-V1,2016-10-11,2022-09-26,false,10 Legacy AP Districts (2014 Telangana State Formation),CONTINUING_IDENTITY,ts_lgd_mandals_2016_v1,G.O.Ms. Nos. 214-245 Rev (2016-10-11); Undivided 2016-2022 statutory baseline
TS-MDL-4704,TS-MDL-4704-V2,2022-09-26,,true,Predecessor Version TS-MDL-4704-V1,CONTINUING_IDENTITY,ts_lgd_mandals_2026_v1,Continuous statutory identity; MoPR LGD 2026 Directory snapshot
TS-MDL-4399,TS-MDL-4399-V1,2016-10-11,2022-09-26,false,10 Legacy AP Districts (2014 Telangana State Formation),CONTINUING_IDENTITY,ts_lgd_mandals_2016_v1,G.O.Ms. Nos. 214-245 Rev (2016-10-11); Undivided 2016-2022 statutory baseline
TS-MDL-4399,TS-MDL-4399-V2,2022-09-26,,true,Predecessor Version TS-MDL-4399-V1,CONTINUING_IDENTITY,ts_lgd_mandals_2026_v1,Continuous statutory identity; MoPR LGD 2026 Directory snapshot
TS-MDL-4608,TS-MDL-4608-V1,2016-10-11,2022-09-26,false,10 Legacy AP Districts (2014 Telangana State Formation),CONTINUING_IDENTITY,ts_lgd_mandals_2016_v1,G.O.Ms. Nos. 214-245 Rev (2016-10-11); Undivided 2016-2022 statutory baseline
TS-MDL-4608,TS-MDL-4608-V2,2022-09-26,,true,Predecessor Version TS-MDL-4608-V1,CONTINUING_IDENTITY,ts_lgd_mandals_2026_v1,Continuous statutory identity; MoPR LGD 2026 Directory snapshot
TS-MDL-6243,TS-MDL-6243-V1,2016-10-11,2022-09-26,false,10 Legacy AP Districts (2014 Telangana State Formation),CONTINUING_IDENTITY,ts_lgd_mandals_2016_v1,G.O.Ms. Nos. 214-245 Rev (2016-10-11); Undivided 2016-2022 statutory baseline
TS-MDL-6243,TS-MDL-6243-V2,2022-09-26,,true,Predecessor Version TS-MDL-6243-V1,CONTINUING_IDENTITY,ts_lgd_mandals_2026_v1,Continuous statutory identity; MoPR LGD 2026 Directory snapshot
TS-MDL-4457,TS-MDL-4457-V1,2016-10-11,2022-09-26,false,10 Legacy AP Districts (2014 Telangana State Formation),CONTINUING_IDENTITY,ts_lgd_mandals_2016_v1,G.O.Ms. Nos. 214-245 Rev (2016-10-11); Undivided 2016-2022 statutory baseline
TS-MDL-4457,TS-MDL-4457-V2,2022-09-26,,true,Predecessor Version TS-MDL-4457-V1,CONTINUING_IDENTITY,ts_lgd_mandals_2026_v1,Continuous statutory identity; MoPR LGD 2026 Directory snapshot
TS-MDL-4536,TS-MDL-4536-V1,2016-10-11,2022-09-26,false,10 Legacy AP Districts (2014 Telangana State Formation),CONTINUING_IDENTITY,ts_lgd_mandals_2016_v1,G.O.Ms. Nos. 214-245 Rev (2016-10-11); Undivided 2016-2022 statutory baseline
TS-MDL-4536,TS-MDL-4536-V2,2022-09-26,,true,Predecessor Version TS-MDL-4536-V1,CONTINUING_IDENTITY,ts_lgd_mandals_2026_v1,Continuous statutory identity; MoPR LGD 2026 Directory snapshot
TS-MDL-4471,TS-MDL-4471-V1,2016-10-11,2022-09-26,false,10 Legacy AP Districts (2014 Telangana State Formation),CONTINUING_IDENTITY,ts_lgd_mandals_2016_v1,G.O.Ms. Nos. 214-245 Rev (2016-10-11); Undivided 2016-2022 statutory baseline
TS-MDL-4471,TS-MDL-4471-V2,2022-09-26,,true,Predecessor Version TS-MDL-4471-V1,CONTINUING_IDENTITY,ts_lgd_mandals_2026_v1,Continuous statutory identity; MoPR LGD 2026 Directory snapshot
TS-MDL-4386,TS-MDL-4386-V1,2016-10-11,2022-09-26,false,10 Legacy AP Districts (2014 Telangana State Formation),CONTINUING_IDENTITY,ts_lgd_mandals_2016_v1,G.O.Ms. Nos. 214-245 Rev (2016-10-11); Undivided 2016-2022 statutory baseline
TS-MDL-4386,TS-MDL-4386-V2,2022-09-26,,true,Predecessor Version TS-MDL-4386-V1,CONTINUING_IDENTITY,ts_lgd_mandals_2026_v1,Continuous statutory identity; MoPR LGD 2026 Directory snapshot
TS-MDL-6219,TS-MDL-6219-V1,2016-10-11,2022-09-26,false,10 Legacy AP Districts (2014 Telangana State Formation),CONTINUING_IDENTITY,ts_lgd_mandals_2016_v1,G.O.Ms. Nos. 214-245 Rev (2016-10-11); Undivided 2016-2022 statutory baseline
TS-MDL-6219,TS-MDL-6219-V2,2022-09-26,,true,Predecessor Version TS-MDL-6219-V1,CONTINUING_IDENTITY,ts_lgd_mandals_2026_v1,Continuous statutory identity; MoPR LGD 2026 Directory snapshot
TS-MDL-4723,TS-MDL-4723-V1,2016-10-11,2022-09-26,false,10 Legacy AP Districts (2014 Telangana State Formation),CONTINUING_IDENTITY,ts_lgd_mandals_2016_v1,G.O.Ms. Nos. 214-245 Rev (2016-10-11); Undivided 2016-2022 statutory baseline
TS-MDL-4723,TS-MDL-4723-V2,2022-09-26,,true,Predecessor Version TS-MDL-4723-V1,CONTINUING_IDENTITY,ts_lgd_mandals_2026_v1,Continuous statutory identity; MoPR LGD 2026 Directory snapshot
TS-MDL-6240,TS-MDL-6240-V1,2016-10-11,2022-09-26,false,10 Legacy AP Districts (2014 Telangana State Formation),CONTINUING_IDENTITY,ts_lgd_mandals_2016_v1,G.O.Ms. Nos. 214-245 Rev (2016-10-11); Undivided 2016-2022 statutory baseline
TS-MDL-6240,TS-MDL-6240-V2,2022-09-26,,true,Predecessor Version TS-MDL-6240-V1,CONTINUING_IDENTITY,ts_lgd_mandals_2026_v1,Continuous statutory identity; MoPR LGD 2026 Directory snapshot
TS-MDL-4583,TS-MDL-4583-V1,2016-10-11,2022-09-26,false,10 Legacy AP Districts (2014 Telangana State Formation),CONTINUING_IDENTITY,ts_lgd_mandals_2016_v1,G.O.Ms. Nos. 214-245 Rev (2016-10-11); Undivided 2016-2022 statutory baseline
TS-MDL-4583,TS-MDL-4583-V2,2022-09-26,,true,Predecessor Version TS-MDL-4583-V1,CONTINUING_IDENTITY,ts_lgd_mandals_2026_v1,Continuous statutory identity; MoPR LGD 2026 Directory snapshot
TS-MDL-4492,TS-MDL-4492-V1,2016-10-11,2022-09-26,false,10 Legacy AP Districts (2014 Telangana State Formation),CONTINUING_IDENTITY,ts_lgd_mandals_2016_v1,G.O.Ms. Nos. 214-245 Rev (2016-10-11); Undivided 2016-2022 statutory baseline
TS-MDL-4492,TS-MDL-4492-V2,2022-09-26,,true,Predecessor Version TS-MDL-4492-V1,CONTINUING_IDENTITY,ts_lgd_mandals_2026_v1,Continuous statutory identity; MoPR LGD 2026 Directory snapshot
TS-MDL-4571,TS-MDL-4571-V1,2016-10-11,2022-09-26,false,10 Legacy AP Districts (2014 Telangana State Formation),CONTINUING_IDENTITY,ts_lgd_mandals_2016_v1,G.O.Ms. Nos. 214-245 Rev (2016-10-11); Undivided 2016-2022 statutory baseline
TS-MDL-4571,TS-MDL-4571-V2,2022-09-26,,true,Predecessor Version TS-MDL-4571-V1,CONTINUING_IDENTITY,ts_lgd_mandals_2026_v1,Continuous statutory identity; MoPR LGD 2026 Directory snapshot
TS-MDL-4396,TS-MDL-4396-V1,2016-10-11,2022-09-26,false,10 Legacy AP Districts (2014 Telangana State Formation),CONTINUING_IDENTITY,ts_lgd_mandals_2016_v1,G.O.Ms. Nos. 214-245 Rev (2016-10-11); Undivided 2016-2022 statutory baseline
TS-MDL-4396,TS-MDL-4396-V2,2022-09-26,,true,Predecessor Version TS-MDL-4396-V1,CONTINUING_IDENTITY,ts_lgd_mandals_2026_v1,Continuous statutory identity; MoPR LGD 2026 Directory snapshot
TS-MDL-4336,TS-MDL-4336-V1,2016-10-11,2022-09-26,false,10 Legacy AP Districts (2014 Telangana State Formation),CONTINUING_IDENTITY,ts_lgd_mandals_2016_v1,G.O.Ms. Nos. 214-245 Rev (2016-10-11); Undivided 2016-2022 statutory baseline
TS-MDL-4336,TS-MDL-4336-V2,2022-09-26,,true,Predecessor Version TS-MDL-4336-V1,CONTINUING_IDENTITY,ts_lgd_mandals_2026_v1,Continuous statutory identity; MoPR LGD 2026 Directory snapshot
TS-MDL-4751,TS-MDL-4751-V1,2016-10-11,2022-09-26,false,10 Legacy AP Districts (2014 Telangana State Formation),CONTINUING_IDENTITY,ts_lgd_mandals_2016_v1,G.O.Ms. Nos. 214-245 Rev (2016-10-11); Undivided 2016-2022 statutory baseline
TS-MDL-4751,TS-MDL-4751-V2,2022-09-26,,true,Predecessor Version TS-MDL-4751-V1,CONTINUING_IDENTITY,ts_lgd_mandals_2026_v1,Continuous statutory identity; MoPR LGD 2026 Directory snapshot
TS-MDL-4516,TS-MDL-4516-V1,2016-10-11,2022-09-26,false,10 Legacy AP Districts (2014 Telangana State Formation),CONTINUING_IDENTITY,ts_lgd_mandals_2016_v1,G.O.Ms. Nos. 214-245 Rev (2016-10-11); Undivided 2016-2022 statutory baseline
TS-MDL-4516,TS-MDL-4516-V2,2022-09-26,,true,Predecessor Version TS-MDL-4516-V1,CONTINUING_IDENTITY,ts_lgd_mandals_2026_v1,Continuous statutory identity; MoPR LGD 2026 Directory snapshot
TS-MDL-4496,TS-MDL-4496-V1,2016-10-11,2022-09-26,false,10 Legacy AP Districts (2014 Telangana State Formation),CONTINUING_IDENTITY,ts_lgd_mandals_2016_v1,G.O.Ms. Nos. 214-245 Rev (2016-10-11); Undivided 2016-2022 statutory baseline
TS-MDL-4496,TS-MDL-4496-V2,2022-09-26,,true,Predecessor Version TS-MDL-4496-V1,CONTINUING_IDENTITY,ts_lgd_mandals_2026_v1,Continuous statutory identity; MoPR LGD 2026 Directory snapshot
TS-MDL-4624,TS-MDL-4624-V1,2016-10-11,2022-09-26,false,10 Legacy AP Districts (2014 Telangana State Formation),CONTINUING_IDENTITY,ts_lgd_mandals_2016_v1,G.O.Ms. Nos. 214-245 Rev (2016-10-11); Undivided 2016-2022 statutory baseline
TS-MDL-4624,TS-MDL-4624-V2,2022-09-26,,true,Predecessor Version TS-MDL-4624-V1,CONTINUING_IDENTITY,ts_lgd_mandals_2026_v1,Continuous statutory identity; MoPR LGD 2026 Directory snapshot
TS-MDL-4520,TS-MDL-4520-V1,2016-10-11,2022-09-26,false,10 Legacy AP Districts (2014 Telangana State Formation),CONTINUING_IDENTITY,ts_lgd_mandals_2016_v1,G.O.Ms. Nos. 214-245 Rev (2016-10-11); Undivided 2016-2022 statutory baseline
TS-MDL-4520,TS-MDL-4520-V2,2022-09-26,,true,Predecessor Version TS-MDL-4520-V1,CONTINUING_IDENTITY,ts_lgd_mandals_2026_v1,Continuous statutory identity; MoPR LGD 2026 Directory snapshot
TS-MDL-4543,TS-MDL-4543-V1,2016-10-11,2022-09-26,false,10 Legacy AP Districts (2014 Telangana State Formation),CONTINUING_IDENTITY,ts_lgd_mandals_2016_v1,G.O.Ms. Nos. 214-245 Rev (2016-10-11); Undivided 2016-2022 statutory baseline
TS-MDL-4543,TS-MDL-4543-V2,2022-09-26,,true,Predecessor Version TS-MDL-4543-V1,CONTINUING_IDENTITY,ts_lgd_mandals_2026_v1,Continuous statutory identity; MoPR LGD 2026 Directory snapshot
TS-MDL-4376,TS-MDL-4376-V1,2016-10-11,2022-09-26,false,10 Legacy AP Districts (2014 Telangana State Formation),CONTINUING_IDENTITY,ts_lgd_mandals_2016_v1,G.O.Ms. Nos. 214-245 Rev (2016-10-11); Undivided 2016-2022 statutory baseline
TS-MDL-4376,TS-MDL-4376-V2,2022-09-26,,true,Predecessor Version TS-MDL-4376-V1,CONTINUING_IDENTITY,ts_lgd_mandals_2026_v1,Continuous statutory identity; MoPR LGD 2026 Directory snapshot
TS-MDL-4454,TS-MDL-4454-V1,2016-10-11,2022-09-26,false,10 Legacy AP Districts (2014 Telangana State Formation),CONTINUING_IDENTITY,ts_lgd_mandals_2016_v1,G.O.Ms. Nos. 214-245 Rev (2016-10-11); Undivided 2016-2022 statutory baseline
TS-MDL-4454,TS-MDL-4454-V2,2022-09-26,,true,Predecessor Version TS-MDL-4454-V1,CONTINUING_IDENTITY,ts_lgd_mandals_2026_v1,Continuous statutory identity; MoPR LGD 2026 Directory snapshot
TS-MDL-4466,TS-MDL-4466-V1,2016-10-11,2020-09-24,false,10 Legacy AP Districts (2014 Telangana State Formation),Masaipet (LGD 7190),ts_lgd_mandals_2016_v1,G.O.Ms. Nos. 214-245 Rev (2016-10-11); Bifurcated under G.O.Ms. Nos. 108-112 Rev on 2020-09-24
TS-MDL-4466,TS-MDL-4466-V2,2020-09-24,,true,Predecessor Version TS-MDL-4466-V1,Masaipet (LGD 7190),ts_lgd_mandals_2026_v1,Continuing parent territory post-G.O.Ms. 108-112 Rev (2020-09-24); MoPR LGD 2026 Directory
TS-MDL-6281,TS-MDL-6281-V1,2016-10-11,2022-09-26,false,10 Legacy AP Districts (2014 Telangana State Formation),CONTINUING_IDENTITY,ts_lgd_mandals_2016_v1,G.O.Ms. Nos. 214-245 Rev (2016-10-11); Undivided 2016-2022 statutory baseline
TS-MDL-6281,TS-MDL-6281-V2,2022-09-26,,true,Predecessor Version TS-MDL-6281-V1,CONTINUING_IDENTITY,ts_lgd_mandals_2026_v1,Continuous statutory identity; MoPR LGD 2026 Directory snapshot
TS-MDL-4384,TS-MDL-4384-V1,2016-10-11,2022-09-26,false,10 Legacy AP Districts (2014 Telangana State Formation),CONTINUING_IDENTITY,ts_lgd_mandals_2016_v1,G.O.Ms. Nos. 214-245 Rev (2016-10-11); Undivided 2016-2022 statutory baseline
TS-MDL-4384,TS-MDL-4384-V2,2022-09-26,,true,Predecessor Version TS-MDL-4384-V1,CONTINUING_IDENTITY,ts_lgd_mandals_2026_v1,Continuous statutory identity; MoPR LGD 2026 Directory snapshot
TS-MDL-4459,TS-MDL-4459-V1,2016-10-11,2022-09-26,false,10 Legacy AP Districts (2014 Telangana State Formation),CONTINUING_IDENTITY,ts_lgd_mandals_2016_v1,G.O.Ms. Nos. 214-245 Rev (2016-10-11); Undivided 2016-2022 statutory baseline
TS-MDL-4459,TS-MDL-4459-V2,2022-09-26,,true,Predecessor Version TS-MDL-4459-V1,CONTINUING_IDENTITY,ts_lgd_mandals_2026_v1,Continuous statutory identity; MoPR LGD 2026 Directory snapshot
TS-MDL-6304,TS-MDL-6304-V1,2016-10-11,2022-09-26,false,10 Legacy AP Districts (2014 Telangana State Formation),CONTINUING_IDENTITY,ts_lgd_mandals_2016_v1,G.O.Ms. Nos. 214-245 Rev (2016-10-11); Undivided 2016-2022 statutory baseline
TS-MDL-6304,TS-MDL-6304-V2,2022-09-26,,true,Predecessor Version TS-MDL-6304-V1,CONTINUING_IDENTITY,ts_lgd_mandals_2026_v1,Continuous statutory identity; MoPR LGD 2026 Directory snapshot
TS-MDL-6220,TS-MDL-6220-V1,2016-10-11,2022-09-26,false,10 Legacy AP Districts (2014 Telangana State Formation),CONTINUING_IDENTITY,ts_lgd_mandals_2016_v1,G.O.Ms. Nos. 214-245 Rev (2016-10-11); Undivided 2016-2022 statutory baseline
TS-MDL-6220,TS-MDL-6220-V2,2022-09-26,,true,Predecessor Version TS-MDL-6220-V1,CONTINUING_IDENTITY,ts_lgd_mandals_2026_v1,Continuous statutory identity; MoPR LGD 2026 Directory snapshot
TS-MDL-4497,TS-MDL-4497-V1,2016-10-11,2022-09-26,false,10 Legacy AP Districts (2014 Telangana State Formation),CONTINUING_IDENTITY,ts_lgd_mandals_2016_v1,G.O.Ms. Nos. 214-245 Rev (2016-10-11); Undivided 2016-2022 statutory baseline
TS-MDL-4497,TS-MDL-4497-V2,2022-09-26,,true,Predecessor Version TS-MDL-4497-V1,CONTINUING_IDENTITY,ts_lgd_mandals_2026_v1,Continuous statutory identity; MoPR LGD 2026 Directory snapshot
TS-MDL-4578,TS-MDL-4578-V1,2016-10-11,2022-09-26,false,10 Legacy AP Districts (2014 Telangana State Formation),CONTINUING_IDENTITY,ts_lgd_mandals_2016_v1,G.O.Ms. Nos. 214-245 Rev (2016-10-11); Undivided 2016-2022 statutory baseline
TS-MDL-4578,TS-MDL-4578-V2,2022-09-26,,true,Predecessor Version TS-MDL-4578-V1,CONTINUING_IDENTITY,ts_lgd_mandals_2026_v1,Continuous statutory identity; MoPR LGD 2026 Directory snapshot
TS-MDL-4330,TS-MDL-4330-V1,2016-10-11,2022-09-26,false,10 Legacy AP Districts (2014 Telangana State Formation),CONTINUING_IDENTITY,ts_lgd_mandals_2016_v1,G.O.Ms. Nos. 214-245 Rev (2016-10-11); Undivided 2016-2022 statutory baseline
TS-MDL-4330,TS-MDL-4330-V2,2022-09-26,,true,Predecessor Version TS-MDL-4330-V1,CONTINUING_IDENTITY,ts_lgd_mandals_2026_v1,Continuous statutory identity; MoPR LGD 2026 Directory snapshot
TS-MDL-4744,TS-MDL-4744-V1,2016-10-11,2022-09-26,false,10 Legacy AP Districts (2014 Telangana State Formation),CONTINUING_IDENTITY,ts_lgd_mandals_2016_v1,G.O.Ms. Nos. 214-245 Rev (2016-10-11); Undivided 2016-2022 statutory baseline
TS-MDL-4744,TS-MDL-4744-V2,2022-09-26,,true,Predecessor Version TS-MDL-4744-V1,CONTINUING_IDENTITY,ts_lgd_mandals_2026_v1,Continuous statutory identity; MoPR LGD 2026 Directory snapshot
TS-MDL-4435,TS-MDL-4435-V1,2016-10-11,2022-09-26,false,10 Legacy AP Districts (2014 Telangana State Formation),CONTINUING_IDENTITY,ts_lgd_mandals_2016_v1,G.O.Ms. Nos. 214-245 Rev (2016-10-11); Undivided 2016-2022 statutory baseline
TS-MDL-4435,TS-MDL-4435-V2,2022-09-26,,true,Predecessor Version TS-MDL-4435-V1,CONTINUING_IDENTITY,ts_lgd_mandals_2026_v1,Continuous statutory identity; MoPR LGD 2026 Directory snapshot
TS-MDL-6264,TS-MDL-6264-V1,2016-10-11,2022-09-26,false,10 Legacy AP Districts (2014 Telangana State Formation),CONTINUING_IDENTITY,ts_lgd_mandals_2016_v1,G.O.Ms. Nos. 214-245 Rev (2016-10-11); Undivided 2016-2022 statutory baseline
TS-MDL-6264,TS-MDL-6264-V2,2022-09-26,,true,Predecessor Version TS-MDL-6264-V1,CONTINUING_IDENTITY,ts_lgd_mandals_2026_v1,Continuous statutory identity; MoPR LGD 2026 Directory snapshot
TS-MDL-6268,TS-MDL-6268-V1,2016-10-11,2022-09-26,false,10 Legacy AP Districts (2014 Telangana State Formation),CONTINUING_IDENTITY,ts_lgd_mandals_2016_v1,G.O.Ms. Nos. 214-245 Rev (2016-10-11); Undivided 2016-2022 statutory baseline
TS-MDL-6268,TS-MDL-6268-V2,2022-09-26,,true,Predecessor Version TS-MDL-6268-V1,CONTINUING_IDENTITY,ts_lgd_mandals_2026_v1,Continuous statutory identity; MoPR LGD 2026 Directory snapshot
TS-MDL-4660,TS-MDL-4660-V1,2016-10-11,2022-09-26,false,10 Legacy AP Districts (2014 Telangana State Formation),CONTINUING_IDENTITY,ts_lgd_mandals_2016_v1,G.O.Ms. Nos. 214-245 Rev (2016-10-11); Undivided 2016-2022 statutory baseline
TS-MDL-4660,TS-MDL-4660-V2,2022-09-26,,true,Predecessor Version TS-MDL-4660-V1,CONTINUING_IDENTITY,ts_lgd_mandals_2026_v1,Continuous statutory identity; MoPR LGD 2026 Directory snapshot
TS-MDL-4360,TS-MDL-4360-V1,2016-10-11,2022-09-26,false,10 Legacy AP Districts (2014 Telangana State Formation),Aloor (LGD 7528),ts_lgd_mandals_2016_v1,G.O.Ms. Nos. 214-245 Rev (2016-10-11); Bifurcated under G.O.Ms. Nos. 51-68 Rev on 2022-09-26
TS-MDL-4360,TS-MDL-4360-V2,2022-09-26,,true,Predecessor Version TS-MDL-4360-V1,Aloor (LGD 7528),ts_lgd_mandals_2026_v1,Continuing parent territory post-G.O.Ms. 51-68 Rev (2022-09-26); MoPR LGD 2026 Directory
TS-MDL-4319,TS-MDL-4319-V1,2016-10-11,2022-09-26,false,10 Legacy AP Districts (2014 Telangana State Formation),CONTINUING_IDENTITY,ts_lgd_mandals_2016_v1,G.O.Ms. Nos. 214-245 Rev (2016-10-11); Undivided 2016-2022 statutory baseline
TS-MDL-4319,TS-MDL-4319-V2,2022-09-26,,true,Predecessor Version TS-MDL-4319-V1,CONTINUING_IDENTITY,ts_lgd_mandals_2026_v1,Continuous statutory identity; MoPR LGD 2026 Directory snapshot
TS-MDL-6279,TS-MDL-6279-V1,2016-10-11,2022-09-26,false,10 Legacy AP Districts (2014 Telangana State Formation),CONTINUING_IDENTITY,ts_lgd_mandals_2016_v1,G.O.Ms. Nos. 214-245 Rev (2016-10-11); Undivided 2016-2022 statutory baseline
TS-MDL-6279,TS-MDL-6279-V2,2022-09-26,,true,Predecessor Version TS-MDL-6279-V1,CONTINUING_IDENTITY,ts_lgd_mandals_2026_v1,Continuous statutory identity; MoPR LGD 2026 Directory snapshot
TS-MDL-6547,TS-MDL-6547-V1,2016-10-11,2022-09-26,false,10 Legacy AP Districts (2014 Telangana State Formation),CONTINUING_IDENTITY,ts_lgd_mandals_2016_v1,G.O.Ms. Nos. 214-245 Rev (2016-10-11); Undivided 2016-2022 statutory baseline
TS-MDL-6547,TS-MDL-6547-V2,2022-09-26,,true,Predecessor Version TS-MDL-6547-V1,CONTINUING_IDENTITY,ts_lgd_mandals_2026_v1,Continuous statutory identity; MoPR LGD 2026 Directory snapshot
TS-MDL-6224,TS-MDL-6224-V1,2016-10-11,2022-09-26,false,10 Legacy AP Districts (2014 Telangana State Formation),CONTINUING_IDENTITY,ts_lgd_mandals_2016_v1,G.O.Ms. Nos. 214-245 Rev (2016-10-11); Undivided 2016-2022 statutory baseline
TS-MDL-6224,TS-MDL-6224-V2,2022-09-26,,true,Predecessor Version TS-MDL-6224-V1,CONTINUING_IDENTITY,ts_lgd_mandals_2026_v1,Continuous statutory identity; MoPR LGD 2026 Directory snapshot
TS-MDL-4379,TS-MDL-4379-V1,2016-10-11,2022-09-26,false,10 Legacy AP Districts (2014 Telangana State Formation),CONTINUING_IDENTITY,ts_lgd_mandals_2016_v1,G.O.Ms. Nos. 214-245 Rev (2016-10-11); Undivided 2016-2022 statutory baseline
TS-MDL-4379,TS-MDL-4379-V2,2022-09-26,,true,Predecessor Version TS-MDL-4379-V1,CONTINUING_IDENTITY,ts_lgd_mandals_2026_v1,Continuous statutory identity; MoPR LGD 2026 Directory snapshot
TS-MDL-6319,TS-MDL-6319-V1,2016-10-11,2022-09-26,false,10 Legacy AP Districts (2014 Telangana State Formation),CONTINUING_IDENTITY,ts_lgd_mandals_2016_v1,G.O.Ms. Nos. 214-245 Rev (2016-10-11); Undivided 2016-2022 statutory baseline
TS-MDL-6319,TS-MDL-6319-V2,2022-09-26,,true,Predecessor Version TS-MDL-6319-V1,CONTINUING_IDENTITY,ts_lgd_mandals_2026_v1,Continuous statutory identity; MoPR LGD 2026 Directory snapshot
TS-MDL-4579,TS-MDL-4579-V1,2016-10-11,2022-09-26,false,10 Legacy AP Districts (2014 Telangana State Formation),CONTINUING_IDENTITY,ts_lgd_mandals_2016_v1,G.O.Ms. Nos. 214-245 Rev (2016-10-11); Undivided 2016-2022 statutory baseline
TS-MDL-4579,TS-MDL-4579-V2,2022-09-26,,true,Predecessor Version TS-MDL-4579-V1,CONTINUING_IDENTITY,ts_lgd_mandals_2026_v1,Continuous statutory identity; MoPR LGD 2026 Directory snapshot
TS-MDL-4509,TS-MDL-4509-V1,2016-10-11,2022-09-26,false,10 Legacy AP Districts (2014 Telangana State Formation),CONTINUING_IDENTITY,ts_lgd_mandals_2016_v1,G.O.Ms. Nos. 214-245 Rev (2016-10-11); Undivided 2016-2022 statutory baseline
TS-MDL-4509,TS-MDL-4509-V2,2022-09-26,,true,Predecessor Version TS-MDL-4509-V1,CONTINUING_IDENTITY,ts_lgd_mandals_2026_v1,Continuous statutory identity; MoPR LGD 2026 Directory snapshot
TS-MDL-4586,TS-MDL-4586-V1,2016-10-11,2022-09-26,false,10 Legacy AP Districts (2014 Telangana State Formation),CONTINUING_IDENTITY,ts_lgd_mandals_2016_v1,G.O.Ms. Nos. 214-245 Rev (2016-10-11); Undivided 2016-2022 statutory baseline
TS-MDL-4586,TS-MDL-4586-V2,2022-09-26,,true,Predecessor Version TS-MDL-4586-V1,CONTINUING_IDENTITY,ts_lgd_mandals_2026_v1,Continuous statutory identity; MoPR LGD 2026 Directory snapshot
TS-MDL-6309,TS-MDL-6309-V1,2016-10-11,2022-09-26,false,10 Legacy AP Districts (2014 Telangana State Formation),CONTINUING_IDENTITY,ts_lgd_mandals_2016_v1,G.O.Ms. Nos. 214-245 Rev (2016-10-11); Undivided 2016-2022 statutory baseline
TS-MDL-6309,TS-MDL-6309-V2,2022-09-26,,true,Predecessor Version TS-MDL-6309-V1,CONTINUING_IDENTITY,ts_lgd_mandals_2026_v1,Continuous statutory identity; MoPR LGD 2026 Directory snapshot
TS-MDL-6238,TS-MDL-6238-V1,2016-10-11,2022-09-26,false,10 Legacy AP Districts (2014 Telangana State Formation),CONTINUING_IDENTITY,ts_lgd_mandals_2016_v1,G.O.Ms. Nos. 214-245 Rev (2016-10-11); Undivided 2016-2022 statutory baseline
TS-MDL-6238,TS-MDL-6238-V2,2022-09-26,,true,Predecessor Version TS-MDL-6238-V1,CONTINUING_IDENTITY,ts_lgd_mandals_2026_v1,Continuous statutory identity; MoPR LGD 2026 Directory snapshot
TS-MDL-4574,TS-MDL-4574-V1,2016-10-11,2022-09-26,false,10 Legacy AP Districts (2014 Telangana State Formation),CONTINUING_IDENTITY,ts_lgd_mandals_2016_v1,G.O.Ms. Nos. 214-245 Rev (2016-10-11); Undivided 2016-2022 statutory baseline
TS-MDL-4574,TS-MDL-4574-V2,2022-09-26,,true,Predecessor Version TS-MDL-4574-V1,CONTINUING_IDENTITY,ts_lgd_mandals_2026_v1,Continuous statutory identity; MoPR LGD 2026 Directory snapshot
TS-MDL-4682,TS-MDL-4682-V1,2016-10-11,2022-09-26,false,10 Legacy AP Districts (2014 Telangana State Formation),CONTINUING_IDENTITY,ts_lgd_mandals_2016_v1,G.O.Ms. Nos. 214-245 Rev (2016-10-11); Undivided 2016-2022 statutory baseline
TS-MDL-4682,TS-MDL-4682-V2,2022-09-26,,true,Predecessor Version TS-MDL-4682-V1,CONTINUING_IDENTITY,ts_lgd_mandals_2026_v1,Continuous statutory identity; MoPR LGD 2026 Directory snapshot
TS-MDL-4629,TS-MDL-4629-V1,2016-10-11,2022-09-26,false,10 Legacy AP Districts (2014 Telangana State Formation),CONTINUING_IDENTITY,ts_lgd_mandals_2016_v1,G.O.Ms. Nos. 214-245 Rev (2016-10-11); Undivided 2016-2022 statutory baseline
TS-MDL-4629,TS-MDL-4629-V2,2022-09-26,,true,Predecessor Version TS-MDL-4629-V1,CONTINUING_IDENTITY,ts_lgd_mandals_2026_v1,Continuous statutory identity; MoPR LGD 2026 Directory snapshot
TS-MDL-4730,TS-MDL-4730-V1,2016-10-11,2022-09-26,false,10 Legacy AP Districts (2014 Telangana State Formation),CONTINUING_IDENTITY,ts_lgd_mandals_2016_v1,G.O.Ms. Nos. 214-245 Rev (2016-10-11); Undivided 2016-2022 statutory baseline
TS-MDL-4730,TS-MDL-4730-V2,2022-09-26,,true,Predecessor Version TS-MDL-4730-V1,CONTINUING_IDENTITY,ts_lgd_mandals_2026_v1,Continuous statutory identity; MoPR LGD 2026 Directory snapshot
TS-MDL-4339,TS-MDL-4339-V1,2016-10-11,2022-09-26,false,10 Legacy AP Districts (2014 Telangana State Formation),CONTINUING_IDENTITY,ts_lgd_mandals_2016_v1,G.O.Ms. Nos. 214-245 Rev (2016-10-11); Undivided 2016-2022 statutory baseline
TS-MDL-4339,TS-MDL-4339-V2,2022-09-26,,true,Predecessor Version TS-MDL-4339-V1,CONTINUING_IDENTITY,ts_lgd_mandals_2026_v1,Continuous statutory identity; MoPR LGD 2026 Directory snapshot
TS-MDL-4448,TS-MDL-4448-V1,2016-10-11,2022-09-26,false,10 Legacy AP Districts (2014 Telangana State Formation),CONTINUING_IDENTITY,ts_lgd_mandals_2016_v1,G.O.Ms. Nos. 214-245 Rev (2016-10-11); Undivided 2016-2022 statutory baseline
TS-MDL-4448,TS-MDL-4448-V2,2022-09-26,,true,Predecessor Version TS-MDL-4448-V1,CONTINUING_IDENTITY,ts_lgd_mandals_2026_v1,Continuous statutory identity; MoPR LGD 2026 Directory snapshot
TS-MDL-4328,TS-MDL-4328-V1,2016-10-11,2022-09-26,false,10 Legacy AP Districts (2014 Telangana State Formation),CONTINUING_IDENTITY,ts_lgd_mandals_2016_v1,G.O.Ms. Nos. 214-245 Rev (2016-10-11); Undivided 2016-2022 statutory baseline
TS-MDL-4328,TS-MDL-4328-V2,2022-09-26,,true,Predecessor Version TS-MDL-4328-V1,CONTINUING_IDENTITY,ts_lgd_mandals_2026_v1,Continuous statutory identity; MoPR LGD 2026 Directory snapshot
TS-MDL-4655,TS-MDL-4655-V1,2016-10-11,2022-09-26,false,10 Legacy AP Districts (2014 Telangana State Formation),Gattuppal (LGD 7526),ts_lgd_mandals_2016_v1,G.O.Ms. Nos. 214-245 Rev (2016-10-11); Bifurcated under G.O.Ms. Nos. 51-68 Rev on 2022-09-26
TS-MDL-4655,TS-MDL-4655-V2,2022-09-26,,true,Predecessor Version TS-MDL-4655-V1,Gattuppal (LGD 7526),ts_lgd_mandals_2026_v1,Continuing parent territory post-G.O.Ms. 51-68 Rev (2022-09-26); MoPR LGD 2026 Directory
TS-MDL-4529,TS-MDL-4529-V1,2016-10-11,2022-09-26,false,10 Legacy AP Districts (2014 Telangana State Formation),CONTINUING_IDENTITY,ts_lgd_mandals_2016_v1,G.O.Ms. Nos. 214-245 Rev (2016-10-11); Undivided 2016-2022 statutory baseline
TS-MDL-4529,TS-MDL-4529-V2,2022-09-26,,true,Predecessor Version TS-MDL-4529-V1,CONTINUING_IDENTITY,ts_lgd_mandals_2026_v1,Continuous statutory identity; MoPR LGD 2026 Directory snapshot
TS-MDL-4681,TS-MDL-4681-V1,2016-10-11,2022-09-26,false,10 Legacy AP Districts (2014 Telangana State Formation),CONTINUING_IDENTITY,ts_lgd_mandals_2016_v1,G.O.Ms. Nos. 214-245 Rev (2016-10-11); Undivided 2016-2022 statutory baseline
TS-MDL-4681,TS-MDL-4681-V2,2022-09-26,,true,Predecessor Version TS-MDL-4681-V1,CONTINUING_IDENTITY,ts_lgd_mandals_2026_v1,Continuous statutory identity; MoPR LGD 2026 Directory snapshot
TS-MDL-4411,TS-MDL-4411-V1,2016-10-11,2022-09-26,false,10 Legacy AP Districts (2014 Telangana State Formation),CONTINUING_IDENTITY,ts_lgd_mandals_2016_v1,G.O.Ms. Nos. 214-245 Rev (2016-10-11); Undivided 2016-2022 statutory baseline
TS-MDL-4411,TS-MDL-4411-V2,2022-09-26,,true,Predecessor Version TS-MDL-4411-V1,CONTINUING_IDENTITY,ts_lgd_mandals_2026_v1,Continuous statutory identity; MoPR LGD 2026 Directory snapshot
TS-MDL-4677,TS-MDL-4677-V1,2016-10-11,2022-09-26,false,10 Legacy AP Districts (2014 Telangana State Formation),CONTINUING_IDENTITY,ts_lgd_mandals_2016_v1,G.O.Ms. Nos. 214-245 Rev (2016-10-11); Undivided 2016-2022 statutory baseline
TS-MDL-4677,TS-MDL-4677-V2,2022-09-26,,true,Predecessor Version TS-MDL-4677-V1,CONTINUING_IDENTITY,ts_lgd_mandals_2026_v1,Continuous statutory identity; MoPR LGD 2026 Directory snapshot
TS-MDL-4567,TS-MDL-4567-V1,2016-10-11,2022-09-26,false,10 Legacy AP Districts (2014 Telangana State Formation),CONTINUING_IDENTITY,ts_lgd_mandals_2016_v1,G.O.Ms. Nos. 214-245 Rev (2016-10-11); Undivided 2016-2022 statutory baseline
TS-MDL-4567,TS-MDL-4567-V2,2022-09-26,,true,Predecessor Version TS-MDL-4567-V1,CONTINUING_IDENTITY,ts_lgd_mandals_2026_v1,Continuous statutory identity; MoPR LGD 2026 Directory snapshot
TS-MDL-4484,TS-MDL-4484-V1,2016-10-11,2022-09-26,false,10 Legacy AP Districts (2014 Telangana State Formation),Kukunoorpally (LGD 7521),ts_lgd_mandals_2016_v1,G.O.Ms. Nos. 214-245 Rev (2016-10-11); Bifurcated under G.O.Ms. Nos. 51-68 Rev on 2022-09-26
TS-MDL-4484,TS-MDL-4484-V2,2022-09-26,,true,Predecessor Version TS-MDL-4484-V1,Kukunoorpally (LGD 7521),ts_lgd_mandals_2026_v1,Continuing parent territory post-G.O.Ms. 51-68 Rev (2022-09-26); MoPR LGD 2026 Directory
TS-MDL-4453,TS-MDL-4453-V1,2016-10-11,2022-09-26,false,10 Legacy AP Districts (2014 Telangana State Formation),Nizampet (LGD 7535),ts_lgd_mandals_2016_v1,G.O.Ms. Nos. 214-245 Rev (2016-10-11); Bifurcated under G.O.Ms. Nos. 51-68 Rev on 2022-09-26
TS-MDL-4453,TS-MDL-4453-V2,2022-09-26,,true,Predecessor Version TS-MDL-4453-V1,Nizampet (LGD 7535),ts_lgd_mandals_2026_v1,Continuing parent territory post-G.O.Ms. 51-68 Rev (2022-09-26); MoPR LGD 2026 Directory
TS-MDL-4763,TS-MDL-4763-V1,2016-10-11,2022-09-26,false,10 Legacy AP Districts (2014 Telangana State Formation),CONTINUING_IDENTITY,ts_lgd_mandals_2016_v1,G.O.Ms. Nos. 214-245 Rev (2016-10-11); Undivided 2016-2022 statutory baseline
TS-MDL-4763,TS-MDL-4763-V2,2022-09-26,,true,Predecessor Version TS-MDL-4763-V1,CONTINUING_IDENTITY,ts_lgd_mandals_2026_v1,Continuous statutory identity; MoPR LGD 2026 Directory snapshot
TS-MDL-4428,TS-MDL-4428-V1,2016-10-11,2022-09-26,false,10 Legacy AP Districts (2014 Telangana State Formation),CONTINUING_IDENTITY,ts_lgd_mandals_2016_v1,G.O.Ms. Nos. 214-245 Rev (2016-10-11); Undivided 2016-2022 statutory baseline
TS-MDL-4428,TS-MDL-4428-V2,2022-09-26,,true,Predecessor Version TS-MDL-4428-V1,CONTINUING_IDENTITY,ts_lgd_mandals_2026_v1,Continuous statutory identity; MoPR LGD 2026 Directory snapshot
TS-MDL-6284,TS-MDL-6284-V1,2016-10-11,2022-09-26,false,10 Legacy AP Districts (2014 Telangana State Formation),CONTINUING_IDENTITY,ts_lgd_mandals_2016_v1,G.O.Ms. Nos. 214-245 Rev (2016-10-11); Undivided 2016-2022 statutory baseline
TS-MDL-6284,TS-MDL-6284-V2,2022-09-26,,true,Predecessor Version TS-MDL-6284-V1,CONTINUING_IDENTITY,ts_lgd_mandals_2026_v1,Continuous statutory identity; MoPR LGD 2026 Directory snapshot
TS-MDL-4673,TS-MDL-4673-V1,2016-10-11,2020-09-24,false,10 Legacy AP Districts (2014 Telangana State Formation),Dhoolmitta (LGD 7189),ts_lgd_mandals_2016_v1,G.O.Ms. Nos. 214-245 Rev (2016-10-11); Bifurcated under G.O.Ms. Nos. 108-112 Rev on 2020-09-24
TS-MDL-4673,TS-MDL-4673-V2,2020-09-24,,true,Predecessor Version TS-MDL-4673-V1,Dhoolmitta (LGD 7189),ts_lgd_mandals_2026_v1,Continuing parent territory post-G.O.Ms. 108-112 Rev (2020-09-24); MoPR LGD 2026 Directory
TS-MDL-4564,TS-MDL-4564-V1,2016-10-11,2022-09-26,false,10 Legacy AP Districts (2014 Telangana State Formation),CONTINUING_IDENTITY,ts_lgd_mandals_2016_v1,G.O.Ms. Nos. 214-245 Rev (2016-10-11); Undivided 2016-2022 statutory baseline
TS-MDL-4564,TS-MDL-4564-V2,2022-09-26,,true,Predecessor Version TS-MDL-4564-V1,CONTINUING_IDENTITY,ts_lgd_mandals_2026_v1,Continuous statutory identity; MoPR LGD 2026 Directory snapshot
TS-MDL-6312,TS-MDL-6312-V1,2016-10-11,2022-09-26,false,10 Legacy AP Districts (2014 Telangana State Formation),CONTINUING_IDENTITY,ts_lgd_mandals_2016_v1,G.O.Ms. Nos. 214-245 Rev (2016-10-11); Undivided 2016-2022 statutory baseline
TS-MDL-6312,TS-MDL-6312-V2,2022-09-26,,true,Predecessor Version TS-MDL-6312-V1,CONTINUING_IDENTITY,ts_lgd_mandals_2026_v1,Continuous statutory identity; MoPR LGD 2026 Directory snapshot
TS-MDL-4547,TS-MDL-4547-V1,2016-10-11,2022-09-26,false,10 Legacy AP Districts (2014 Telangana State Formation),CONTINUING_IDENTITY,ts_lgd_mandals_2016_v1,G.O.Ms. Nos. 214-245 Rev (2016-10-11); Undivided 2016-2022 statutory baseline
TS-MDL-4547,TS-MDL-4547-V2,2022-09-26,,true,Predecessor Version TS-MDL-4547-V1,CONTINUING_IDENTITY,ts_lgd_mandals_2026_v1,Continuous statutory identity; MoPR LGD 2026 Directory snapshot
TS-MDL-4560,TS-MDL-4560-V1,2016-10-11,2022-09-26,false,10 Legacy AP Districts (2014 Telangana State Formation),CONTINUING_IDENTITY,ts_lgd_mandals_2016_v1,G.O.Ms. Nos. 214-245 Rev (2016-10-11); Undivided 2016-2022 statutory baseline
TS-MDL-4560,TS-MDL-4560-V2,2022-09-26,,true,Predecessor Version TS-MDL-4560-V1,CONTINUING_IDENTITY,ts_lgd_mandals_2026_v1,Continuous statutory identity; MoPR LGD 2026 Directory snapshot
TS-MDL-4362,TS-MDL-4362-V1,2016-10-11,2022-09-26,false,10 Legacy AP Districts (2014 Telangana State Formation),CONTINUING_IDENTITY,ts_lgd_mandals_2016_v1,G.O.Ms. Nos. 214-245 Rev (2016-10-11); Undivided 2016-2022 statutory baseline
TS-MDL-4362,TS-MDL-4362-V2,2022-09-26,,true,Predecessor Version TS-MDL-4362-V1,CONTINUING_IDENTITY,ts_lgd_mandals_2026_v1,Continuous statutory identity; MoPR LGD 2026 Directory snapshot
TS-MDL-4646,TS-MDL-4646-V1,2016-10-11,2022-09-26,false,10 Legacy AP Districts (2014 Telangana State Formation),CONTINUING_IDENTITY,ts_lgd_mandals_2016_v1,G.O.Ms. Nos. 214-245 Rev (2016-10-11); Undivided 2016-2022 statutory baseline
TS-MDL-4646,TS-MDL-4646-V2,2022-09-26,,true,Predecessor Version TS-MDL-4646-V1,CONTINUING_IDENTITY,ts_lgd_mandals_2026_v1,Continuous statutory identity; MoPR LGD 2026 Directory snapshot
TS-MDL-4658,TS-MDL-4658-V1,2016-10-11,2022-09-26,false,10 Legacy AP Districts (2014 Telangana State Formation),CONTINUING_IDENTITY,ts_lgd_mandals_2016_v1,G.O.Ms. Nos. 214-245 Rev (2016-10-11); Undivided 2016-2022 statutory baseline
TS-MDL-4658,TS-MDL-4658-V2,2022-09-26,,true,Predecessor Version TS-MDL-4658-V1,CONTINUING_IDENTITY,ts_lgd_mandals_2026_v1,Continuous statutory identity; MoPR LGD 2026 Directory snapshot
TS-MDL-4594,TS-MDL-4594-V1,2016-10-11,2022-09-26,false,10 Legacy AP Districts (2014 Telangana State Formation),CONTINUING_IDENTITY,ts_lgd_mandals_2016_v1,G.O.Ms. Nos. 214-245 Rev (2016-10-11); Undivided 2016-2022 statutory baseline
TS-MDL-4594,TS-MDL-4594-V2,2022-09-26,,true,Predecessor Version TS-MDL-4594-V1,CONTINUING_IDENTITY,ts_lgd_mandals_2026_v1,Continuous statutory identity; MoPR LGD 2026 Directory snapshot
TS-MDL-4408,TS-MDL-4408-V1,2016-10-11,2022-09-26,false,10 Legacy AP Districts (2014 Telangana State Formation),CONTINUING_IDENTITY,ts_lgd_mandals_2016_v1,G.O.Ms. Nos. 214-245 Rev (2016-10-11); Undivided 2016-2022 statutory baseline
TS-MDL-4408,TS-MDL-4408-V2,2022-09-26,,true,Predecessor Version TS-MDL-4408-V1,CONTINUING_IDENTITY,ts_lgd_mandals_2026_v1,Continuous statutory identity; MoPR LGD 2026 Directory snapshot
TS-MDL-6292,TS-MDL-6292-V1,2016-10-11,2022-09-26,false,10 Legacy AP Districts (2014 Telangana State Formation),CONTINUING_IDENTITY,ts_lgd_mandals_2016_v1,G.O.Ms. Nos. 214-245 Rev (2016-10-11); Undivided 2016-2022 statutory baseline
TS-MDL-6292,TS-MDL-6292-V2,2022-09-26,,true,Predecessor Version TS-MDL-6292-V1,CONTINUING_IDENTITY,ts_lgd_mandals_2026_v1,Continuous statutory identity; MoPR LGD 2026 Directory snapshot
TS-MDL-6299,TS-MDL-6299-V1,2016-10-11,2022-09-26,false,10 Legacy AP Districts (2014 Telangana State Formation),CONTINUING_IDENTITY,ts_lgd_mandals_2016_v1,G.O.Ms. Nos. 214-245 Rev (2016-10-11); Undivided 2016-2022 statutory baseline
TS-MDL-6299,TS-MDL-6299-V2,2022-09-26,,true,Predecessor Version TS-MDL-6299-V1,CONTINUING_IDENTITY,ts_lgd_mandals_2026_v1,Continuous statutory identity; MoPR LGD 2026 Directory snapshot
TS-MDL-6252,TS-MDL-6252-V1,2016-10-11,2022-09-26,false,10 Legacy AP Districts (2014 Telangana State Formation),CONTINUING_IDENTITY,ts_lgd_mandals_2016_v1,G.O.Ms. Nos. 214-245 Rev (2016-10-11); Undivided 2016-2022 statutory baseline
TS-MDL-6252,TS-MDL-6252-V2,2022-09-26,,true,Predecessor Version TS-MDL-6252-V1,CONTINUING_IDENTITY,ts_lgd_mandals_2026_v1,Continuous statutory identity; MoPR LGD 2026 Directory snapshot
TS-MDL-4565,TS-MDL-4565-V1,2016-10-11,2022-09-26,false,10 Legacy AP Districts (2014 Telangana State Formation),CONTINUING_IDENTITY,ts_lgd_mandals_2016_v1,G.O.Ms. Nos. 214-245 Rev (2016-10-11); Undivided 2016-2022 statutory baseline
TS-MDL-4565,TS-MDL-4565-V2,2022-09-26,,true,Predecessor Version TS-MDL-4565-V1,CONTINUING_IDENTITY,ts_lgd_mandals_2026_v1,Continuous statutory identity; MoPR LGD 2026 Directory snapshot
TS-MDL-4690,TS-MDL-4690-V1,2016-10-11,2022-09-26,false,10 Legacy AP Districts (2014 Telangana State Formation),Kothapallygori (LGD 7531),ts_lgd_mandals_2016_v1,G.O.Ms. Nos. 214-245 Rev (2016-10-11); Bifurcated under G.O.Ms. Nos. 51-68 Rev on 2022-09-26
TS-MDL-4690,TS-MDL-4690-V2,2022-09-26,,true,Predecessor Version TS-MDL-4690-V1,Kothapallygori (LGD 7531),ts_lgd_mandals_2026_v1,Continuing parent territory post-G.O.Ms. 51-68 Rev (2022-09-26); MoPR LGD 2026 Directory
TS-MDL-4357,TS-MDL-4357-V1,2016-10-11,2022-09-26,false,10 Legacy AP Districts (2014 Telangana State Formation),CONTINUING_IDENTITY,ts_lgd_mandals_2016_v1,G.O.Ms. Nos. 214-245 Rev (2016-10-11); Undivided 2016-2022 statutory baseline
TS-MDL-4357,TS-MDL-4357-V2,2022-09-26,,true,Predecessor Version TS-MDL-4357-V1,CONTINUING_IDENTITY,ts_lgd_mandals_2026_v1,Continuous statutory identity; MoPR LGD 2026 Directory snapshot
TS-MDL-6286,TS-MDL-6286-V1,2016-10-11,2022-09-26,false,10 Legacy AP Districts (2014 Telangana State Formation),CONTINUING_IDENTITY,ts_lgd_mandals_2016_v1,G.O.Ms. Nos. 214-245 Rev (2016-10-11); Undivided 2016-2022 statutory baseline
TS-MDL-6286,TS-MDL-6286-V2,2022-09-26,,true,Predecessor Version TS-MDL-6286-V1,CONTINUING_IDENTITY,ts_lgd_mandals_2026_v1,Continuous statutory identity; MoPR LGD 2026 Directory snapshot
TS-MDL-4490,TS-MDL-4490-V1,2016-10-11,2022-09-26,false,10 Legacy AP Districts (2014 Telangana State Formation),CONTINUING_IDENTITY,ts_lgd_mandals_2016_v1,G.O.Ms. Nos. 214-245 Rev (2016-10-11); Undivided 2016-2022 statutory baseline
TS-MDL-4490,TS-MDL-4490-V2,2022-09-26,,true,Predecessor Version TS-MDL-4490-V1,CONTINUING_IDENTITY,ts_lgd_mandals_2026_v1,Continuous statutory identity; MoPR LGD 2026 Directory snapshot
TS-MDL-4511,TS-MDL-4511-V1,2016-10-11,2022-09-26,false,10 Legacy AP Districts (2014 Telangana State Formation),CONTINUING_IDENTITY,ts_lgd_mandals_2016_v1,G.O.Ms. Nos. 214-245 Rev (2016-10-11); Undivided 2016-2022 statutory baseline
TS-MDL-4511,TS-MDL-4511-V2,2022-09-26,,true,Predecessor Version TS-MDL-4511-V1,CONTINUING_IDENTITY,ts_lgd_mandals_2026_v1,Continuous statutory identity; MoPR LGD 2026 Directory snapshot
TS-MDL-4767,TS-MDL-4767-V1,2016-10-11,2022-09-26,false,10 Legacy AP Districts (2014 Telangana State Formation),CONTINUING_IDENTITY,ts_lgd_mandals_2016_v1,G.O.Ms. Nos. 214-245 Rev (2016-10-11); Undivided 2016-2022 statutory baseline
TS-MDL-4767,TS-MDL-4767-V2,2022-09-26,,true,Predecessor Version TS-MDL-4767-V1,CONTINUING_IDENTITY,ts_lgd_mandals_2026_v1,Continuous statutory identity; MoPR LGD 2026 Directory snapshot
TS-MDL-4696,TS-MDL-4696-V1,2016-10-11,2022-09-26,false,10 Legacy AP Districts (2014 Telangana State Formation),CONTINUING_IDENTITY,ts_lgd_mandals_2016_v1,G.O.Ms. Nos. 214-245 Rev (2016-10-11); Undivided 2016-2022 statutory baseline
TS-MDL-4696,TS-MDL-4696-V2,2022-09-26,,true,Predecessor Version TS-MDL-4696-V1,CONTINUING_IDENTITY,ts_lgd_mandals_2026_v1,Continuous statutory identity; MoPR LGD 2026 Directory snapshot
TS-MDL-4474,TS-MDL-4474-V1,2016-10-11,2022-09-26,false,10 Legacy AP Districts (2014 Telangana State Formation),CONTINUING_IDENTITY,ts_lgd_mandals_2016_v1,G.O.Ms. Nos. 214-245 Rev (2016-10-11); Undivided 2016-2022 statutory baseline
TS-MDL-4474,TS-MDL-4474-V2,2022-09-26,,true,Predecessor Version TS-MDL-4474-V1,CONTINUING_IDENTITY,ts_lgd_mandals_2026_v1,Continuous statutory identity; MoPR LGD 2026 Directory snapshot
TS-MDL-4691,TS-MDL-4691-V1,2016-10-11,2022-09-26,false,10 Legacy AP Districts (2014 Telangana State Formation),CONTINUING_IDENTITY,ts_lgd_mandals_2016_v1,G.O.Ms. Nos. 214-245 Rev (2016-10-11); Undivided 2016-2022 statutory baseline
TS-MDL-4691,TS-MDL-4691-V2,2022-09-26,,true,Predecessor Version TS-MDL-4691-V1,CONTINUING_IDENTITY,ts_lgd_mandals_2026_v1,Continuous statutory identity; MoPR LGD 2026 Directory snapshot
TS-MDL-4487,TS-MDL-4487-V1,2016-10-11,2022-09-26,false,10 Legacy AP Districts (2014 Telangana State Formation),CONTINUING_IDENTITY,ts_lgd_mandals_2016_v1,G.O.Ms. Nos. 214-245 Rev (2016-10-11); Undivided 2016-2022 statutory baseline
TS-MDL-4487,TS-MDL-4487-V2,2022-09-26,,true,Predecessor Version TS-MDL-4487-V1,CONTINUING_IDENTITY,ts_lgd_mandals_2026_v1,Continuous statutory identity; MoPR LGD 2026 Directory snapshot
TS-MDL-4482,TS-MDL-4482-V1,2016-10-11,2022-09-26,false,10 Legacy AP Districts (2014 Telangana State Formation),CONTINUING_IDENTITY,ts_lgd_mandals_2016_v1,G.O.Ms. Nos. 214-245 Rev (2016-10-11); Undivided 2016-2022 statutory baseline
TS-MDL-4482,TS-MDL-4482-V2,2022-09-26,,true,Predecessor Version TS-MDL-4482-V1,CONTINUING_IDENTITY,ts_lgd_mandals_2026_v1,Continuous statutory identity; MoPR LGD 2026 Directory snapshot
TS-MDL-4530,TS-MDL-4530-V1,2016-10-11,2022-09-26,false,10 Legacy AP Districts (2014 Telangana State Formation),CONTINUING_IDENTITY,ts_lgd_mandals_2016_v1,G.O.Ms. Nos. 214-245 Rev (2016-10-11); Undivided 2016-2022 statutory baseline
TS-MDL-4530,TS-MDL-4530-V2,2022-09-26,,true,Predecessor Version TS-MDL-4530-V1,CONTINUING_IDENTITY,ts_lgd_mandals_2026_v1,Continuous statutory identity; MoPR LGD 2026 Directory snapshot
TS-MDL-4481,TS-MDL-4481-V1,2016-10-11,2020-09-24,false,10 Legacy AP Districts (2014 Telangana State Formation),Masaipet (LGD 7190),ts_lgd_mandals_2016_v1,G.O.Ms. Nos. 214-245 Rev (2016-10-11); Bifurcated under G.O.Ms. Nos. 108-112 Rev on 2020-09-24
TS-MDL-4481,TS-MDL-4481-V2,2020-09-24,,true,Predecessor Version TS-MDL-4481-V1,Masaipet (LGD 7190),ts_lgd_mandals_2026_v1,Continuing parent territory post-G.O.Ms. 108-112 Rev (2020-09-24); MoPR LGD 2026 Directory
TS-MDL-4463,TS-MDL-4463-V1,2016-10-11,2022-09-26,false,10 Legacy AP Districts (2014 Telangana State Formation),CONTINUING_IDENTITY,ts_lgd_mandals_2016_v1,G.O.Ms. Nos. 214-245 Rev (2016-10-11); Undivided 2016-2022 statutory baseline
TS-MDL-4463,TS-MDL-4463-V2,2022-09-26,,true,Predecessor Version TS-MDL-4463-V1,CONTINUING_IDENTITY,ts_lgd_mandals_2026_v1,Continuous statutory identity; MoPR LGD 2026 Directory snapshot
TS-MDL-4619,TS-MDL-4619-V1,2016-10-11,2022-09-26,false,10 Legacy AP Districts (2014 Telangana State Formation),CONTINUING_IDENTITY,ts_lgd_mandals_2016_v1,G.O.Ms. Nos. 214-245 Rev (2016-10-11); Undivided 2016-2022 statutory baseline
TS-MDL-4619,TS-MDL-4619-V2,2022-09-26,,true,Predecessor Version TS-MDL-4619-V1,CONTINUING_IDENTITY,ts_lgd_mandals_2026_v1,Continuous statutory identity; MoPR LGD 2026 Directory snapshot
TS-MDL-6306,TS-MDL-6306-V1,2016-10-11,2022-09-26,false,10 Legacy AP Districts (2014 Telangana State Formation),CONTINUING_IDENTITY,ts_lgd_mandals_2016_v1,G.O.Ms. Nos. 214-245 Rev (2016-10-11); Undivided 2016-2022 statutory baseline
TS-MDL-6306,TS-MDL-6306-V2,2022-09-26,,true,Predecessor Version TS-MDL-6306-V1,CONTINUING_IDENTITY,ts_lgd_mandals_2026_v1,Continuous statutory identity; MoPR LGD 2026 Directory snapshot
TS-MDL-4754,TS-MDL-4754-V1,2016-10-11,2022-09-26,false,10 Legacy AP Districts (2014 Telangana State Formation),CONTINUING_IDENTITY,ts_lgd_mandals_2016_v1,G.O.Ms. Nos. 214-245 Rev (2016-10-11); Undivided 2016-2022 statutory baseline
TS-MDL-4754,TS-MDL-4754-V2,2022-09-26,,true,Predecessor Version TS-MDL-4754-V1,CONTINUING_IDENTITY,ts_lgd_mandals_2026_v1,Continuous statutory identity; MoPR LGD 2026 Directory snapshot
TS-MDL-4333,TS-MDL-4333-V1,2016-10-11,2022-09-26,false,10 Legacy AP Districts (2014 Telangana State Formation),CONTINUING_IDENTITY,ts_lgd_mandals_2016_v1,G.O.Ms. Nos. 214-245 Rev (2016-10-11); Undivided 2016-2022 statutory baseline
TS-MDL-4333,TS-MDL-4333-V2,2022-09-26,,true,Predecessor Version TS-MDL-4333-V1,CONTINUING_IDENTITY,ts_lgd_mandals_2026_v1,Continuous statutory identity; MoPR LGD 2026 Directory snapshot
TS-MDL-6291,TS-MDL-6291-V1,2016-10-11,2022-09-26,false,10 Legacy AP Districts (2014 Telangana State Formation),CONTINUING_IDENTITY,ts_lgd_mandals_2016_v1,G.O.Ms. Nos. 214-245 Rev (2016-10-11); Undivided 2016-2022 statutory baseline
TS-MDL-6291,TS-MDL-6291-V2,2022-09-26,,true,Predecessor Version TS-MDL-6291-V1,CONTINUING_IDENTITY,ts_lgd_mandals_2026_v1,Continuous statutory identity; MoPR LGD 2026 Directory snapshot
TS-MDL-4439,TS-MDL-4439-V1,2016-10-11,2022-09-26,false,10 Legacy AP Districts (2014 Telangana State Formation),CONTINUING_IDENTITY,ts_lgd_mandals_2016_v1,G.O.Ms. Nos. 214-245 Rev (2016-10-11); Undivided 2016-2022 statutory baseline
TS-MDL-4439,TS-MDL-4439-V2,2022-09-26,,true,Predecessor Version TS-MDL-4439-V1,CONTINUING_IDENTITY,ts_lgd_mandals_2026_v1,Continuous statutory identity; MoPR LGD 2026 Directory snapshot
TS-MDL-4314,TS-MDL-4314-V1,2016-10-11,2022-09-26,false,10 Legacy AP Districts (2014 Telangana State Formation),CONTINUING_IDENTITY,ts_lgd_mandals_2016_v1,G.O.Ms. Nos. 214-245 Rev (2016-10-11); Undivided 2016-2022 statutory baseline
TS-MDL-4314,TS-MDL-4314-V2,2022-09-26,,true,Predecessor Version TS-MDL-4314-V1,CONTINUING_IDENTITY,ts_lgd_mandals_2026_v1,Continuous statutory identity; MoPR LGD 2026 Directory snapshot
TS-MDL-4465,TS-MDL-4465-V1,2016-10-11,2022-09-26,false,10 Legacy AP Districts (2014 Telangana State Formation),CONTINUING_IDENTITY,ts_lgd_mandals_2016_v1,G.O.Ms. Nos. 214-245 Rev (2016-10-11); Undivided 2016-2022 statutory baseline
TS-MDL-4465,TS-MDL-4465-V2,2022-09-26,,true,Predecessor Version TS-MDL-4465-V1,CONTINUING_IDENTITY,ts_lgd_mandals_2026_v1,Continuous statutory identity; MoPR LGD 2026 Directory snapshot
TS-MDL-6274,TS-MDL-6274-V1,2016-10-11,2022-09-26,false,10 Legacy AP Districts (2014 Telangana State Formation),CONTINUING_IDENTITY,ts_lgd_mandals_2016_v1,G.O.Ms. Nos. 214-245 Rev (2016-10-11); Undivided 2016-2022 statutory baseline
TS-MDL-6274,TS-MDL-6274-V2,2022-09-26,,true,Predecessor Version TS-MDL-6274-V1,CONTINUING_IDENTITY,ts_lgd_mandals_2026_v1,Continuous statutory identity; MoPR LGD 2026 Directory snapshot
TS-MDL-4467,TS-MDL-4467-V1,2016-10-11,2022-09-26,false,10 Legacy AP Districts (2014 Telangana State Formation),CONTINUING_IDENTITY,ts_lgd_mandals_2016_v1,G.O.Ms. Nos. 214-245 Rev (2016-10-11); Undivided 2016-2022 statutory baseline
TS-MDL-4467,TS-MDL-4467-V2,2022-09-26,,true,Predecessor Version TS-MDL-4467-V1,CONTINUING_IDENTITY,ts_lgd_mandals_2026_v1,Continuous statutory identity; MoPR LGD 2026 Directory snapshot
TS-MDL-4392,TS-MDL-4392-V1,2016-10-11,2022-09-26,false,10 Legacy AP Districts (2014 Telangana State Formation),CONTINUING_IDENTITY,ts_lgd_mandals_2016_v1,G.O.Ms. Nos. 214-245 Rev (2016-10-11); Undivided 2016-2022 statutory baseline
TS-MDL-4392,TS-MDL-4392-V2,2022-09-26,,true,Predecessor Version TS-MDL-4392-V1,CONTINUING_IDENTITY,ts_lgd_mandals_2026_v1,Continuous statutory identity; MoPR LGD 2026 Directory snapshot
TS-MDL-4374,TS-MDL-4374-V1,2016-10-11,2022-09-26,false,10 Legacy AP Districts (2014 Telangana State Formation),CONTINUING_IDENTITY,ts_lgd_mandals_2016_v1,G.O.Ms. Nos. 214-245 Rev (2016-10-11); Undivided 2016-2022 statutory baseline
TS-MDL-4374,TS-MDL-4374-V2,2022-09-26,,true,Predecessor Version TS-MDL-4374-V1,CONTINUING_IDENTITY,ts_lgd_mandals_2026_v1,Continuous statutory identity; MoPR LGD 2026 Directory snapshot
TS-MDL-4375,TS-MDL-4375-V1,2016-10-11,2022-09-26,false,10 Legacy AP Districts (2014 Telangana State Formation),CONTINUING_IDENTITY,ts_lgd_mandals_2016_v1,G.O.Ms. Nos. 214-245 Rev (2016-10-11); Undivided 2016-2022 statutory baseline
TS-MDL-4375,TS-MDL-4375-V2,2022-09-26,,true,Predecessor Version TS-MDL-4375-V1,CONTINUING_IDENTITY,ts_lgd_mandals_2026_v1,Continuous statutory identity; MoPR LGD 2026 Directory snapshot
TS-MDL-4363,TS-MDL-4363-V1,2016-10-11,2022-09-26,false,10 Legacy AP Districts (2014 Telangana State Formation),CONTINUING_IDENTITY,ts_lgd_mandals_2016_v1,G.O.Ms. Nos. 214-245 Rev (2016-10-11); Undivided 2016-2022 statutory baseline
TS-MDL-4363,TS-MDL-4363-V2,2022-09-26,,true,Predecessor Version TS-MDL-4363-V1,CONTINUING_IDENTITY,ts_lgd_mandals_2026_v1,Continuous statutory identity; MoPR LGD 2026 Directory snapshot
TS-MDL-4702,TS-MDL-4702-V1,2016-10-11,2022-09-26,false,10 Legacy AP Districts (2014 Telangana State Formation),CONTINUING_IDENTITY,ts_lgd_mandals_2016_v1,G.O.Ms. Nos. 214-245 Rev (2016-10-11); Undivided 2016-2022 statutory baseline
TS-MDL-4702,TS-MDL-4702-V2,2022-09-26,,true,Predecessor Version TS-MDL-4702-V1,CONTINUING_IDENTITY,ts_lgd_mandals_2026_v1,Continuous statutory identity; MoPR LGD 2026 Directory snapshot
TS-MDL-4351,TS-MDL-4351-V1,2016-10-11,2022-09-26,false,10 Legacy AP Districts (2014 Telangana State Formation),CONTINUING_IDENTITY,ts_lgd_mandals_2016_v1,G.O.Ms. Nos. 214-245 Rev (2016-10-11); Undivided 2016-2022 statutory baseline
TS-MDL-4351,TS-MDL-4351-V2,2022-09-26,,true,Predecessor Version TS-MDL-4351-V1,CONTINUING_IDENTITY,ts_lgd_mandals_2026_v1,Continuous statutory identity; MoPR LGD 2026 Directory snapshot
TS-MDL-6671,TS-MDL-6671-V1,2016-10-11,2022-09-26,false,10 Legacy AP Districts (2014 Telangana State Formation),CONTINUING_IDENTITY,ts_lgd_mandals_2016_v1,G.O.Ms. Nos. 214-245 Rev (2016-10-11); Undivided 2016-2022 statutory baseline
TS-MDL-6671,TS-MDL-6671-V2,2022-09-26,,true,Predecessor Version TS-MDL-6671-V1,CONTINUING_IDENTITY,ts_lgd_mandals_2026_v1,Continuous statutory identity; MoPR LGD 2026 Directory snapshot
TS-MDL-6670,TS-MDL-6670-V1,2016-10-11,2022-09-26,false,10 Legacy AP Districts (2014 Telangana State Formation),CONTINUING_IDENTITY,ts_lgd_mandals_2016_v1,G.O.Ms. Nos. 214-245 Rev (2016-10-11); Undivided 2016-2022 statutory baseline
TS-MDL-6670,TS-MDL-6670-V2,2022-09-26,,true,Predecessor Version TS-MDL-6670-V1,CONTINUING_IDENTITY,ts_lgd_mandals_2026_v1,Continuous statutory identity; MoPR LGD 2026 Directory snapshot
TS-MDL-7186,TS-MDL-7186-V1,2020-09-24,,true,Carved out of Kulkacherla; Nawabpet,ACTIVE_CURRENT_MANDAL,ts_lgd_mandals_2026_v1,"G.O.Ms.No. 108, Revenue (DA-CMRF) Department (effective 2020-09-24); MoPR LGD 2026 Directory"
TS-MDL-7187,TS-MDL-7187-V1,2020-09-24,,true,Carved out of Gandeed,ACTIVE_CURRENT_MANDAL,ts_lgd_mandals_2026_v1,"G.O.Ms.No. 109, Revenue (DA-CMRF) Department (effective 2020-09-24); MoPR LGD 2026 Directory"
TS-MDL-7188,TS-MDL-7188-V1,2020-09-24,,true,Carved out of Pulkal,ACTIVE_CURRENT_MANDAL,ts_lgd_mandals_2026_v1,"G.O.Ms.No. 111, Revenue (DA-CMRF) Department (effective 2020-09-24); MoPR LGD 2026 Directory"
TS-MDL-7189,TS-MDL-7189-V1,2020-09-24,,true,Carved out of Maddur; Cherial,ACTIVE_CURRENT_MANDAL,ts_lgd_mandals_2026_v1,"G.O.Ms.No. 112, Revenue (DA-CMRF) Department (effective 2020-09-24); MoPR LGD 2026 Directory"
TS-MDL-7190,TS-MDL-7190-V1,2020-09-24,,true,Carved out of Chegunta; Yeldurthy,ACTIVE_CURRENT_MANDAL,ts_lgd_mandals_2026_v1,"G.O.Ms.No. 110, Revenue (DA-CMRF) Department (effective 2020-09-24); MoPR LGD 2026 Directory"
TS-MDL-7515,TS-MDL-7515-V1,2023-08-15,,true,Carved out of Jainad,ACTIVE_CURRENT_MANDAL,ts_lgd_mandals_2026_v1,"G.O.Ms.No. 66, Revenue (DA) Department (effective 2023-08-15); MoPR LGD 2026 Directory"
TS-MDL-7516,TS-MDL-7516-V1,2022-09-26,,true,Carved out of Boath; Bazarhathnoor,ACTIVE_CURRENT_MANDAL,ts_lgd_mandals_2026_v1,"G.O.Ms.No. 80, Revenue (DA-CMRF) Department (effective 2022-09-26); MoPR LGD 2026 Directory"
TS-MDL-7517,TS-MDL-7517-V1,2023-06-15,,true,Carved out of Itikyal,ACTIVE_CURRENT_MANDAL,ts_lgd_mandals_2026_v1,"G.O.Ms.No. 48, Revenue (DA) Department (effective 2023-06-15); MoPR LGD 2026 Directory"
TS-MDL-7518,TS-MDL-7518-V1,2022-09-26,,true,Carved out of Kuravi; Mahabubabad,ACTIVE_CURRENT_MANDAL,ts_lgd_mandals_2026_v1,"G.O.Ms.No. 81, Revenue (DA-CMRF) Department (effective 2022-09-26); MoPR LGD 2026 Directory"
TS-MDL-7519,TS-MDL-7519-V1,2023-04-18,,true,Carved out of Machareddy; Ramareddy,ACTIVE_CURRENT_MANDAL,ts_lgd_mandals_2026_v1,"G.O.Ms.No. 31, Revenue (DA) Department (effective 2023-04-18); MoPR LGD 2026 Directory"
TS-MDL-7520,TS-MDL-7520-V1,2023-04-18,,true,Carved out of Gandhari,ACTIVE_CURRENT_MANDAL,ts_lgd_mandals_2026_v1,"G.O.Ms.No. 32, Revenue (DA) Department (effective 2023-04-18); MoPR LGD 2026 Directory"
TS-MDL-7521,TS-MDL-7521-V1,2022-09-26,,true,Carved out of Kondapak; Jagdevpur,ACTIVE_CURRENT_MANDAL,ts_lgd_mandals_2026_v1,"G.O.Ms.No. 82, Revenue (DA-CMRF) Department (effective 2022-09-26); MoPR LGD 2026 Directory"
TS-MDL-7522,TS-MDL-7522-V1,2022-09-26,,true,Carved out of Devarkadra,ACTIVE_CURRENT_MANDAL,ts_lgd_mandals_2026_v1,"G.O.Ms.No. 83, Revenue (DA-CMRF) Department (effective 2022-09-26); MoPR LGD 2026 Directory"
TS-MDL-7523,TS-MDL-7523-V1,2022-09-26,,true,Carved out of Kosgi; Maddur,ACTIVE_CURRENT_MANDAL,ts_lgd_mandals_2026_v1,"G.O.Ms.No. 84, Revenue (DA-CMRF) Department (effective 2022-09-26); MoPR LGD 2026 Directory"
TS-MDL-7524,TS-MDL-7524-V1,2022-09-26,,true,Carved out of Mirdoddi; Dubbak,ACTIVE_CURRENT_MANDAL,ts_lgd_mandals_2026_v1,"G.O.Ms.No. 82, Revenue (DA-CMRF) Department (effective 2022-09-26); MoPR LGD 2026 Directory"
TS-MDL-7525,TS-MDL-7525-V1,2022-09-26,,true,Carved out of Madnoor,ACTIVE_CURRENT_MANDAL,ts_lgd_mandals_2026_v1,"G.O.Ms.No. 81, Revenue (DA-CMRF) Department (effective 2022-09-26); MoPR LGD 2026 Directory"
TS-MDL-7526,TS-MDL-7526-V1,2022-09-26,,true,Carved out of Chandur; Munugode,ACTIVE_CURRENT_MANDAL,ts_lgd_mandals_2026_v1,"G.O.Ms.No. 80, Revenue (DA-CMRF) Department (effective 2022-09-26); MoPR LGD 2026 Directory"
TS-MDL-7527,TS-MDL-7527-V1,2023-03-15,,true,Carved out of Miryalaguda,ACTIVE_CURRENT_MANDAL,ts_lgd_mandals_2026_v1,"G.O.Ms.No. 22, Revenue (DA) Department (effective 2023-03-15); MoPR LGD 2026 Directory"
TS-MDL-7528,TS-MDL-7528-V1,2022-09-26,,true,Carved out of Armoor,ACTIVE_CURRENT_MANDAL,ts_lgd_mandals_2026_v1,"G.O.Ms.No. 83, Revenue (DA-CMRF) Department (effective 2022-09-26); MoPR LGD 2026 Directory"
TS-MDL-7529,TS-MDL-7529-V1,2023-08-15,,true,Carved out of Jainad,ACTIVE_CURRENT_MANDAL,ts_lgd_mandals_2026_v1,"G.O.Ms.No. 65, Revenue (DA) Department (effective 2023-08-15); MoPR LGD 2026 Directory"
TS-MDL-7530,TS-MDL-7530-V1,2022-09-26,,true,Carved out of Nandipet,ACTIVE_CURRENT_MANDAL,ts_lgd_mandals_2026_v1,"G.O.Ms.No. 83, Revenue (DA-CMRF) Department (effective 2022-09-26); MoPR LGD 2026 Directory"
TS-MDL-7531,TS-MDL-7531-V1,2022-09-26,,true,Carved out of Regonda,ACTIVE_CURRENT_MANDAL,ts_lgd_mandals_2026_v1,"G.O.Ms.No. 81, Revenue (DA-CMRF) Department (effective 2022-09-26); MoPR LGD 2026 Directory"
TS-MDL-7532,TS-MDL-7532-V1,2022-09-26,,true,Carved out of Bodhan,ACTIVE_CURRENT_MANDAL,ts_lgd_mandals_2026_v1,"G.O.Ms.No. 83, Revenue (DA-CMRF) Department (effective 2022-09-26); MoPR LGD 2026 Directory"
TS-MDL-7533,TS-MDL-7533-V1,2023-05-12,,true,Carved out of Gopalpet,ACTIVE_CURRENT_MANDAL,ts_lgd_mandals_2026_v1,"G.O.Ms.No. 40, Revenue (DA) Department (effective 2023-05-12); MoPR LGD 2026 Directory"
TS-MDL-7534,TS-MDL-7534-V1,2022-11-22,,true,Carved out of Kotagiri,ACTIVE_CURRENT_MANDAL,ts_lgd_mandals_2026_v1,"G.O.Ms.No. 95, Revenue (DA) Department (effective 2022-11-22); MoPR LGD 2026 Directory"
TS-MDL-7535,TS-MDL-7535-V1,2022-09-26,,true,Carved out of Kalher; Narayankhed,ACTIVE_CURRENT_MANDAL,ts_lgd_mandals_2026_v1,"G.O.Ms.No. 82, Revenue (DA-CMRF) Department (effective 2022-09-26); MoPR LGD 2026 Directory"
TS-MDL-7536,TS-MDL-7536-V1,2023-09-10,,true,Carved out of Mulug,ACTIVE_CURRENT_MANDAL,ts_lgd_mandals_2026_v1,"G.O.Ms.No. 74, Revenue (DA) Department (effective 2023-09-10); MoPR LGD 2026 Directory"
TS-MDL-7537,TS-MDL-7537-V1,2022-09-26,,true,Carved out of Narayanpet,ACTIVE_CURRENT_MANDAL,ts_lgd_mandals_2026_v1,"G.O.Ms.No. 84, Revenue (DA-CMRF) Department (effective 2022-09-26); MoPR LGD 2026 Directory"
TS-MDL-7538,TS-MDL-7538-V1,2022-09-26,,true,Carved out of Kesamudram,ACTIVE_CURRENT_MANDAL,ts_lgd_mandals_2026_v1,"G.O.Ms.No. 81, Revenue (DA-CMRF) Department (effective 2022-09-26); MoPR LGD 2026 Directory"
TS-MDL-7539,TS-MDL-7539-V1,2022-09-26,,true,Carved out of Velgatoor,ACTIVE_CURRENT_MANDAL,ts_lgd_mandals_2026_v1,"G.O.Ms.No. 80, Revenue (DA-CMRF) Department (effective 2022-09-26); MoPR LGD 2026 Directory"
TS-MDL-7540,TS-MDL-7540-V1,2022-09-26,,true,Carved out of Bomraspet; Kodangal,ACTIVE_CURRENT_MANDAL,ts_lgd_mandals_2026_v1,"G.O.Ms.No. 84, Revenue (DA-CMRF) Department (effective 2022-09-26); MoPR LGD 2026 Directory"
TS-MDL-7541,TS-MDL-7541-V1,2022-09-26,,true,Carved out of Medipalli,ACTIVE_CURRENT_MANDAL,ts_lgd_mandals_2026_v1,"G.O.Ms.No. 80, Revenue (DA-CMRF) Department (effective 2022-09-26); MoPR LGD 2026 Directory"
