TGRAC FID,Historical Mandal ID,Version Code,TGRAC Name,Current LGD Name,TGRAC District,LGD Code,Census 2011,Legal valid_from,Legal valid_to,Timeline Status,Geometry Snapshot Date,Geometry Semantic,Predecessor Lineage,Successor(s) Lineage,Lineage Notes,W014 is_current,Primary Dataset Version ID
0,TS-MDL-6310,TS-MDL-6310-V1,Addagudur,Adda Guduru,Yadadri Bhuvanagiri,6310,00000,2016-10-11,2022-09-26,UNDIVIDED_HISTORICAL,2016-10-11,2016-10-11 Statutory Baseline Snapshot (Unmodified throughout 2016-2022 epoch),10 Legacy AP Districts (2014 Telangana State Formation),NONE,Continuous statutory existence without bifurcation,false,ts_lgd_mandals_2016_v1
1,TS-MDL-4306,TS-MDL-4306-V1,Adilabad Urban,Adilabad Urban,Adilabad,4306,04306,2016-10-11,2022-09-26,UNDIVIDED_HISTORICAL,2016-10-11,2016-10-11 Statutory Baseline Snapshot (Unmodified throughout 2016-2022 epoch),10 Legacy AP Districts (2014 Telangana State Formation),NONE,Continuous statutory existence without bifurcation,false,ts_lgd_mandals_2016_v1
2,TS-MDL-6221,TS-MDL-6221-V1,Adilabad Rural,Adilabad Rural,Adilabad,6221,00000,2016-10-11,2022-09-26,UNDIVIDED_HISTORICAL,2016-10-11,2016-10-11 Statutory Baseline Snapshot (Unmodified throughout 2016-2022 epoch),10 Legacy AP Districts (2014 Telangana State Formation),NONE,Continuous statutory existence without bifurcation,false,ts_lgd_mandals_2016_v1
3,TS-MDL-4606,TS-MDL-4606-V1,Aiza,Ieeja,Jogulamba Gadwal,4606,04606,2016-10-11,2022-09-26,UNDIVIDED_HISTORICAL,2016-10-11,2016-10-11 Statutory Baseline Snapshot (Unmodified throughout 2016-2022 epoch),10 Legacy AP Districts (2014 Telangana State Formation),NONE,Continuous statutory existence without bifurcation,false,ts_lgd_mandals_2016_v1
4,TS-MDL-6285,TS-MDL-6285-V1,Akkannapet,Akkannapet,Siddipet,6285,00000,2016-10-11,2022-09-26,UNDIVIDED_HISTORICAL,2016-10-11,2016-10-11 Statutory Baseline Snapshot (Unmodified throughout 2016-2022 epoch),10 Legacy AP Districts (2014 Telangana State Formation),NONE,Continuous statutory existence without bifurcation,false,ts_lgd_mandals_2016_v1
5,TS-MDL-4617,TS-MDL-4617-V1,Alair,Alair,Yadadri Bhuvanagiri,4617,04617,2016-10-11,2022-09-26,UNDIVIDED_HISTORICAL,2016-10-11,2016-10-11 Statutory Baseline Snapshot (Unmodified throughout 2016-2022 epoch),10 Legacy AP Districts (2014 Telangana State Formation),NONE,Continuous statutory existence without bifurcation,false,ts_lgd_mandals_2016_v1
6,TS-MDL-4612,TS-MDL-4612-V1,Alampur,Alampur,Jogulamba Gadwal,4612,04612,2016-10-11,2022-09-26,UNDIVIDED_HISTORICAL,2016-10-11,2016-10-11 Statutory Baseline Snapshot (Unmodified throughout 2016-2022 epoch),10 Legacy AP Districts (2014 Telangana State Formation),NONE,Continuous statutory existence without bifurcation,false,ts_lgd_mandals_2016_v1
7,TS-MDL-4470,TS-MDL-4470-V1,Alladurg,Alladurg,Medak,4470,04470,2016-10-11,2022-09-26,UNDIVIDED_HISTORICAL,2016-10-11,2016-10-11 Statutory Baseline Snapshot (Unmodified throughout 2016-2022 epoch),10 Legacy AP Districts (2014 Telangana State Formation),NONE,Continuous statutory existence without bifurcation,false,ts_lgd_mandals_2016_v1
8,TS-MDL-6267,TS-MDL-6267-V1,Allapalli,Allapalli,Bhadradri Kothagudem,6267,00000,2016-10-11,2022-09-26,UNDIVIDED_HISTORICAL,2016-10-11,2016-10-11 Statutory Baseline Snapshot (Unmodified throughout 2016-2022 epoch),10 Legacy AP Districts (2014 Telangana State Formation),NONE,Continuous statutory existence without bifurcation,false,ts_lgd_mandals_2016_v1
9,TS-MDL-6328,TS-MDL-6328-V1,Alwal,Alwal,Medchal_Malkajgiri,6328,00000,2016-10-11,2022-09-26,UNDIVIDED_HISTORICAL,2016-10-11,2016-10-11 Statutory Baseline Snapshot (Unmodified throughout 2016-2022 epoch),10 Legacy AP Districts (2014 Telangana State Formation),NONE,Continuous statutory existence without bifurcation,false,ts_lgd_mandals_2016_v1
10,TS-MDL-4506,TS-MDL-4506-V1,Asifnagar,Asif Nagar,Hyderabad,4506,04506,2016-10-11,2022-09-26,UNDIVIDED_HISTORICAL,2016-10-11,2016-10-11 Statutory Baseline Snapshot (Unmodified throughout 2016-2022 epoch),10 Legacy AP Districts (2014 Telangana State Formation),NONE,Continuous statutory existence without bifurcation,false,ts_lgd_mandals_2016_v1
11,TS-MDL-4628,TS-MDL-4628-V1,Bhongiri,Bhongir,Yadadri Bhuvanagiri,4628,04628,2016-10-11,2022-09-26,UNDIVIDED_HISTORICAL,2016-10-11,2016-10-11 Statutory Baseline Snapshot (Unmodified throughout 2016-2022 epoch),10 Legacy AP Districts (2014 Telangana State Formation),NONE,Continuous statutory existence without bifurcation,false,ts_lgd_mandals_2016_v1
12,TS-MDL-4315,TS-MDL-4315-V1,Sirpur_T,Sirpur (T),Kumurambheem Asifabad,4315,04315,2016-10-11,2022-09-26,UNDIVIDED_HISTORICAL,2016-10-11,2016-10-11 Statutory Baseline Snapshot (Unmodified throughout 2016-2022 epoch),10 Legacy AP Districts (2014 Telangana State Formation),NONE,Continuous statutory existence without bifurcation,false,ts_lgd_mandals_2016_v1
13,TS-MDL-4563,TS-MDL-4563-V1,Amangal,Amangal,Rangareddy,4563,04563,2016-10-11,2022-09-26,UNDIVIDED_HISTORICAL,2016-10-11,2016-10-11 Statutory Baseline Snapshot (Unmodified throughout 2016-2022 epoch),10 Legacy AP Districts (2014 Telangana State Formation),NONE,Continuous statutory existence without bifurcation,false,ts_lgd_mandals_2016_v1
14,TS-MDL-6290,TS-MDL-6290-V1,Amarchintha,Amarchintha,Wanaparthy,6290,00000,2016-10-11,2022-09-26,UNDIVIDED_HISTORICAL,2016-10-11,2016-10-11 Statutory Baseline Snapshot (Unmodified throughout 2016-2022 epoch),10 Legacy AP Districts (2014 Telangana State Formation),NONE,Continuous statutory existence without bifurcation,false,ts_lgd_mandals_2016_v1
15,TS-MDL-4502,TS-MDL-4502-V1,Amberpet,Amberpet,Hyderabad,4502,04502,2016-10-11,2022-09-26,UNDIVIDED_HISTORICAL,2016-10-11,2016-10-11 Statutory Baseline Snapshot (Unmodified throughout 2016-2022 epoch),10 Legacy AP Districts (2014 Telangana State Formation),NONE,Continuous statutory existence without bifurcation,false,ts_lgd_mandals_2016_v1
16,TS-MDL-4326,TS-MDL-4326-V1,Sirpur_U,Sirpur U,Kumurambheem Asifabad,4326,04326,2016-10-11,2022-09-26,UNDIVIDED_HISTORICAL,2016-10-11,2016-10-11 Statutory Baseline Snapshot (Unmodified throughout 2016-2022 epoch),10 Legacy AP Districts (2014 Telangana State Formation),NONE,Continuous statutory existence without bifurcation,false,ts_lgd_mandals_2016_v1
17,TS-MDL-4508,TS-MDL-4508-V1,Bahadurpura,Bahadurpura,Hyderabad,4508,04508,2016-10-11,2022-09-26,UNDIVIDED_HISTORICAL,2016-10-11,2016-10-11 Statutory Baseline Snapshot (Unmodified throughout 2016-2022 epoch),10 Legacy AP Districts (2014 Telangana State Formation),NONE,Continuous statutory existence without bifurcation,false,ts_lgd_mandals_2016_v1
18,TS-MDL-4557,TS-MDL-4557-V1,Balanagar,Balanagar,Mahabubnagar,4557,04557,2016-10-11,2022-09-26,UNDIVIDED_HISTORICAL,2016-10-11,2016-10-11 Statutory Baseline Snapshot (Unmodified throughout 2016-2022 epoch),10 Legacy AP Districts (2014 Telangana State Formation),NONE,Continuous statutory existence without bifurcation,false,ts_lgd_mandals_2016_v1
19,TS-MDL-6302,TS-MDL-6302-V1,Ananthagiri,Ananthagiri,Suryapet,6302,00000,2016-10-11,2022-09-26,UNDIVIDED_HISTORICAL,2016-10-11,2016-10-11 Statutory Baseline Snapshot (Unmodified throughout 2016-2022 epoch),10 Legacy AP Districts (2014 Telangana State Formation),NONE,Continuous statutory existence without bifurcation,false,ts_lgd_mandals_2016_v1
20,TS-MDL-4479,TS-MDL-4479-V1,Andole,Andole,Sangareddy,4479,04479,2016-10-11,2022-09-26,UNDIVIDED_HISTORICAL,2016-10-11,2016-10-11 Statutory Baseline Snapshot (Unmodified throughout 2016-2022 epoch),10 Legacy AP Districts (2014 Telangana State Formation),NONE,Continuous statutory existence without bifurcation,false,ts_lgd_mandals_2016_v1
21,TS-MDL-4749,TS-MDL-4749-V1,Aswaraopeta,Aswaraopeta,Bhadradri Kothagudem,4749,04749,2016-10-11,2022-09-26,UNDIVIDED_HISTORICAL,2016-10-11,2016-10-11 Statutory Baseline Snapshot (Unmodified throughout 2016-2022 epoch),10 Legacy AP Districts (2014 Telangana State Formation),NONE,Continuous statutory existence without bifurcation,false,ts_lgd_mandals_2016_v1
22,TS-MDL-4626,TS-MDL-4626-V1,Athmakur (M),Atmakur (M),Yadadri Bhuvanagiri,4626,04626,2016-10-11,2022-09-26,UNDIVIDED_HISTORICAL,2016-10-11,2016-10-11 Statutory Baseline Snapshot (Unmodified throughout 2016-2022 epoch),10 Legacy AP Districts (2014 Telangana State Formation),NONE,Continuous statutory existence without bifurcation,false,ts_lgd_mandals_2016_v1
23,TS-MDL-4694,TS-MDL-4694-V1,Atmakur,Athmakur,Warangal_Rural,4694,04694,2016-10-11,2022-09-26,UNDIVIDED_HISTORICAL,2016-10-11,2016-10-11 Statutory Baseline Snapshot (Unmodified throughout 2016-2022 epoch),10 Legacy AP Districts (2014 Telangana State Formation),NONE,Continuous statutory existence without bifurcation,false,ts_lgd_mandals_2016_v1
24,TS-MDL-4622,TS-MDL-4622-V1,Atmakur_S,Atmakur (S),Suryapet,4622,04622,2016-10-11,2022-09-26,UNDIVIDED_HISTORICAL,2016-10-11,2016-10-11 Statutory Baseline Snapshot (Unmodified throughout 2016-2022 epoch),10 Legacy AP Districts (2014 Telangana State Formation),NONE,Continuous statutory existence without bifurcation,false,ts_lgd_mandals_2016_v1
25,TS-MDL-4592,TS-MDL-4592-V1,Atmakur,Atmakur,Wanaparthy,4592,04592,2016-10-11,2022-09-26,UNDIVIDED_HISTORICAL,2016-10-11,2016-10-11 Statutory Baseline Snapshot (Unmodified throughout 2016-2022 epoch),10 Legacy AP Districts (2014 Telangana State Formation),NONE,Continuous statutory existence without bifurcation,false,ts_lgd_mandals_2016_v1
26,TS-MDL-4630,TS-MDL-4630-V1,B.Pochampally,B Pochampally,Yadadri Bhuvanagiri,4630,04630,2016-10-11,2022-09-26,UNDIVIDED_HISTORICAL,2016-10-11,2016-10-11 Statutory Baseline Snapshot (Unmodified throughout 2016-2022 epoch),10 Legacy AP Districts (2014 Telangana State Formation),NONE,Continuous statutory existence without bifurcation,false,ts_lgd_mandals_2016_v1
27,TS-MDL-4517,TS-MDL-4517-V1,Balanagar,Balanagar,Medchal_Malkajgiri,4517,04517,2016-10-11,2022-09-26,UNDIVIDED_HISTORICAL,2016-10-11,2016-10-11 Statutory Baseline Snapshot (Unmodified throughout 2016-2022 epoch),10 Legacy AP Districts (2014 Telangana State Formation),NONE,Continuous statutory existence without bifurcation,false,ts_lgd_mandals_2016_v1
28,TS-MDL-4361,TS-MDL-4361-V1,Balkonda,Balkonda,Nizamabad,4361,04361,2016-10-11,2022-09-26,UNDIVIDED_HISTORICAL,2016-10-11,2016-10-11 Statutory Baseline Snapshot (Unmodified throughout 2016-2022 epoch),10 Legacy AP Districts (2014 Telangana State Formation),NONE,Continuous statutory existence without bifurcation,false,ts_lgd_mandals_2016_v1
29,TS-MDL-4597,TS-MDL-4597-V1,Balmoor,Balmoor,Nagarkurnool,4597,04597,2016-10-11,2022-09-26,UNDIVIDED_HISTORICAL,2016-10-11,2016-10-11 Statutory Baseline Snapshot (Unmodified throughout 2016-2022 epoch),10 Legacy AP Districts (2014 Telangana State Formation),NONE,Continuous statutory existence without bifurcation,false,ts_lgd_mandals_2016_v1
30,TS-MDL-6323,TS-MDL-6323-V1,Balapur,Balapur,Rangareddy,6323,00000,2016-10-11,2022-09-26,UNDIVIDED_HISTORICAL,2016-10-11,2016-10-11 Statutory Baseline Snapshot (Unmodified throughout 2016-2022 epoch),10 Legacy AP Districts (2014 Telangana State Formation),NONE,Continuous statutory existence without bifurcation,false,ts_lgd_mandals_2016_v1
31,TS-MDL-4383,TS-MDL-4383-V1,Banswada,Banswada,Kamareddy,4383,04383,2016-10-11,2022-09-26,UNDIVIDED_HISTORICAL,2016-10-11,2016-10-11 Statutory Baseline Snapshot (Unmodified throughout 2016-2022 epoch),10 Legacy AP Districts (2014 Telangana State Formation),NONE,Continuous statutory existence without bifurcation,false,ts_lgd_mandals_2016_v1
32,TS-MDL-4532,TS-MDL-4532-V1,Bantwaram,Bantwaram,Vikarabad,4532,04532,2016-10-11,2022-09-26,UNDIVIDED_HISTORICAL,2016-10-11,2016-10-11 Statutory Baseline Snapshot (Unmodified throughout 2016-2022 epoch),10 Legacy AP Districts (2014 Telangana State Formation),NONE,Continuous statutory existence without bifurcation,false,ts_lgd_mandals_2016_v1
33,TS-MDL-6205,TS-MDL-6205-V1,Basar,Basar,Nirmal,6205,00000,2016-10-11,2022-09-26,UNDIVIDED_HISTORICAL,2016-10-11,2016-10-11 Statutory Baseline Snapshot (Unmodified throughout 2016-2022 epoch),10 Legacy AP Districts (2014 Telangana State Formation),NONE,Continuous statutory existence without bifurcation,false,ts_lgd_mandals_2016_v1
34,TS-MDL-4742,TS-MDL-4742-V1,Bayyaram,Bayyaram,Mahabubabad,4742,04742,2016-10-11,2022-09-26,UNDIVIDED_HISTORICAL,2016-10-11,2016-10-11 Statutory Baseline Snapshot (Unmodified throughout 2016-2022 epoch),10 Legacy AP Districts (2014 Telangana State Formation),NONE,Continuous statutory existence without bifurcation,false,ts_lgd_mandals_2016_v1
35,TS-MDL-4535,TS-MDL-4535-V1,Basheerabad,Basheerabad,Vikarabad,4535,04535,2016-10-11,2022-09-26,UNDIVIDED_HISTORICAL,2016-10-11,2016-10-11 Statutory Baseline Snapshot (Unmodified throughout 2016-2022 epoch),10 Legacy AP Districts (2014 Telangana State Formation),NONE,Continuous statutory existence without bifurcation,false,ts_lgd_mandals_2016_v1
36,TS-MDL-4437,TS-MDL-4437-V1,Bejjanki,Bejjanki,Siddipet,4437,04437,2016-10-11,2022-09-26,UNDIVIDED_HISTORICAL,2016-10-11,2016-10-11 Statutory Baseline Snapshot (Unmodified throughout 2016-2022 epoch),10 Legacy AP Districts (2014 Telangana State Formation),NONE,Continuous statutory existence without bifurcation,false,ts_lgd_mandals_2016_v1
37,TS-MDL-4323,TS-MDL-4323-V1,Bazarhathnoor,Bazarhatnoor,Adilabad,4323,04323,2016-10-11,2022-09-26,SPLIT_2022_09_26,2016-10-11,2016-10-11 Statutory Baseline Snapshot (Territorial envelope valid until 2022-09-26),10 Legacy AP Districts (2014 Telangana State Formation),Sonala (LGD 7516),Predecessor to Sonala (LGD 7516) formed on 2022-09-26 under G.O.Ms.No. 80,false,ts_lgd_mandals_2016_v1
38,TS-MDL-6212,TS-MDL-6212-V1,Beerpur,Beerpur,Jagtial,6212,00000,2016-10-11,2022-09-26,UNDIVIDED_HISTORICAL,2016-10-11,2016-10-11 Statutory Baseline Snapshot (Unmodified throughout 2016-2022 epoch),10 Legacy AP Districts (2014 Telangana State Formation),NONE,Continuous statutory existence without bifurcation,false,ts_lgd_mandals_2016_v1
39,TS-MDL-4317,TS-MDL-4317-V1,Bejjur,Bejjur,Kumurambheem Asifabad,4317,04317,2016-10-11,2022-09-26,UNDIVIDED_HISTORICAL,2016-10-11,2016-10-11 Statutory Baseline Snapshot (Unmodified throughout 2016-2022 epoch),10 Legacy AP Districts (2014 Telangana State Formation),NONE,Continuous statutory existence without bifurcation,false,ts_lgd_mandals_2016_v1
40,TS-MDL-4308,TS-MDL-4308-V1,Bela,Bela,Adilabad,4308,04308,2016-10-11,2022-09-26,UNDIVIDED_HISTORICAL,2016-10-11,2016-10-11 Statutory Baseline Snapshot (Unmodified throughout 2016-2022 epoch),10 Legacy AP Districts (2014 Telangana State Formation),NONE,Continuous statutory existence without bifurcation,false,ts_lgd_mandals_2016_v1
41,TS-MDL-4364,TS-MDL-4364-V1,Bheemgal,Bheemgal,Nizamabad,4364,04364,2016-10-11,2022-09-26,UNDIVIDED_HISTORICAL,2016-10-11,2016-10-11 Statutory Baseline Snapshot (Unmodified throughout 2016-2022 epoch),10 Legacy AP Districts (2014 Telangana State Formation),NONE,Continuous statutory existence without bifurcation,false,ts_lgd_mandals_2016_v1
42,TS-MDL-4350,TS-MDL-4350-V1,Bellampalle,Bellampally,Mancherial,4350,04350,2016-10-11,2022-09-26,UNDIVIDED_HISTORICAL,2016-10-11,2016-10-11 Statutory Baseline Snapshot (Unmodified throughout 2016-2022 epoch),10 Legacy AP Districts (2014 Telangana State Formation),NONE,Continuous statutory existence without bifurcation,false,ts_lgd_mandals_2016_v1
43,TS-MDL-4587,TS-MDL-4587-V1,Chinna Chinta Kunta,Chinnachintakunta,Mahabubnagar,4587,04587,2016-10-11,2022-09-26,UNDIVIDED_HISTORICAL,2016-10-11,2016-10-11 Statutory Baseline Snapshot (Unmodified throughout 2016-2022 epoch),10 Legacy AP Districts (2014 Telangana State Formation),NONE,Continuous statutory existence without bifurcation,false,ts_lgd_mandals_2016_v1
44,TS-MDL-6228,TS-MDL-6228-V1,Bheemaram,Bheemaram,Mancherial,6228,00000,2016-10-11,2022-09-26,UNDIVIDED_HISTORICAL,2016-10-11,2016-10-11 Statutory Baseline Snapshot (Unmodified throughout 2016-2022 epoch),10 Legacy AP Districts (2014 Telangana State Formation),NONE,Continuous statutory existence without bifurcation,false,ts_lgd_mandals_2016_v1
45,TS-MDL-6223,TS-MDL-6223-V1,Bheempoor,Bheempur,Adilabad,6223,00000,2016-10-11,2022-09-26,UNDIVIDED_HISTORICAL,2016-10-11,2016-10-11 Statutory Baseline Snapshot (Unmodified throughout 2016-2022 epoch),10 Legacy AP Districts (2014 Telangana State Formation),NONE,Continuous statutory existence without bifurcation,false,ts_lgd_mandals_2016_v1
46,TS-MDL-4584,TS-MDL-4584-V1,Bijinapalle,Bijinapally,Nagarkurnool,4584,04584,2016-10-11,2022-09-26,UNDIVIDED_HISTORICAL,2016-10-11,2016-10-11 Statutory Baseline Snapshot (Unmodified throughout 2016-2022 epoch),10 Legacy AP Districts (2014 Telangana State Formation),NONE,Continuous statutory existence without bifurcation,false,ts_lgd_mandals_2016_v1
47,TS-MDL-4370,TS-MDL-4370-V1,Bodhan,Bodhan,Nizamabad,4370,04370,2016-10-11,2022-09-26,SPLIT_2022_09_26,2016-10-11,2016-10-11 Statutory Baseline Snapshot (Territorial envelope valid until 2022-09-26),10 Legacy AP Districts (2014 Telangana State Formation),Saloora (LGD 7532),Predecessor to Saloora (LGD 7532) formed on 2022-09-26 under G.O.Ms.No. 83,false,ts_lgd_mandals_2016_v1
48,TS-MDL-4429,TS-MDL-4429-V1,Boinpalli,Boinpalli,Rajanna Sircilla,4429,04429,2016-10-11,2022-09-26,UNDIVIDED_HISTORICAL,2016-10-11,2016-10-11 Statutory Baseline Snapshot (Unmodified throughout 2016-2022 epoch),10 Legacy AP Districts (2014 Telangana State Formation),NONE,Continuous statutory existence without bifurcation,false,ts_lgd_mandals_2016_v1
49,TS-MDL-4613,TS-MDL-4613-V1,Bommalaramaram,Bommalaramaram,Yadadri Bhuvanagiri,4613,04613,2016-10-11,2022-09-26,UNDIVIDED_HISTORICAL,2016-10-11,2016-10-11 Statutory Baseline Snapshot (Unmodified throughout 2016-2022 epoch),10 Legacy AP Districts (2014 Telangana State Formation),NONE,Continuous statutory existence without bifurcation,false,ts_lgd_mandals_2016_v1
50,TS-MDL-4550,TS-MDL-4550-V1,Bommaraspeta,Bomaraspeta,Vikarabad,4550,04550,2016-10-11,2022-09-26,SPLIT_2022_09_26,2016-10-11,2016-10-11 Statutory Baseline Snapshot (Territorial envelope valid until 2022-09-26),10 Legacy AP Districts (2014 Telangana State Formation),Dudyal (LGD 7540),Predecessor to Dudyal (LGD 7540) formed on 2022-09-26 under G.O.Ms.No. 84,false,ts_lgd_mandals_2016_v1
51,TS-MDL-4765,TS-MDL-4765-V1,Bonakal,Bonakal,Khammam,4765,04765,2016-10-11,2022-09-26,UNDIVIDED_HISTORICAL,2016-10-11,2016-10-11 Statutory Baseline Snapshot (Unmodified throughout 2016-2022 epoch),10 Legacy AP Districts (2014 Telangana State Formation),NONE,Continuous statutory existence without bifurcation,false,ts_lgd_mandals_2016_v1
52,TS-MDL-6209,TS-MDL-6209-V1,Soan,Soan,Nirmal,6209,00000,2016-10-11,2022-09-26,UNDIVIDED_HISTORICAL,2016-10-11,2016-10-11 Statutory Baseline Snapshot (Unmodified throughout 2016-2022 epoch),10 Legacy AP Districts (2014 Telangana State Formation),NONE,Continuous statutory existence without bifurcation,false,ts_lgd_mandals_2016_v1
53,TS-MDL-4391,TS-MDL-4391-V1,Bhiknoor,Bhiknoor,Kamareddy,4391,04391,2016-10-11,2022-09-26,UNDIVIDED_HISTORICAL,2016-10-11,2016-10-11 Statutory Baseline Snapshot (Unmodified throughout 2016-2022 epoch),10 Legacy AP Districts (2014 Telangana State Formation),NONE,Continuous statutory existence without bifurcation,false,ts_lgd_mandals_2016_v1
54,TS-MDL-6242,TS-MDL-6242-V1,Bibipet,Bibipet,Kamareddy,6242,00000,2016-10-11,2022-09-26,UNDIVIDED_HISTORICAL,2016-10-11,2016-10-11 Statutory Baseline Snapshot (Unmodified throughout 2016-2022 epoch),10 Legacy AP Districts (2014 Telangana State Formation),NONE,Continuous statutory existence without bifurcation,false,ts_lgd_mandals_2016_v1
55,TS-MDL-4324,TS-MDL-4324-V1,Boath,Boath,Adilabad,4324,04324,2016-10-11,2022-09-26,SPLIT_2022_09_26,2016-10-11,2016-10-11 Statutory Baseline Snapshot (Territorial envelope valid until 2022-09-26),10 Legacy AP Districts (2014 Telangana State Formation),Sonala (LGD 7516),Predecessor to Sonala (LGD 7516) formed on 2022-09-26 under G.O.Ms.No. 80,false,ts_lgd_mandals_2016_v1
56,TS-MDL-6213,TS-MDL-6213-V1,Buggaram,Buggaram,Jagtial,6213,00000,2016-10-11,2022-09-26,UNDIVIDED_HISTORICAL,2016-10-11,2016-10-11 Statutory Baseline Snapshot (Unmodified throughout 2016-2022 epoch),10 Legacy AP Districts (2014 Telangana State Formation),NONE,Continuous statutory existence without bifurcation,false,ts_lgd_mandals_2016_v1
57,TS-MDL-4460,TS-MDL-4460-V1,Chinnakodur,Chinnakodur,Siddipet,4460,04460,2016-10-11,2022-09-26,UNDIVIDED_HISTORICAL,2016-10-11,2016-10-11 Statutory Baseline Snapshot (Unmodified throughout 2016-2022 epoch),10 Legacy AP Districts (2014 Telangana State Formation),NONE,Continuous statutory existence without bifurcation,false,ts_lgd_mandals_2016_v1
58,TS-MDL-4736,TS-MDL-4736-V1,Burgampadu,Burgampahad,Bhadradri Kothagudem,4736,04736,2016-10-11,2022-09-26,UNDIVIDED_HISTORICAL,2016-10-11,2016-10-11 Statutory Baseline Snapshot (Unmodified throughout 2016-2022 epoch),10 Legacy AP Districts (2014 Telangana State Formation),NONE,Continuous statutory existence without bifurcation,false,ts_lgd_mandals_2016_v1
59,TS-MDL-6265,TS-MDL-6265-V1,Sujathanagar,Sujathanagar,Bhadradri Kothagudem,6265,00000,2016-10-11,2022-09-26,UNDIVIDED_HISTORICAL,2016-10-11,2016-10-11 Statutory Baseline Snapshot (Unmodified throughout 2016-2022 epoch),10 Legacy AP Districts (2014 Telangana State Formation),NONE,Continuous statutory existence without bifurcation,false,ts_lgd_mandals_2016_v1
60,TS-MDL-4652,TS-MDL-4652-V1,Chandampet,Chandampeta,Nalgonda,4652,04652,2016-10-11,2022-09-26,UNDIVIDED_HISTORICAL,2016-10-11,2016-10-11 Statutory Baseline Snapshot (Unmodified throughout 2016-2022 epoch),10 Legacy AP Districts (2014 Telangana State Formation),NONE,Continuous statutory existence without bifurcation,false,ts_lgd_mandals_2016_v1
61,TS-MDL-4747,TS-MDL-4747-V1,Chandrugonda,Chandrugonda,Bhadradri Kothagudem,4747,04747,2016-10-11,2022-09-26,UNDIVIDED_HISTORICAL,2016-10-11,2016-10-11 Statutory Baseline Snapshot (Unmodified throughout 2016-2022 epoch),10 Legacy AP Districts (2014 Telangana State Formation),NONE,Continuous statutory existence without bifurcation,false,ts_lgd_mandals_2016_v1
62,TS-MDL-6293,TS-MDL-6293-V1,Charakonda,Charakonda,Nagarkurnool,6293,00000,2016-10-11,2022-09-26,UNDIVIDED_HISTORICAL,2016-10-11,2016-10-11 Statutory Baseline Snapshot (Unmodified throughout 2016-2022 epoch),10 Legacy AP Districts (2014 Telangana State Formation),NONE,Continuous statutory existence without bifurcation,false,ts_lgd_mandals_2016_v1
63,TS-MDL-4510,TS-MDL-4510-V1,Charminar,Charminar,Hyderabad,4510,04510,2016-10-11,2022-09-26,UNDIVIDED_HISTORICAL,2016-10-11,2016-10-11 Statutory Baseline Snapshot (Unmodified throughout 2016-2022 epoch),10 Legacy AP Districts (2014 Telangana State Formation),NONE,Continuous statutory existence without bifurcation,false,ts_lgd_mandals_2016_v1
64,TS-MDL-4419,TS-MDL-4419-V1,Chendurthi,Chandurthi,Rajanna Sircilla,4419,04419,2016-10-11,2022-09-26,UNDIVIDED_HISTORICAL,2016-10-11,2016-10-11 Statutory Baseline Snapshot (Unmodified throughout 2016-2022 epoch),10 Legacy AP Districts (2014 Telangana State Formation),NONE,Continuous statutory existence without bifurcation,false,ts_lgd_mandals_2016_v1
65,TS-MDL-4633,TS-MDL-4633-V1,Chityal,Chityal,Nalgonda,4633,04633,2016-10-11,2022-09-26,UNDIVIDED_HISTORICAL,2016-10-11,2016-10-11 Statutory Baseline Snapshot (Unmodified throughout 2016-2022 epoch),10 Legacy AP Districts (2014 Telangana State Formation),NONE,Continuous statutory existence without bifurcation,false,ts_lgd_mandals_2016_v1
66,TS-MDL-4639,TS-MDL-4639-V1,Chivvemla,Chivemla,Suryapet,4639,04639,2016-10-11,2022-09-26,UNDIVIDED_HISTORICAL,2016-10-11,2016-10-11 Statutory Baseline Snapshot (Unmodified throughout 2016-2022 epoch),10 Legacy AP Districts (2014 Telangana State Formation),NONE,Continuous statutory existence without bifurcation,false,ts_lgd_mandals_2016_v1
67,TS-MDL-4424,TS-MDL-4424-V1,Choppadandi,Choppadandi,Karimnagar,4424,04424,2016-10-11,2022-09-26,UNDIVIDED_HISTORICAL,2016-10-11,2016-10-11 Statutory Baseline Snapshot (Unmodified throughout 2016-2022 epoch),10 Legacy AP Districts (2014 Telangana State Formation),NONE,Continuous statutory existence without bifurcation,false,ts_lgd_mandals_2016_v1
68,TS-MDL-4631,TS-MDL-4631-V1,Choutuppal,Choutuppal,Yadadri Bhuvanagiri,4631,04631,2016-10-11,2022-09-26,UNDIVIDED_HISTORICAL,2016-10-11,2016-10-11 Statutory Baseline Snapshot (Unmodified throughout 2016-2022 epoch),10 Legacy AP Districts (2014 Telangana State Formation),NONE,Continuous statutory existence without bifurcation,false,ts_lgd_mandals_2016_v1
69,TS-MDL-4712,TS-MDL-4712-V1,Chennaraopet,Chennaraopet,Warangal_Rural,4712,04712,2016-10-11,2022-09-26,UNDIVIDED_HISTORICAL,2016-10-11,2016-10-11 Statutory Baseline Snapshot (Unmodified throughout 2016-2022 epoch),10 Legacy AP Districts (2014 Telangana State Formation),NONE,Continuous statutory existence without bifurcation,false,ts_lgd_mandals_2016_v1
70,TS-MDL-4356,TS-MDL-4356-V1,Chennur,Chennur,Mancherial,4356,04356,2016-10-11,2022-09-26,UNDIVIDED_HISTORICAL,2016-10-11,2016-10-11 Statutory Baseline Snapshot (Unmodified throughout 2016-2022 epoch),10 Legacy AP Districts (2014 Telangana State Formation),NONE,Continuous statutory existence without bifurcation,false,ts_lgd_mandals_2016_v1
71,TS-MDL-4672,TS-MDL-4672-V1,Cherial,Cherial,Siddipet,4672,04672,2016-10-11,2020-09-24,SPLIT_2020_09_24,2016-10-11,2016-10-11 Statutory Baseline Snapshot (Territorial envelope valid until 2020-09-24),10 Legacy AP Districts (2014 Telangana State Formation),Dhoolmitta (LGD 7189),Predecessor to Dhoolmitta (LGD 7189) formed on 2020-09-24 under G.O.Ms.No. 112,false,ts_lgd_mandals_2016_v1
72,TS-MDL-4477,TS-MDL-4477-V1,Munipally,Munipally,Sangareddy,4477,04477,2016-10-11,2022-09-26,UNDIVIDED_HISTORICAL,2016-10-11,2016-10-11 Statutory Baseline Snapshot (Unmodified throughout 2016-2022 epoch),10 Legacy AP Districts (2014 Telangana State Formation),NONE,Continuous statutory existence without bifurcation,false,ts_lgd_mandals_2016_v1
73,TS-MDL-4647,TS-MDL-4647-V1,Munugode,Munugode,Nalgonda,4647,04647,2016-10-11,2022-09-26,SPLIT_2022_09_26,2016-10-11,2016-10-11 Statutory Baseline Snapshot (Territorial envelope valid until 2022-09-26),10 Legacy AP Districts (2014 Telangana State Formation),Gattuppal (LGD 7526),Predecessor to Gattuppal (LGD 7526) formed on 2022-09-26 under G.O.Ms.No. 80,false,ts_lgd_mandals_2016_v1
74,TS-MDL-4726,TS-MDL-4726-V1,Cherla,Cherla,Bhadradri Kothagudem,4726,04726,2016-10-11,2022-09-26,UNDIVIDED_HISTORICAL,2016-10-11,2016-10-11 Statutory Baseline Snapshot (Unmodified throughout 2016-2022 epoch),10 Legacy AP Districts (2014 Telangana State Formation),NONE,Continuous statutory existence without bifurcation,false,ts_lgd_mandals_2016_v1
75,TS-MDL-4442,TS-MDL-4442-V1,Chigurumamidi,Chigurumamidi,Karimnagar,4442,04442,2016-10-11,2022-09-26,UNDIVIDED_HISTORICAL,2016-10-11,2016-10-11 Statutory Baseline Snapshot (Unmodified throughout 2016-2022 epoch),10 Legacy AP Districts (2014 Telangana State Formation),NONE,Continuous statutory existence without bifurcation,false,ts_lgd_mandals_2016_v1
76,TS-MDL-4667,TS-MDL-4667-V1,Chilkur,Chilkur,Suryapet,4667,04667,2016-10-11,2022-09-26,UNDIVIDED_HISTORICAL,2016-10-11,2016-10-11 Statutory Baseline Snapshot (Unmodified throughout 2016-2022 epoch),10 Legacy AP Districts (2014 Telangana State Formation),NONE,Continuous statutory existence without bifurcation,false,ts_lgd_mandals_2016_v1
77,TS-MDL-4434,TS-MDL-4434-V1,Mustabad,Mustabad,Rajanna Sircilla,4434,04434,2016-10-11,2022-09-26,UNDIVIDED_HISTORICAL,2016-10-11,2016-10-11 Statutory Baseline Snapshot (Unmodified throughout 2016-2022 epoch),10 Legacy AP Districts (2014 Telangana State Formation),NONE,Continuous statutory existence without bifurcation,false,ts_lgd_mandals_2016_v1
78,TS-MDL-4329,TS-MDL-4329-V1,Dahegaon,Dahegoan,Kumurambheem Asifabad,4329,04329,2016-10-11,2022-09-26,UNDIVIDED_HISTORICAL,2016-10-11,2016-10-11 Statutory Baseline Snapshot (Unmodified throughout 2016-2022 epoch),10 Legacy AP Districts (2014 Telangana State Formation),NONE,Continuous statutory existence without bifurcation,false,ts_lgd_mandals_2016_v1
79,TS-MDL-4653,TS-MDL-4653-V1,Devarakonda,Devarakonda,Nalgonda,4653,04653,2016-10-11,2022-09-26,UNDIVIDED_HISTORICAL,2016-10-11,2016-10-11 Statutory Baseline Snapshot (Unmodified throughout 2016-2022 epoch),10 Legacy AP Districts (2014 Telangana State Formation),NONE,Continuous statutory existence without bifurcation,false,ts_lgd_mandals_2016_v1
80,TS-MDL-4573,TS-MDL-4573-V1,Devarkadra,Devarakadra,Mahabubnagar,4573,04573,2016-10-11,2022-09-26,SPLIT_2022_09_26,2016-10-11,2016-10-11 Statutory Baseline Snapshot (Territorial envelope valid until 2022-09-26),10 Legacy AP Districts (2014 Telangana State Formation),Koukuntla (LGD 7522),Predecessor to Koukuntla (LGD 7522) formed on 2022-09-26 under G.O.Ms.No. 83,false,ts_lgd_mandals_2016_v1
81,TS-MDL-4701,TS-MDL-4701-V1,Devaruppula,Devaruppula,Jangoan,4701,04701,2016-10-11,2022-09-26,UNDIVIDED_HISTORICAL,2016-10-11,2016-10-11 Statutory Baseline Snapshot (Unmodified throughout 2016-2022 epoch),10 Legacy AP Districts (2014 Telangana State Formation),NONE,Continuous statutory existence without bifurcation,false,ts_lgd_mandals_2016_v1
82,TS-MDL-4768,TS-MDL-4768-V1,Vemsoor,Vemsoor,Khammam,4768,04768,2016-10-11,2022-09-26,UNDIVIDED_HISTORICAL,2016-10-11,2016-10-11 Statutory Baseline Snapshot (Unmodified throughout 2016-2022 epoch),10 Legacy AP Districts (2014 Telangana State Formation),NONE,Continuous statutory existence without bifurcation,false,ts_lgd_mandals_2016_v1
83,TS-MDL-4638,TS-MDL-4638-V1,Suryapet,Suryapet,Suryapet,4638,04638,2016-10-11,2022-09-26,UNDIVIDED_HISTORICAL,2016-10-11,2016-10-11 Statutory Baseline Snapshot (Unmodified throughout 2016-2022 epoch),10 Legacy AP Districts (2014 Telangana State Formation),NONE,Continuous statutory existence without bifurcation,false,ts_lgd_mandals_2016_v1
84,TS-MDL-4687,TS-MDL-4687-V1,Tadvai (Sammakka Sarakka),Tadvai,Mulugu,4687,04687,2016-10-11,2022-09-26,UNDIVIDED_HISTORICAL,2016-10-11,2016-10-11 Statutory Baseline Snapshot (Unmodified throughout 2016-2022 epoch),10 Legacy AP Districts (2014 Telangana State Formation),NONE,Continuous statutory existence without bifurcation,false,ts_lgd_mandals_2016_v1
85,TS-MDL-4389,TS-MDL-4389-V1,Tadwai,Tadwai,Kamareddy,4389,04389,2016-10-11,2022-09-26,UNDIVIDED_HISTORICAL,2016-10-11,2016-10-11 Statutory Baseline Snapshot (Unmodified throughout 2016-2022 epoch),10 Legacy AP Districts (2014 Telangana State Formation),NONE,Continuous statutory existence without bifurcation,false,ts_lgd_mandals_2016_v1
86,TS-MDL-4309,TS-MDL-4309-V1,Talamadugu,Talamadugu,Adilabad,4309,04309,2016-10-11,2022-09-26,UNDIVIDED_HISTORICAL,2016-10-11,2016-10-11 Statutory Baseline Snapshot (Unmodified throughout 2016-2022 epoch),10 Legacy AP Districts (2014 Telangana State Formation),NONE,Continuous statutory existence without bifurcation,false,ts_lgd_mandals_2016_v1
87,TS-MDL-4305,TS-MDL-4305-V1,Tamsi,Tamsi,Adilabad,4305,04305,2016-10-11,2022-09-26,UNDIVIDED_HISTORICAL,2016-10-11,2016-10-11 Statutory Baseline Snapshot (Unmodified throughout 2016-2022 epoch),10 Legacy AP Districts (2014 Telangana State Formation),NONE,Continuous statutory existence without bifurcation,false,ts_lgd_mandals_2016_v1
88,TS-MDL-4332,TS-MDL-4332-V1,Tandur,Tandur,Mancherial,4332,04332,2016-10-11,2022-09-26,UNDIVIDED_HISTORICAL,2016-10-11,2016-10-11 Statutory Baseline Snapshot (Unmodified throughout 2016-2022 epoch),10 Legacy AP Districts (2014 Telangana State Formation),NONE,Continuous statutory existence without bifurcation,false,ts_lgd_mandals_2016_v1
89,TS-MDL-4534,TS-MDL-4534-V1,Tandur,Tandur,Vikarabad,4534,04534,2016-10-11,2022-09-26,UNDIVIDED_HISTORICAL,2016-10-11,2016-10-11 Statutory Baseline Snapshot (Unmodified throughout 2016-2022 epoch),10 Legacy AP Districts (2014 Telangana State Formation),NONE,Continuous statutory existence without bifurcation,false,ts_lgd_mandals_2016_v1
90,TS-MDL-4469,TS-MDL-4469-V1,Tekmal,Tekmal,Medak,4469,04469,2016-10-11,2022-09-26,UNDIVIDED_HISTORICAL,2016-10-11,2016-10-11 Statutory Baseline Snapshot (Unmodified throughout 2016-2022 epoch),10 Legacy AP Districts (2014 Telangana State Formation),NONE,Continuous statutory existence without bifurcation,false,ts_lgd_mandals_2016_v1
91,TS-MDL-4412,TS-MDL-4412-V1,Gollapalli,Gollapalli,Jagtial,4412,04412,2016-10-11,2022-09-26,UNDIVIDED_HISTORICAL,2016-10-11,2016-10-11 Statutory Baseline Snapshot (Unmodified throughout 2016-2022 epoch),10 Legacy AP Districts (2014 Telangana State Formation),NONE,Continuous statutory existence without bifurcation,false,ts_lgd_mandals_2016_v1
92,TS-MDL-4739,TS-MDL-4739-V1,Tekulapalle,Tekulapalli,Bhadradri Kothagudem,4739,04739,2016-10-11,2022-09-26,UNDIVIDED_HISTORICAL,2016-10-11,2016-10-11 Statutory Baseline Snapshot (Unmodified throughout 2016-2022 epoch),10 Legacy AP Districts (2014 Telangana State Formation),NONE,Continuous statutory existence without bifurcation,false,ts_lgd_mandals_2016_v1
93,TS-MDL-6207,TS-MDL-6207-V1,Dasturabad,Dasturabad,Nirmal,6207,00000,2016-10-11,2022-09-26,UNDIVIDED_HISTORICAL,2016-10-11,2016-10-11 Statutory Baseline Snapshot (Unmodified throughout 2016-2022 epoch),10 Legacy AP Districts (2014 Telangana State Formation),NONE,Continuous statutory existence without bifurcation,false,ts_lgd_mandals_2016_v1
94,TS-MDL-6248,TS-MDL-6248-V1,Tekumatla,Tekumatla,Jayashankar Bhupalpally,6248,00000,2016-10-11,2022-09-26,UNDIVIDED_HISTORICAL,2016-10-11,2016-10-11 Statutory Baseline Snapshot (Unmodified throughout 2016-2022 epoch),10 Legacy AP Districts (2014 Telangana State Formation),NONE,Continuous statutory existence without bifurcation,false,ts_lgd_mandals_2016_v1
95,TS-MDL-4531,TS-MDL-4531-V1,Dharoor,Dharur,Vikarabad,4531,04531,2016-10-11,2022-09-26,UNDIVIDED_HISTORICAL,2016-10-11,2016-10-11 Statutory Baseline Snapshot (Unmodified throughout 2016-2022 epoch),10 Legacy AP Districts (2014 Telangana State Formation),NONE,Continuous statutory existence without bifurcation,false,ts_lgd_mandals_2016_v1
96,TS-MDL-4378,TS-MDL-4378-V1,Dharpally,Dharpally,Nizamabad,4378,04378,2016-10-11,2022-09-26,UNDIVIDED_HISTORICAL,2016-10-11,2016-10-11 Statutory Baseline Snapshot (Unmodified throughout 2016-2022 epoch),10 Legacy AP Districts (2014 Telangana State Formation),NONE,Continuous statutory existence without bifurcation,false,ts_lgd_mandals_2016_v1
97,TS-MDL-4377,TS-MDL-4377-V1,Dichpally,Dichpally,Nizamabad,4377,04377,2016-10-11,2022-09-26,UNDIVIDED_HISTORICAL,2016-10-11,2016-10-11 Statutory Baseline Snapshot (Unmodified throughout 2016-2022 epoch),10 Legacy AP Districts (2014 Telangana State Formation),NONE,Continuous statutory existence without bifurcation,false,ts_lgd_mandals_2016_v1
98,TS-MDL-4537,TS-MDL-4537-V1,Doma,Doma,Vikarabad,4537,04537,2016-10-11,2022-09-26,UNDIVIDED_HISTORICAL,2016-10-11,2016-10-11 Statutory Baseline Snapshot (Unmodified throughout 2016-2022 epoch),10 Legacy AP Districts (2014 Telangana State Formation),NONE,Continuous statutory existence without bifurcation,false,ts_lgd_mandals_2016_v1
99,TS-MDL-4740,TS-MDL-4740-V1,Yellandu,Yellandu,Bhadradri Kothagudem,4740,04740,2016-10-11,2022-09-26,UNDIVIDED_HISTORICAL,2016-10-11,2016-10-11 Statutory Baseline Snapshot (Unmodified throughout 2016-2022 epoch),10 Legacy AP Districts (2014 Telangana State Formation),NONE,Continuous statutory existence without bifurcation,false,ts_lgd_mandals_2016_v1
100,TS-MDL-4552,TS-MDL-4552-V1,Doulthabad,Doulathabad,Vikarabad,4552,04552,2016-10-11,2022-09-26,UNDIVIDED_HISTORICAL,2016-10-11,2016-10-11 Statutory Baseline Snapshot (Unmodified throughout 2016-2022 epoch),10 Legacy AP Districts (2014 Telangana State Formation),NONE,Continuous statutory existence without bifurcation,false,ts_lgd_mandals_2016_v1
101,TS-MDL-4458,TS-MDL-4458-V1,Dubbak,Dubbak,Siddipet,4458,04458,2016-10-11,2022-09-26,SPLIT_2022_09_26,2016-10-11,2016-10-11 Statutory Baseline Snapshot (Territorial envelope valid until 2022-09-26),10 Legacy AP Districts (2014 Telangana State Formation),Akberpet-Bhoompally (LGD 7524),Predecessor to Akberpet-Bhoompally (LGD 7524) formed on 2022-09-26 under G.O.Ms.No. 82,false,ts_lgd_mandals_2016_v1
102,TS-MDL-4693,TS-MDL-4693-V1,Duggondi,Duggondi,Warangal_Rural,4693,04693,2016-10-11,2022-09-26,UNDIVIDED_HISTORICAL,2016-10-11,2016-10-11 Statutory Baseline Snapshot (Unmodified throughout 2016-2022 epoch),10 Legacy AP Districts (2014 Telangana State Formation),NONE,Continuous statutory existence without bifurcation,false,ts_lgd_mandals_2016_v1
103,TS-MDL-6217,TS-MDL-6217-V1,Thangallapalli,Thangallapalli,Rajanna Sircilla,6217,00000,2016-10-11,2022-09-26,UNDIVIDED_HISTORICAL,2016-10-11,2016-10-11 Statutory Baseline Snapshot (Unmodified throughout 2016-2022 epoch),10 Legacy AP Districts (2014 Telangana State Formation),NONE,Continuous statutory existence without bifurcation,false,ts_lgd_mandals_2016_v1
104,TS-MDL-6316,TS-MDL-6316-V1,Dundigal Gandimaisamma,Gandimaisamma Dundigal,Medchal_Malkajgiri,6316,00000,2016-10-11,2022-09-26,UNDIVIDED_HISTORICAL,2016-10-11,2016-10-11 Statutory Baseline Snapshot (Unmodified throughout 2016-2022 epoch),10 Legacy AP Districts (2014 Telangana State Formation),NONE,Continuous statutory existence without bifurcation,false,ts_lgd_mandals_2016_v1
105,TS-MDL-4410,TS-MDL-4410-V1,Eligaid,Eligaid,Peddapalli,4410,04410,2016-10-11,2022-09-26,UNDIVIDED_HISTORICAL,2016-10-11,2016-10-11 Statutory Baseline Snapshot (Unmodified throughout 2016-2022 epoch),10 Legacy AP Districts (2014 Telangana State Formation),NONE,Continuous statutory existence without bifurcation,false,ts_lgd_mandals_2016_v1
106,TS-MDL-4449,TS-MDL-4449-V1,Elkathurthi,Elkathurthy,Warangal_Urban,4449,04449,2016-10-11,2022-09-26,UNDIVIDED_HISTORICAL,2016-10-11,2016-10-11 Statutory Baseline Snapshot (Unmodified throughout 2016-2022 epoch),10 Legacy AP Districts (2014 Telangana State Formation),NONE,Continuous statutory existence without bifurcation,false,ts_lgd_mandals_2016_v1
107,TS-MDL-6234,TS-MDL-6234-V1,Ellandakunta,Ellandakunta,Karimnagar,6234,00000,2016-10-11,2022-09-26,UNDIVIDED_HISTORICAL,2016-10-11,2016-10-11 Statutory Baseline Snapshot (Unmodified throughout 2016-2022 epoch),10 Legacy AP Districts (2014 Telangana State Formation),NONE,Continuous statutory existence without bifurcation,false,ts_lgd_mandals_2016_v1
108,TS-MDL-4538,TS-MDL-4538-V1,Gandeed,Gandeed,Mahabubnagar,4538,04538,2016-10-11,2020-09-24,SPLIT_2020_09_24,2016-10-11,2016-10-11 Statutory Baseline Snapshot (Territorial envelope valid until 2020-09-24),10 Legacy AP Districts (2014 Telangana State Formation),Mohammadabad (LGD 7187),Predecessor to Mohammadabad (LGD 7187) formed on 2020-09-24 under G.O.Ms.No. 109,false,ts_lgd_mandals_2016_v1
109,TS-MDL-4382,TS-MDL-4382-V1,Gandhari,Gandhari,Kamareddy,4382,04382,2016-10-11,2022-09-26,UNDIVIDED_HISTORICAL,2016-10-11,2016-10-11 Statutory Baseline Snapshot (Unmodified throughout 2016-2022 epoch),10 Legacy AP Districts (2014 Telangana State Formation),NONE,Continuous statutory existence without bifurcation,false,ts_lgd_mandals_2016_v1
110,TS-MDL-6320,TS-MDL-6320-V1,Gandipet,Gandipet,Rangareddy,6320,00000,2016-10-11,2022-09-26,UNDIVIDED_HISTORICAL,2016-10-11,2016-10-11 Statutory Baseline Snapshot (Unmodified throughout 2016-2022 epoch),10 Legacy AP Districts (2014 Telangana State Formation),NONE,Continuous statutory existence without bifurcation,false,ts_lgd_mandals_2016_v1
111,TS-MDL-4422,TS-MDL-4422-V1,Gangadhara,Gangadhara,Karimnagar,4422,04422,2016-10-11,2022-09-26,UNDIVIDED_HISTORICAL,2016-10-11,2016-10-11 Statutory Baseline Snapshot (Unmodified throughout 2016-2022 epoch),10 Legacy AP Districts (2014 Telangana State Formation),NONE,Continuous statutory existence without bifurcation,false,ts_lgd_mandals_2016_v1
112,TS-MDL-4507,TS-MDL-4507-V1,Golkonda,Golconda,Hyderabad,4507,04507,2016-10-11,2022-09-26,UNDIVIDED_HISTORICAL,2016-10-11,2016-10-11 Statutory Baseline Snapshot (Unmodified throughout 2016-2022 epoch),10 Legacy AP Districts (2014 Telangana State Formation),NONE,Continuous statutory existence without bifurcation,false,ts_lgd_mandals_2016_v1
113,TS-MDL-6668,TS-MDL-6668-V1,Mosra,Mosara,Nizamabad,6668,00000,2016-10-11,2022-09-26,UNDIVIDED_HISTORICAL,2016-10-11,2016-10-11 Statutory Baseline Snapshot (Unmodified throughout 2016-2022 epoch),10 Legacy AP Districts (2014 Telangana State Formation),NONE,Continuous statutory existence without bifurcation,false,ts_lgd_mandals_2016_v1
114,TS-MDL-4559,TS-MDL-4559-V1,Farooqnagar,Farooqnagar,Rangareddy,4559,04559,2016-10-11,2022-09-26,UNDIVIDED_HISTORICAL,2016-10-11,2016-10-11 Statutory Baseline Snapshot (Unmodified throughout 2016-2022 epoch),10 Legacy AP Districts (2014 Telangana State Formation),NONE,Continuous statutory existence without bifurcation,false,ts_lgd_mandals_2016_v1
115,TS-MDL-6257,TS-MDL-6257-V1,Tharigoppula,Tharigoppula,Jangoan,6257,00000,2016-10-11,2022-09-26,UNDIVIDED_HISTORICAL,2016-10-11,2016-10-11 Statutory Baseline Snapshot (Unmodified throughout 2016-2022 epoch),10 Legacy AP Districts (2014 Telangana State Formation),NONE,Continuous statutory existence without bifurcation,false,ts_lgd_mandals_2016_v1
116,TS-MDL-4438,TS-MDL-4438-V1,Thimmapur,Thimmapur LMD,Karimnagar,4438,04438,2016-10-11,2022-09-26,UNDIVIDED_HISTORICAL,2016-10-11,2016-10-11 Statutory Baseline Snapshot (Unmodified throughout 2016-2022 epoch),10 Legacy AP Districts (2014 Telangana State Formation),NONE,Continuous statutory existence without bifurcation,false,ts_lgd_mandals_2016_v1
117,TS-MDL-4603,TS-MDL-4603-V1,Gadwal,Gadwal,Jogulamba Gadwal,4603,04603,2016-10-11,2022-09-26,UNDIVIDED_HISTORICAL,2016-10-11,2016-10-11 Statutory Baseline Snapshot (Unmodified throughout 2016-2022 epoch),10 Legacy AP Districts (2014 Telangana State Formation),NONE,Continuous statutory existence without bifurcation,false,ts_lgd_mandals_2016_v1
118,TS-MDL-4483,TS-MDL-4483-V1,Gajwel,Gajwel,Siddipet,4483,04483,2016-10-11,2022-09-26,UNDIVIDED_HISTORICAL,2016-10-11,2016-10-11 Statutory Baseline Snapshot (Unmodified throughout 2016-2022 epoch),10 Legacy AP Districts (2014 Telangana State Formation),NONE,Continuous statutory existence without bifurcation,false,ts_lgd_mandals_2016_v1
119,TS-MDL-4503,TS-MDL-4503-V1,Himayatnagar,Himayatnagar,Hyderabad,4503,04503,2016-10-11,2022-09-26,UNDIVIDED_HISTORICAL,2016-10-11,2016-10-11 Statutory Baseline Snapshot (Unmodified throughout 2016-2022 epoch),10 Legacy AP Districts (2014 Telangana State Formation),NONE,Continuous statutory existence without bifurcation,false,ts_lgd_mandals_2016_v1
120,TS-MDL-4432,TS-MDL-4432-V1,Yellareddypet,Yellareddipet,Rajanna Sircilla,4432,04432,2016-10-11,2022-09-26,UNDIVIDED_HISTORICAL,2016-10-11,2016-10-11 Statutory Baseline Snapshot (Unmodified throughout 2016-2022 epoch),10 Legacy AP Districts (2014 Telangana State Formation),NONE,Continuous statutory existence without bifurcation,false,ts_lgd_mandals_2016_v1
121,TS-MDL-6259,TS-MDL-6259-V1,Chilpur,Chilpur,Jangoan,6259,00000,2016-10-11,2022-09-26,UNDIVIDED_HISTORICAL,2016-10-11,2016-10-11 Statutory Baseline Snapshot (Unmodified throughout 2016-2022 epoch),10 Legacy AP Districts (2014 Telangana State Formation),NONE,Continuous statutory existence without bifurcation,false,ts_lgd_mandals_2016_v1
122,TS-MDL-6254,TS-MDL-6254-V1,Chinnagudur,Chinnagudur,Mahabubabad,6254,00000,2016-10-11,2022-09-26,UNDIVIDED_HISTORICAL,2016-10-11,2016-10-11 Statutory Baseline Snapshot (Unmodified throughout 2016-2022 epoch),10 Legacy AP Districts (2014 Telangana State Formation),NONE,Continuous statutory existence without bifurcation,false,ts_lgd_mandals_2016_v1
123,TS-MDL-6232,TS-MDL-6232-V1,Ganneruvaram,Ganneruvaram,Karimnagar,6232,00000,2016-10-11,2022-09-26,UNDIVIDED_HISTORICAL,2016-10-11,2016-10-11 Statutory Baseline Snapshot (Unmodified throughout 2016-2022 epoch),10 Legacy AP Districts (2014 Telangana State Formation),NONE,Continuous statutory existence without bifurcation,false,ts_lgd_mandals_2016_v1
124,TS-MDL-4666,TS-MDL-4666-V1,Garidepalli,Garidepally,Suryapet,4666,04666,2016-10-11,2022-09-26,UNDIVIDED_HISTORICAL,2016-10-11,2016-10-11 Statutory Baseline Snapshot (Unmodified throughout 2016-2022 epoch),10 Legacy AP Districts (2014 Telangana State Formation),NONE,Continuous statutory existence without bifurcation,false,ts_lgd_mandals_2016_v1
125,TS-MDL-4743,TS-MDL-4743-V1,Garla,Garla,Mahabubabad,4743,04743,2016-10-11,2022-09-26,UNDIVIDED_HISTORICAL,2016-10-11,2016-10-11 Statutory Baseline Snapshot (Unmodified throughout 2016-2022 epoch),10 Legacy AP Districts (2014 Telangana State Formation),NONE,Continuous statutory existence without bifurcation,false,ts_lgd_mandals_2016_v1
126,TS-MDL-4707,TS-MDL-4707-V1,Geesugonda,Geesugonda,Warangal_Rural,4707,04707,2016-10-11,2022-09-26,UNDIVIDED_HISTORICAL,2016-10-11,2016-10-11 Statutory Baseline Snapshot (Unmodified throughout 2016-2022 epoch),10 Legacy AP Districts (2014 Telangana State Formation),NONE,Continuous statutory existence without bifurcation,false,ts_lgd_mandals_2016_v1
127,TS-MDL-6287,TS-MDL-6287-V1,Chinnambavi,Chinnambavi,Wanaparthy,6287,00000,2016-10-11,2022-09-26,UNDIVIDED_HISTORICAL,2016-10-11,2016-10-11 Statutory Baseline Snapshot (Unmodified throughout 2016-2022 epoch),10 Legacy AP Districts (2014 Telangana State Formation),NONE,Continuous statutory existence without bifurcation,false,ts_lgd_mandals_2016_v1
128,TS-MDL-4585,TS-MDL-4585-V1,Ghanpur,Ghanpur,Wanaparthy,4585,04585,2016-10-11,2022-09-26,UNDIVIDED_HISTORICAL,2016-10-11,2016-10-11 Statutory Baseline Snapshot (Unmodified throughout 2016-2022 epoch),10 Legacy AP Districts (2014 Telangana State Formation),NONE,Continuous statutory existence without bifurcation,false,ts_lgd_mandals_2016_v1
129,TS-MDL-4760,TS-MDL-4760-V1,Chintakani,Chinthakani,Khammam,4760,04760,2016-10-11,2022-09-26,UNDIVIDED_HISTORICAL,2016-10-11,2016-10-11 Statutory Baseline Snapshot (Unmodified throughout 2016-2022 epoch),10 Legacy AP Districts (2014 Telangana State Formation),NONE,Continuous statutory existence without bifurcation,false,ts_lgd_mandals_2016_v1
130,TS-MDL-6314,TS-MDL-6314-V1,Chintalamanepally,Chintalamanepally,Kumurambheem Asifabad,6314,00000,2016-10-11,2022-09-26,UNDIVIDED_HISTORICAL,2016-10-11,2016-10-11 Statutory Baseline Snapshot (Unmodified throughout 2016-2022 epoch),10 Legacy AP Districts (2014 Telangana State Formation),NONE,Continuous statutory existence without bifurcation,false,ts_lgd_mandals_2016_v1
131,TS-MDL-4605,TS-MDL-4605-V1,Ghattu,Ghattu,Jogulamba Gadwal,4605,04605,2016-10-11,2022-09-26,UNDIVIDED_HISTORICAL,2016-10-11,2016-10-11 Statutory Baseline Snapshot (Unmodified throughout 2016-2022 epoch),10 Legacy AP Districts (2014 Telangana State Formation),NONE,Continuous statutory existence without bifurcation,false,ts_lgd_mandals_2016_v1
132,TS-MDL-6303,TS-MDL-6303-V1,Chinthala palem,Chinthalapalem,Suryapet,6303,00000,2016-10-11,2022-09-26,UNDIVIDED_HISTORICAL,2016-10-11,2016-10-11 Statutory Baseline Snapshot (Unmodified throughout 2016-2022 epoch),10 Legacy AP Districts (2014 Telangana State Formation),NONE,Continuous statutory existence without bifurcation,false,ts_lgd_mandals_2016_v1
133,TS-MDL-4650,TS-MDL-4650-V1,Chinthapally,Chinthapally,Nalgonda,4650,04650,2016-10-11,2022-09-26,UNDIVIDED_HISTORICAL,2016-10-11,2016-10-11 Statutory Baseline Snapshot (Unmodified throughout 2016-2022 epoch),10 Legacy AP Districts (2014 Telangana State Formation),NONE,Continuous statutory existence without bifurcation,false,ts_lgd_mandals_2016_v1
134,TS-MDL-6322,TS-MDL-6322-V1,Chowdergudem,Jilled Chowdergudem,Rangareddy,6322,00000,2016-10-11,2022-09-26,UNDIVIDED_HISTORICAL,2016-10-11,2016-10-11 Statutory Baseline Snapshot (Unmodified throughout 2016-2022 epoch),10 Legacy AP Districts (2014 Telangana State Formation),NONE,Continuous statutory existence without bifurcation,false,ts_lgd_mandals_2016_v1
135,TS-MDL-6376,TS-MDL-6376-V1,Chunchupally,Chunchupalli,Bhadradri Kothagudem,6376,00000,2016-10-11,2022-09-26,UNDIVIDED_HISTORICAL,2016-10-11,2016-10-11 Statutory Baseline Snapshot (Unmodified throughout 2016-2022 epoch),10 Legacy AP Districts (2014 Telangana State Formation),NONE,Continuous statutory existence without bifurcation,false,ts_lgd_mandals_2016_v1
136,TS-MDL-4663,TS-MDL-4663-V1,Damaracherla,Dameracherla,Nalgonda,4663,04663,2016-10-11,2022-09-26,UNDIVIDED_HISTORICAL,2016-10-11,2016-10-11 Statutory Baseline Snapshot (Unmodified throughout 2016-2022 epoch),10 Legacy AP Districts (2014 Telangana State Formation),NONE,Continuous statutory existence without bifurcation,false,ts_lgd_mandals_2016_v1
137,TS-MDL-4553,TS-MDL-4553-V1,Damargidda,Damargidda,Narayanpet,4553,04553,2016-10-11,2022-09-26,UNDIVIDED_HISTORICAL,2016-10-11,2016-10-11 Statutory Baseline Snapshot (Unmodified throughout 2016-2022 epoch),10 Legacy AP Districts (2014 Telangana State Formation),NONE,Continuous statutory existence without bifurcation,false,ts_lgd_mandals_2016_v1
138,TS-MDL-6277,TS-MDL-6277-V1,Gummadidala,Gummadidala,Sangareddy,6277,00000,2016-10-11,2022-09-26,UNDIVIDED_HISTORICAL,2016-10-11,2016-10-11 Statutory Baseline Snapshot (Unmodified throughout 2016-2022 epoch),10 Legacy AP Districts (2014 Telangana State Formation),NONE,Continuous statutory existence without bifurcation,false,ts_lgd_mandals_2016_v1
139,TS-MDL-6375,TS-MDL-6375-V1,Damera,Damera,Warangal_Rural,6375,00000,2016-10-11,2022-09-26,UNDIVIDED_HISTORICAL,2016-10-11,2016-10-11 Statutory Baseline Snapshot (Unmodified throughout 2016-2022 epoch),10 Legacy AP Districts (2014 Telangana State Formation),NONE,Continuous statutory existence without bifurcation,false,ts_lgd_mandals_2016_v1
140,TS-MDL-4576,TS-MDL-4576-V1,Kalwakurthy,Kalwakurthy,Nagarkurnool,4576,04576,2016-10-11,2022-09-26,UNDIVIDED_HISTORICAL,2016-10-11,2016-10-11 Statutory Baseline Snapshot (Unmodified throughout 2016-2022 epoch),10 Legacy AP Districts (2014 Telangana State Formation),NONE,Continuous statutory existence without bifurcation,false,ts_lgd_mandals_2016_v1
141,TS-MDL-4447,TS-MDL-4447-V1,Kamalapur,Kamalapur,Warangal_Urban,4447,04447,2016-10-11,2022-09-26,UNDIVIDED_HISTORICAL,2016-10-11,2016-10-11 Statutory Baseline Snapshot (Unmodified throughout 2016-2022 epoch),10 Legacy AP Districts (2014 Telangana State Formation),NONE,Continuous statutory existence without bifurcation,false,ts_lgd_mandals_2016_v1
142,TS-MDL-6239,TS-MDL-6239-V1,Yergatla,Yergatla,Nizamabad,6239,00000,2016-10-11,2022-09-26,UNDIVIDED_HISTORICAL,2016-10-11,2016-10-11 Statutory Baseline Snapshot (Unmodified throughout 2016-2022 epoch),10 Legacy AP Districts (2014 Telangana State Formation),NONE,Continuous statutory existence without bifurcation,false,ts_lgd_mandals_2016_v1
143,TS-MDL-6669,TS-MDL-6669-V1,Chandur,Chandur,Nizamabad,6669,00000,2016-10-11,2022-09-26,UNDIVIDED_HISTORICAL,2016-10-11,2016-10-11 Statutory Baseline Snapshot (Unmodified throughout 2016-2022 epoch),10 Legacy AP Districts (2014 Telangana State Formation),NONE,Continuous statutory existence without bifurcation,false,ts_lgd_mandals_2016_v1
144,TS-MDL-4555,TS-MDL-4555-V1,Hanwada,Hanwada,Mahabubnagar,4555,04555,2016-10-11,2022-09-26,UNDIVIDED_HISTORICAL,2016-10-11,2016-10-11 Statutory Baseline Snapshot (Unmodified throughout 2016-2022 epoch),10 Legacy AP Districts (2014 Telangana State Formation),NONE,Continuous statutory existence without bifurcation,false,ts_lgd_mandals_2016_v1
145,TS-MDL-4678,TS-MDL-4678-V1,Hasanparthy,Hasanparthy,Warangal_Urban,4678,04678,2016-10-11,2022-09-26,UNDIVIDED_HISTORICAL,2016-10-11,2016-10-11 Statutory Baseline Snapshot (Unmodified throughout 2016-2022 epoch),10 Legacy AP Districts (2014 Telangana State Formation),NONE,Continuous statutory existence without bifurcation,false,ts_lgd_mandals_2016_v1
146,TS-MDL-4489,TS-MDL-4489-V1,Hathnoora,Hathnoora,Sangareddy,4489,04489,2016-10-11,2022-09-26,UNDIVIDED_HISTORICAL,2016-10-11,2016-10-11 Statutory Baseline Snapshot (Unmodified throughout 2016-2022 epoch),10 Legacy AP Districts (2014 Telangana State Formation),NONE,Continuous statutory existence without bifurcation,false,ts_lgd_mandals_2016_v1
147,TS-MDL-4598,TS-MDL-4598-V1,Lingal,Lingal,Nagarkurnool,4598,04598,2016-10-11,2022-09-26,UNDIVIDED_HISTORICAL,2016-10-11,2016-10-11 Statutory Baseline Snapshot (Unmodified throughout 2016-2022 epoch),10 Legacy AP Districts (2014 Telangana State Formation),NONE,Continuous statutory existence without bifurcation,false,ts_lgd_mandals_2016_v1
148,TS-MDL-4750,TS-MDL-4750-V1,Dammapeta,Dammapeta,Bhadradri Kothagudem,4750,04750,2016-10-11,2022-09-26,UNDIVIDED_HISTORICAL,2016-10-11,2016-10-11 Statutory Baseline Snapshot (Unmodified throughout 2016-2022 epoch),10 Legacy AP Districts (2014 Telangana State Formation),NONE,Continuous statutory existence without bifurcation,false,ts_lgd_mandals_2016_v1
149,TS-MDL-4348,TS-MDL-4348-V1,Dandepalle,Dandepally,Mancherial,4348,04348,2016-10-11,2022-09-26,UNDIVIDED_HISTORICAL,2016-10-11,2016-10-11 Statutory Baseline Snapshot (Unmodified throughout 2016-2022 epoch),10 Legacy AP Districts (2014 Telangana State Formation),NONE,Continuous statutory existence without bifurcation,false,ts_lgd_mandals_2016_v1
150,TS-MDL-6255,TS-MDL-6255-V1,Danthalapalle,Danthalapalle,Mahabubabad,6255,00000,2016-10-11,2022-09-26,UNDIVIDED_HISTORICAL,2016-10-11,2016-10-11 Statutory Baseline Snapshot (Unmodified throughout 2016-2022 epoch),10 Legacy AP Districts (2014 Telangana State Formation),NONE,Continuous statutory existence without bifurcation,false,ts_lgd_mandals_2016_v1
151,TS-MDL-4546,TS-MDL-4546-V1,Ibrahimpatnam,Ibrahimpatnam,Rangareddy,4546,04546,2016-10-11,2022-09-26,UNDIVIDED_HISTORICAL,2016-10-11,2016-10-11 Statutory Baseline Snapshot (Unmodified throughout 2016-2022 epoch),10 Legacy AP Districts (2014 Telangana State Formation),NONE,Continuous statutory existence without bifurcation,false,ts_lgd_mandals_2016_v1
152,TS-MDL-4572,TS-MDL-4572-V1,Dhanwada,Dhanwada,Narayanpet,4572,04572,2016-10-11,2022-09-26,UNDIVIDED_HISTORICAL,2016-10-11,2016-10-11 Statutory Baseline Snapshot (Unmodified throughout 2016-2022 epoch),10 Legacy AP Districts (2014 Telangana State Formation),NONE,Continuous statutory existence without bifurcation,false,ts_lgd_mandals_2016_v1
153,TS-MDL-4436,TS-MDL-4436-V1,Illanthakunta,Illanthakunta,Rajanna Sircilla,4436,04436,2016-10-11,2022-09-26,UNDIVIDED_HISTORICAL,2016-10-11,2016-10-11 Statutory Baseline Snapshot (Unmodified throughout 2016-2022 epoch),10 Legacy AP Districts (2014 Telangana State Formation),NONE,Continuous statutory existence without bifurcation,false,ts_lgd_mandals_2016_v1
154,TS-MDL-6249,TS-MDL-6249-V1,Inavolu,Inavole,Warangal_Urban,6249,00000,2016-10-11,2022-09-26,UNDIVIDED_HISTORICAL,2016-10-11,2016-10-11 Statutory Baseline Snapshot (Unmodified throughout 2016-2022 epoch),10 Legacy AP Districts (2014 Telangana State Formation),NONE,Continuous statutory existence without bifurcation,false,ts_lgd_mandals_2016_v1
155,TS-MDL-6236,TS-MDL-6236-V1,Indalwai,Indalwai,Nizamabad,6236,00000,2016-10-11,2022-09-26,UNDIVIDED_HISTORICAL,2016-10-11,2016-10-11 Statutory Baseline Snapshot (Unmodified throughout 2016-2022 epoch),10 Legacy AP Districts (2014 Telangana State Formation),NONE,Continuous statutory existence without bifurcation,false,ts_lgd_mandals_2016_v1
156,TS-MDL-4397,TS-MDL-4397-V1,Dharmapuri,Dharmapuri,Jagtial,4397,04397,2016-10-11,2022-09-26,SPLIT_2022_09_26,2016-10-11,2016-10-11 Statutory Baseline Snapshot (Territorial envelope valid until 2022-09-26),10 Legacy AP Districts (2014 Telangana State Formation),Endapalli (LGD 7539),Predecessor to Endapalli (LGD 7539) formed on 2022-09-26 under G.O.Ms.No. 80,false,ts_lgd_mandals_2016_v1
157,TS-MDL-4607,TS-MDL-4607-V1,Itikyal,Itikyala,Jogulamba Gadwal,4607,04607,2016-10-11,2022-09-26,SPLIT_POST_2022,2016-10-11,2016-10-11 Statutory Baseline Snapshot (Unmodified throughout 2016-2022 epoch),10 Legacy AP Districts (2014 Telangana State Formation),Yerravalli (LGD 7517),Predecessor to Yerravalli (LGD 7517) formed in 2023,false,ts_lgd_mandals_2016_v1
158,TS-MDL-4591,TS-MDL-4591-V1,Dharoor,Dharoor,Jogulamba Gadwal,4591,04591,2016-10-11,2022-09-26,UNDIVIDED_HISTORICAL,2016-10-11,2016-10-11 Statutory Baseline Snapshot (Unmodified throughout 2016-2022 epoch),10 Legacy AP Districts (2014 Telangana State Formation),NONE,Continuous statutory existence without bifurcation,false,ts_lgd_mandals_2016_v1
159,TS-MDL-4343,TS-MDL-4343-V1,Dilawarpur,Dilawarpur,Nirmal,4343,04343,2016-10-11,2022-09-26,UNDIVIDED_HISTORICAL,2016-10-11,2016-10-11 Statutory Baseline Snapshot (Unmodified throughout 2016-2022 epoch),10 Legacy AP Districts (2014 Telangana State Formation),NONE,Continuous statutory existence without bifurcation,false,ts_lgd_mandals_2016_v1
160,TS-MDL-4722,TS-MDL-4722-V1,Dornakal,Dornakal,Mahabubabad,4722,04722,2016-10-11,2022-09-26,UNDIVIDED_HISTORICAL,2016-10-11,2016-10-11 Statutory Baseline Snapshot (Unmodified throughout 2016-2022 epoch),10 Legacy AP Districts (2014 Telangana State Formation),NONE,Continuous statutory existence without bifurcation,false,ts_lgd_mandals_2016_v1
161,TS-MDL-4366,TS-MDL-4366-V1,Jakranpally,Jakranpally,Nizamabad,4366,04366,2016-10-11,2022-09-26,UNDIVIDED_HISTORICAL,2016-10-11,2016-10-11 Statutory Baseline Snapshot (Unmodified throughout 2016-2022 epoch),10 Legacy AP Districts (2014 Telangana State Formation),NONE,Continuous statutory existence without bifurcation,false,ts_lgd_mandals_2016_v1
162,TS-MDL-4440,TS-MDL-4440-V1,Jammikunta,Jammikunta,Karimnagar,4440,04440,2016-10-11,2022-09-26,UNDIVIDED_HISTORICAL,2016-10-11,2016-10-11 Statutory Baseline Snapshot (Unmodified throughout 2016-2022 epoch),10 Legacy AP Districts (2014 Telangana State Formation),NONE,Continuous statutory existence without bifurcation,false,ts_lgd_mandals_2016_v1
163,TS-MDL-4729,TS-MDL-4729-V1,Dummugudem,Dummugudem,Bhadradri Kothagudem,4729,04729,2016-10-11,2022-09-26,UNDIVIDED_HISTORICAL,2016-10-11,2016-10-11 Statutory Baseline Snapshot (Unmodified throughout 2016-2022 epoch),10 Legacy AP Districts (2014 Telangana State Formation),NONE,Continuous statutory existence without bifurcation,false,ts_lgd_mandals_2016_v1
164,TS-MDL-4753,TS-MDL-4753-V1,Enkoor,Enkoor,Khammam,4753,04753,2016-10-11,2022-09-26,UNDIVIDED_HISTORICAL,2016-10-11,2016-10-11 Statutory Baseline Snapshot (Unmodified throughout 2016-2022 epoch),10 Legacy AP Districts (2014 Telangana State Formation),NONE,Continuous statutory existence without bifurcation,false,ts_lgd_mandals_2016_v1
165,TS-MDL-4476,TS-MDL-4476-V1,Jharasangam,Jharasangam,Sangareddy,4476,04476,2016-10-11,2022-09-26,UNDIVIDED_HISTORICAL,2016-10-11,2016-10-11 Statutory Baseline Snapshot (Unmodified throughout 2016-2022 epoch),10 Legacy AP Districts (2014 Telangana State Formation),NONE,Continuous statutory existence without bifurcation,false,ts_lgd_mandals_2016_v1
166,TS-MDL-4685,TS-MDL-4685-V1,Eturnagaram,Eturunagaram,Mulugu,4685,04685,2016-10-11,2022-09-26,UNDIVIDED_HISTORICAL,2016-10-11,2016-10-11 Statutory Baseline Snapshot (Unmodified throughout 2016-2022 epoch),10 Legacy AP Districts (2014 Telangana State Formation),NONE,Continuous statutory existence without bifurcation,false,ts_lgd_mandals_2016_v1
167,TS-MDL-4409,TS-MDL-4409-V1,Julapalli,Julapalli,Peddapalli,4409,04409,2016-10-11,2022-09-26,UNDIVIDED_HISTORICAL,2016-10-11,2016-10-11 Statutory Baseline Snapshot (Unmodified throughout 2016-2022 epoch),10 Legacy AP Districts (2014 Telangana State Formation),NONE,Continuous statutory existence without bifurcation,false,ts_lgd_mandals_2016_v1
168,TS-MDL-6225,TS-MDL-6225-V1,Gadiguda,Gadiguda,Adilabad,6225,00000,2016-10-11,2022-09-26,UNDIVIDED_HISTORICAL,2016-10-11,2016-10-11 Statutory Baseline Snapshot (Unmodified throughout 2016-2022 epoch),10 Legacy AP Districts (2014 Telangana State Formation),NONE,Continuous statutory existence without bifurcation,false,ts_lgd_mandals_2016_v1
169,TS-MDL-4318,TS-MDL-4318-V1,Kagaznagar,Kagaznagar,Kumurambheem Asifabad,4318,04318,2016-10-11,2022-09-26,UNDIVIDED_HISTORICAL,2016-10-11,2016-10-11 Statutory Baseline Snapshot (Unmodified throughout 2016-2022 epoch),10 Legacy AP Districts (2014 Telangana State Formation),NONE,Continuous statutory existence without bifurcation,false,ts_lgd_mandals_2016_v1
170,TS-MDL-4684,TS-MDL-4684-V1,Venkatapur,Venkatapur,Mulugu,4684,04684,2016-10-11,2022-09-26,UNDIVIDED_HISTORICAL,2016-10-11,2016-10-11 Statutory Baseline Snapshot (Unmodified throughout 2016-2022 epoch),10 Legacy AP Districts (2014 Telangana State Formation),NONE,Continuous statutory existence without bifurcation,false,ts_lgd_mandals_2016_v1
171,TS-MDL-4433,TS-MDL-4433-V1,Gambhiraopet,Gambhiraopet,Rajanna Sircilla,4433,04433,2016-10-11,2022-09-26,UNDIVIDED_HISTORICAL,2016-10-11,2016-10-11 Statutory Baseline Snapshot (Unmodified throughout 2016-2022 epoch),10 Legacy AP Districts (2014 Telangana State Formation),NONE,Continuous statutory existence without bifurcation,false,ts_lgd_mandals_2016_v1
172,TS-MDL-6253,TS-MDL-6253-V1,Gangaram,Gangaram,Mahabubabad,6253,00000,2016-10-11,2022-09-26,UNDIVIDED_HISTORICAL,2016-10-11,2016-10-11 Statutory Baseline Snapshot (Unmodified throughout 2016-2022 epoch),10 Legacy AP Districts (2014 Telangana State Formation),NONE,Continuous statutory existence without bifurcation,false,ts_lgd_mandals_2016_v1
173,TS-MDL-4390,TS-MDL-4390-V1,Kamareddy,Kamareddy,Kamareddy,4390,04390,2016-10-11,2022-09-26,UNDIVIDED_HISTORICAL,2016-10-11,2016-10-11 Statutory Baseline Snapshot (Unmodified throughout 2016-2022 epoch),10 Legacy AP Districts (2014 Telangana State Formation),NONE,Continuous statutory existence without bifurcation,false,ts_lgd_mandals_2016_v1
174,TS-MDL-4683,TS-MDL-4683-V1,Ghanapur_Mulug,Ghanpur (Mulug),Jayashankar Bhupalpally,4683,04683,2016-10-11,2022-09-26,UNDIVIDED_HISTORICAL,2016-10-11,2016-10-11 Statutory Baseline Snapshot (Unmodified throughout 2016-2022 epoch),10 Legacy AP Districts (2014 Telangana State Formation),NONE,Continuous statutory existence without bifurcation,false,ts_lgd_mandals_2016_v1
175,TS-MDL-4676,TS-MDL-4676-V1,Ghanpur (Stn),Ghanpur (Station),Jangoan,4676,04676,2016-10-11,2022-09-26,UNDIVIDED_HISTORICAL,2016-10-11,2016-10-11 Statutory Baseline Snapshot (Unmodified throughout 2016-2022 epoch),10 Legacy AP Districts (2014 Telangana State Formation),NONE,Continuous statutory existence without bifurcation,false,ts_lgd_mandals_2016_v1
176,TS-MDL-4523,TS-MDL-4523-V1,Ghatkesar,Ghatkesar,Medchal_Malkajgiri,4523,04523,2016-10-11,2022-09-26,UNDIVIDED_HISTORICAL,2016-10-11,2016-10-11 Statutory Baseline Snapshot (Unmodified throughout 2016-2022 epoch),10 Legacy AP Districts (2014 Telangana State Formation),NONE,Continuous statutory existence without bifurcation,false,ts_lgd_mandals_2016_v1
177,TS-MDL-6229,TS-MDL-6229-V1,Kannepalli,Kannepally,Mancherial,6229,00000,2016-10-11,2022-09-26,UNDIVIDED_HISTORICAL,2016-10-11,2016-10-11 Statutory Baseline Snapshot (Unmodified throughout 2016-2022 epoch),10 Legacy AP Districts (2014 Telangana State Formation),NONE,Continuous statutory existence without bifurcation,false,ts_lgd_mandals_2016_v1
178,TS-MDL-4756,TS-MDL-4756-V1,Khammam_Rural,Khammam (Rural),Khammam,4756,04756,2016-10-11,2022-09-26,UNDIVIDED_HISTORICAL,2016-10-11,2016-10-11 Statutory Baseline Snapshot (Unmodified throughout 2016-2022 epoch),10 Legacy AP Districts (2014 Telangana State Formation),NONE,Continuous statutory existence without bifurcation,false,ts_lgd_mandals_2016_v1
179,TS-MDL-4724,TS-MDL-4724-V1,Venkatapuram,Venkatapuram,Mulugu,4724,04724,2016-10-11,2022-09-26,UNDIVIDED_HISTORICAL,2016-10-11,2016-10-11 Statutory Baseline Snapshot (Unmodified throughout 2016-2022 epoch),10 Legacy AP Districts (2014 Telangana State Formation),NONE,Continuous statutory existence without bifurcation,false,ts_lgd_mandals_2016_v1
180,TS-MDL-4609,TS-MDL-4609-V1,Kollapur,Kollapur,Nagarkurnool,4609,04609,2016-10-11,2022-09-26,UNDIVIDED_HISTORICAL,2016-10-11,2016-10-11 Statutory Baseline Snapshot (Unmodified throughout 2016-2022 epoch),10 Legacy AP Districts (2014 Telangana State Formation),NONE,Continuous statutory existence without bifurcation,false,ts_lgd_mandals_2016_v1
181,TS-MDL-4610,TS-MDL-4610-V1,Waddepally,Waddepally,Jogulamba Gadwal,4610,04610,2016-10-11,2022-09-26,UNDIVIDED_HISTORICAL,2016-10-11,2016-10-11 Statutory Baseline Snapshot (Unmodified throughout 2016-2022 epoch),10 Legacy AP Districts (2014 Telangana State Formation),NONE,Continuous statutory existence without bifurcation,false,ts_lgd_mandals_2016_v1
182,TS-MDL-4558,TS-MDL-4558-V1,Kondurg,Kondurg,Rangareddy,4558,04558,2016-10-11,2022-09-26,UNDIVIDED_HISTORICAL,2016-10-11,2016-10-11 Statutory Baseline Snapshot (Unmodified throughout 2016-2022 epoch),10 Legacy AP Districts (2014 Telangana State Formation),NONE,Continuous statutory existence without bifurcation,false,ts_lgd_mandals_2016_v1
183,TS-MDL-4706,TS-MDL-4706-V1,Warangal,Warangal,Warangal_Urban,4706,04706,2016-10-11,2022-09-26,UNDIVIDED_HISTORICAL,2016-10-11,2016-10-11 Statutory Baseline Snapshot (Unmodified throughout 2016-2022 epoch),10 Legacy AP Districts (2014 Telangana State Formation),NONE,Continuous statutory existence without bifurcation,false,ts_lgd_mandals_2016_v1
184,TS-MDL-4418,TS-MDL-4418-V1,Kathlapur,Kathlapur,Jagtial,4418,04418,2016-10-11,2022-09-26,UNDIVIDED_HISTORICAL,2016-10-11,2016-10-11 Statutory Baseline Snapshot (Unmodified throughout 2016-2022 epoch),10 Legacy AP Districts (2014 Telangana State Formation),NONE,Continuous statutory existence without bifurcation,false,ts_lgd_mandals_2016_v1
185,TS-MDL-4635,TS-MDL-4635-V1,Kattangur,Kattangur,Nalgonda,4635,04635,2016-10-11,2022-09-26,UNDIVIDED_HISTORICAL,2016-10-11,2016-10-11 Statutory Baseline Snapshot (Unmodified throughout 2016-2022 epoch),10 Legacy AP Districts (2014 Telangana State Formation),NONE,Continuous statutory existence without bifurcation,false,ts_lgd_mandals_2016_v1
186,TS-MDL-4551,TS-MDL-4551-V1,Kosgi,Kosgi,Narayanpet,4551,04551,2016-10-11,2022-09-26,SPLIT_2022_09_26,2016-10-11,2016-10-11 Statutory Baseline Snapshot (Territorial envelope valid until 2022-09-26),10 Legacy AP Districts (2014 Telangana State Formation),Gundumal (LGD 7523),Predecessor to Gundumal (LGD 7523) formed on 2022-09-26 under G.O.Ms.No. 84,false,ts_lgd_mandals_2016_v1
187,TS-MDL-4485,TS-MDL-4485-V1,Wargal,Wargal,Siddipet,4485,04485,2016-10-11,2022-09-26,UNDIVIDED_HISTORICAL,2016-10-11,2016-10-11 Statutory Baseline Snapshot (Unmodified throughout 2016-2022 epoch),10 Legacy AP Districts (2014 Telangana State Formation),NONE,Continuous statutory existence without bifurcation,false,ts_lgd_mandals_2016_v1
188,TS-MDL-4596,TS-MDL-4596-V1,Gopalpet,Gopalpeta,Wanaparthy,4596,04596,2016-10-11,2022-09-26,SPLIT_POST_2022,2016-10-11,2016-10-11 Statutory Baseline Snapshot (Unmodified throughout 2016-2022 epoch),10 Legacy AP Districts (2014 Telangana State Formation),Yedula (LGD 7533),Predecessor to Yedula (LGD 7533) formed in 2023,false,ts_lgd_mandals_2016_v1
189,TS-MDL-4688,TS-MDL-4688-V1,Govindaraopet,Govindaraopet,Mulugu,4688,04688,2016-10-11,2022-09-26,UNDIVIDED_HISTORICAL,2016-10-11,2016-10-11 Statutory Baseline Snapshot (Unmodified throughout 2016-2022 epoch),10 Legacy AP Districts (2014 Telangana State Formation),NONE,Continuous statutory existence without bifurcation,false,ts_lgd_mandals_2016_v1
190,TS-MDL-4717,TS-MDL-4717-V1,Kesamudram,Kesamudram,Mahabubabad,4717,04717,2016-10-11,2022-09-26,SPLIT_2022_09_26,2016-10-11,2016-10-11 Statutory Baseline Snapshot (Territorial envelope valid until 2022-09-26),10 Legacy AP Districts (2014 Telangana State Formation),Inugurthy (LGD 7538),Predecessor to Inugurthy (LGD 7538) formed on 2022-09-26 under G.O.Ms.No. 81,false,ts_lgd_mandals_2016_v1
191,TS-MDL-4561,TS-MDL-4561-V1,Keshampeta,Keshampet,Rangareddy,4561,04561,2016-10-11,2022-09-26,UNDIVIDED_HISTORICAL,2016-10-11,2016-10-11 Statutory Baseline Snapshot (Unmodified throughout 2016-2022 epoch),10 Legacy AP Districts (2014 Telangana State Formation),NONE,Continuous statutory existence without bifurcation,false,ts_lgd_mandals_2016_v1
192,TS-MDL-4637,TS-MDL-4637-V1,Kethepally,Kethepally,Nalgonda,4637,04637,2016-10-11,2022-09-26,UNDIVIDED_HISTORICAL,2016-10-11,2016-10-11 Statutory Baseline Snapshot (Unmodified throughout 2016-2022 epoch),10 Legacy AP Districts (2014 Telangana State Formation),NONE,Continuous statutory existence without bifurcation,false,ts_lgd_mandals_2016_v1
193,TS-MDL-4764,TS-MDL-4764-V1,Wyra,Wyra,Khammam,4764,04764,2016-10-11,2022-09-26,UNDIVIDED_HISTORICAL,2016-10-11,2016-10-11 Statutory Baseline Snapshot (Unmodified throughout 2016-2022 epoch),10 Legacy AP Districts (2014 Telangana State Formation),NONE,Continuous statutory existence without bifurcation,false,ts_lgd_mandals_2016_v1
194,TS-MDL-4548,TS-MDL-4548-V1,Yacharam,Yacharam,Rangareddy,4548,04548,2016-10-11,2022-09-26,UNDIVIDED_HISTORICAL,2016-10-11,2016-10-11 Statutory Baseline Snapshot (Unmodified throughout 2016-2022 epoch),10 Legacy AP Districts (2014 Telangana State Formation),NONE,Continuous statutory existence without bifurcation,false,ts_lgd_mandals_2016_v1
195,TS-MDL-4310,TS-MDL-4310-V1,Gudihathnur,Gudihatnoor,Adilabad,4310,04310,2016-10-11,2022-09-26,UNDIVIDED_HISTORICAL,2016-10-11,2016-10-11 Statutory Baseline Snapshot (Unmodified throughout 2016-2022 epoch),10 Legacy AP Districts (2014 Telangana State Formation),NONE,Continuous statutory existence without bifurcation,false,ts_lgd_mandals_2016_v1
196,TS-MDL-4711,TS-MDL-4711-V1,Gudur,Gudur,Mahabubabad,4711,04711,2016-10-11,2022-09-26,UNDIVIDED_HISTORICAL,2016-10-11,2016-10-11 Statutory Baseline Snapshot (Unmodified throughout 2016-2022 epoch),10 Legacy AP Districts (2014 Telangana State Formation),NONE,Continuous statutory existence without bifurcation,false,ts_lgd_mandals_2016_v1
197,TS-MDL-4618,TS-MDL-4618-V1,Gundala,Gundala,Yadadri Bhuvanagiri,4618,04618,2016-10-11,2022-09-26,UNDIVIDED_HISTORICAL,2016-10-11,2016-10-11 Statutory Baseline Snapshot (Unmodified throughout 2016-2022 epoch),10 Legacy AP Districts (2014 Telangana State Formation),NONE,Continuous statutory existence without bifurcation,false,ts_lgd_mandals_2016_v1
198,TS-MDL-4651,TS-MDL-4651-V1,Gundlapally,Gundlapally,Nalgonda,4651,04651,2016-10-11,2022-09-26,UNDIVIDED_HISTORICAL,2016-10-11,2016-10-11 Statutory Baseline Snapshot (Unmodified throughout 2016-2022 epoch),10 Legacy AP Districts (2014 Telangana State Formation),NONE,Continuous statutory existence without bifurcation,false,ts_lgd_mandals_2016_v1
199,TS-MDL-4657,TS-MDL-4657-V1,Gurrampode,Gurrampode,Nalgonda,4657,04657,2016-10-11,2022-09-26,UNDIVIDED_HISTORICAL,2016-10-11,2016-10-11 Statutory Baseline Snapshot (Unmodified throughout 2016-2022 epoch),10 Legacy AP Districts (2014 Telangana State Formation),NONE,Continuous statutory existence without bifurcation,false,ts_lgd_mandals_2016_v1
200,TS-MDL-6227,TS-MDL-6227-V1,Hajipur,Hajipur,Mancherial,6227,00000,2016-10-11,2022-09-26,UNDIVIDED_HISTORICAL,2016-10-11,2016-10-11 Statutory Baseline Snapshot (Unmodified throughout 2016-2022 epoch),10 Legacy AP Districts (2014 Telangana State Formation),NONE,Continuous statutory existence without bifurcation,false,ts_lgd_mandals_2016_v1
201,TS-MDL-4695,TS-MDL-4695-V1,Hanamkonda,Hanamkonda,Warangal_Urban,4695,04695,2016-10-11,2022-09-26,UNDIVIDED_HISTORICAL,2016-10-11,2016-10-11 Statutory Baseline Snapshot (Unmodified throughout 2016-2022 epoch),10 Legacy AP Districts (2014 Telangana State Formation),NONE,Continuous statutory existence without bifurcation,false,ts_lgd_mandals_2016_v1
202,TS-MDL-4544,TS-MDL-4544-V1,Maheswaram,Maheshwaram,Rangareddy,4544,04544,2016-10-11,2022-09-26,UNDIVIDED_HISTORICAL,2016-10-11,2016-10-11 Statutory Baseline Snapshot (Unmodified throughout 2016-2022 epoch),10 Legacy AP Districts (2014 Telangana State Formation),NONE,Continuous statutory existence without bifurcation,false,ts_lgd_mandals_2016_v1
203,TS-MDL-4367,TS-MDL-4367-V1,Makloor,Makloor,Nizamabad,4367,04367,2016-10-11,2022-09-26,UNDIVIDED_HISTORICAL,2016-10-11,2016-10-11 Statutory Baseline Snapshot (Unmodified throughout 2016-2022 epoch),10 Legacy AP Districts (2014 Telangana State Formation),NONE,Continuous statutory existence without bifurcation,false,ts_lgd_mandals_2016_v1
204,TS-MDL-4589,TS-MDL-4589-V1,Makthal,Makthal,Narayanpet,4589,04589,2016-10-11,2022-09-26,UNDIVIDED_HISTORICAL,2016-10-11,2016-10-11 Statutory Baseline Snapshot (Unmodified throughout 2016-2022 epoch),10 Legacy AP Districts (2014 Telangana State Formation),NONE,Continuous statutory existence without bifurcation,false,ts_lgd_mandals_2016_v1
205,TS-MDL-4604,TS-MDL-4604-V1,Maldakal,Maldakal,Jogulamba Gadwal,4604,04604,2016-10-11,2022-09-26,UNDIVIDED_HISTORICAL,2016-10-11,2016-10-11 Statutory Baseline Snapshot (Unmodified throughout 2016-2022 epoch),10 Legacy AP Districts (2014 Telangana State Formation),NONE,Continuous statutory existence without bifurcation,false,ts_lgd_mandals_2016_v1
206,TS-MDL-6270,TS-MDL-6270-V1,Havelighanpur,Havelighanapur,Medak,6270,00000,2016-10-11,2022-09-26,UNDIVIDED_HISTORICAL,2016-10-11,2016-10-11 Statutory Baseline Snapshot (Unmodified throughout 2016-2022 epoch),10 Legacy AP Districts (2014 Telangana State Formation),NONE,Continuous statutory existence without bifurcation,false,ts_lgd_mandals_2016_v1
207,TS-MDL-4525,TS-MDL-4525-V1,Hayathnagar,Hayathnagar,Rangareddy,4525,04525,2016-10-11,2022-09-26,UNDIVIDED_HISTORICAL,2016-10-11,2016-10-11 Statutory Baseline Snapshot (Unmodified throughout 2016-2022 epoch),10 Legacy AP Districts (2014 Telangana State Formation),NONE,Continuous statutory existence without bifurcation,false,ts_lgd_mandals_2016_v1
208,TS-MDL-4393,TS-MDL-4393-V1,Ibrahimpatnam,Ibrahimpatnam,Jagtial,4393,04393,2016-10-11,2022-09-26,UNDIVIDED_HISTORICAL,2016-10-11,2016-10-11 Statutory Baseline Snapshot (Unmodified throughout 2016-2022 epoch),10 Legacy AP Districts (2014 Telangana State Formation),NONE,Continuous statutory existence without bifurcation,false,ts_lgd_mandals_2016_v1
209,TS-MDL-4322,TS-MDL-4322-V1,Ichoda,Ichoda,Adilabad,4322,04322,2016-10-11,2022-09-26,UNDIVIDED_HISTORICAL,2016-10-11,2016-10-11 Statutory Baseline Snapshot (Unmodified throughout 2016-2022 epoch),10 Legacy AP Districts (2014 Telangana State Formation),NONE,Continuous statutory existence without bifurcation,false,ts_lgd_mandals_2016_v1
210,TS-MDL-4311,TS-MDL-4311-V1,Inderavelly,Inderavelly,Adilabad,4311,04311,2016-10-11,2022-09-26,UNDIVIDED_HISTORICAL,2016-10-11,2016-10-11 Statutory Baseline Snapshot (Unmodified throughout 2016-2022 epoch),10 Legacy AP Districts (2014 Telangana State Formation),NONE,Continuous statutory existence without bifurcation,false,ts_lgd_mandals_2016_v1
211,TS-MDL-6211,TS-MDL-6211-V1,Jagityal_Rural,Jagitial Rural,Jagtial,6211,00000,2016-10-11,2022-09-26,UNDIVIDED_HISTORICAL,2016-10-11,2016-10-11 Statutory Baseline Snapshot (Unmodified throughout 2016-2022 epoch),10 Legacy AP Districts (2014 Telangana State Formation),NONE,Continuous statutory existence without bifurcation,false,ts_lgd_mandals_2016_v1
212,TS-MDL-4414,TS-MDL-4414-V1,Jagtial,Jagitial,Jagtial,4414,04414,2016-10-11,2022-09-26,UNDIVIDED_HISTORICAL,2016-10-11,2016-10-11 Statutory Baseline Snapshot (Unmodified throughout 2016-2022 epoch),10 Legacy AP Districts (2014 Telangana State Formation),NONE,Continuous statutory existence without bifurcation,false,ts_lgd_mandals_2016_v1
213,TS-MDL-4307,TS-MDL-4307-V1,Jainad,Jainath,Adilabad,4307,04307,2016-10-11,2022-09-26,SPLIT_POST_2022,2016-10-11,2016-10-11 Statutory Baseline Snapshot (Unmodified throughout 2016-2022 epoch),10 Legacy AP Districts (2014 Telangana State Formation),Bhoraj (LGD 7529); Sathnala (LGD 7515),Predecessor to Bhoraj (LGD 7529); Sathnala (LGD 7515) formed in 2023,false,ts_lgd_mandals_2016_v1
214,TS-MDL-4320,TS-MDL-4320-V1,Jainoor,Jainoor,Kumurambheem Asifabad,4320,04320,2016-10-11,2022-09-26,UNDIVIDED_HISTORICAL,2016-10-11,2016-10-11 Statutory Baseline Snapshot (Unmodified throughout 2016-2022 epoch),10 Legacy AP Districts (2014 Telangana State Formation),NONE,Continuous statutory existence without bifurcation,false,ts_lgd_mandals_2016_v1
215,TS-MDL-4355,TS-MDL-4355-V1,Jaipur,Jaipur,Mancherial,4355,04355,2016-10-11,2022-09-26,UNDIVIDED_HISTORICAL,2016-10-11,2016-10-11 Statutory Baseline Snapshot (Unmodified throughout 2016-2022 epoch),10 Legacy AP Districts (2014 Telangana State Formation),NONE,Continuous statutory existence without bifurcation,false,ts_lgd_mandals_2016_v1
216,TS-MDL-4623,TS-MDL-4623-V1,Jajireddigudem,Jajireddygudem,Suryapet,4623,04623,2016-10-11,2022-09-26,UNDIVIDED_HISTORICAL,2016-10-11,2016-10-11 Statutory Baseline Snapshot (Unmodified throughout 2016-2022 epoch),10 Legacy AP Districts (2014 Telangana State Formation),NONE,Continuous statutory existence without bifurcation,false,ts_lgd_mandals_2016_v1
217,TS-MDL-4394,TS-MDL-4394-V1,Mallapur,Mallapur,Jagtial,4394,04394,2016-10-11,2022-09-26,UNDIVIDED_HISTORICAL,2016-10-11,2016-10-11 Statutory Baseline Snapshot (Unmodified throughout 2016-2022 epoch),10 Legacy AP Districts (2014 Telangana State Formation),NONE,Continuous statutory existence without bifurcation,false,ts_lgd_mandals_2016_v1
218,TS-MDL-4413,TS-MDL-4413-V1,Mallial,Mallial,Jagtial,4413,04413,2016-10-11,2022-09-26,UNDIVIDED_HISTORICAL,2016-10-11,2016-10-11 Statutory Baseline Snapshot (Unmodified throughout 2016-2022 epoch),10 Legacy AP Districts (2014 Telangana State Formation),NONE,Continuous statutory existence without bifurcation,false,ts_lgd_mandals_2016_v1
219,TS-MDL-4346,TS-MDL-4346-V1,Mamda,Mamada,Nirmal,4346,04346,2016-10-11,2022-09-26,UNDIVIDED_HISTORICAL,2016-10-11,2016-10-11 Statutory Baseline Snapshot (Unmodified throughout 2016-2022 epoch),10 Legacy AP Districts (2014 Telangana State Formation),NONE,Continuous statutory existence without bifurcation,false,ts_lgd_mandals_2016_v1
220,TS-MDL-4427,TS-MDL-4427-V1,Manakondur,Manakondur,Karimnagar,4427,04427,2016-10-11,2022-09-26,UNDIVIDED_HISTORICAL,2016-10-11,2016-10-11 Statutory Baseline Snapshot (Unmodified throughout 2016-2022 epoch),10 Legacy AP Districts (2014 Telangana State Formation),NONE,Continuous statutory existence without bifurcation,false,ts_lgd_mandals_2016_v1
221,TS-MDL-4699,TS-MDL-4699-V1,Jangoan,Jangoan,Jangoan,4699,04699,2016-10-11,2022-09-26,UNDIVIDED_HISTORICAL,2016-10-11,2016-10-11 Statutory Baseline Snapshot (Unmodified throughout 2016-2022 epoch),10 Legacy AP Districts (2014 Telangana State Formation),NONE,Continuous statutory existence without bifurcation,false,ts_lgd_mandals_2016_v1
222,TS-MDL-4334,TS-MDL-4334-V1,Jannaram,Jannaram,Mancherial,4334,04334,2016-10-11,2022-09-26,UNDIVIDED_HISTORICAL,2016-10-11,2016-10-11 Statutory Baseline Snapshot (Unmodified throughout 2016-2022 epoch),10 Legacy AP Districts (2014 Telangana State Formation),NONE,Continuous statutory existence without bifurcation,false,ts_lgd_mandals_2016_v1
223,TS-MDL-4593,TS-MDL-4593-V1,Kothakota,Kothakota,Wanaparthy,4593,04593,2016-10-11,2022-09-26,UNDIVIDED_HISTORICAL,2016-10-11,2016-10-11 Statutory Baseline Snapshot (Unmodified throughout 2016-2022 epoch),10 Legacy AP Districts (2014 Telangana State Formation),NONE,Continuous statutory existence without bifurcation,false,ts_lgd_mandals_2016_v1
224,TS-MDL-6230,TS-MDL-6230-V1,Kothapally,Kothapally,Karimnagar,6230,00000,2016-10-11,2022-09-26,UNDIVIDED_HISTORICAL,2016-10-11,2016-10-11 Statutory Baseline Snapshot (Unmodified throughout 2016-2022 epoch),10 Legacy AP Districts (2014 Telangana State Formation),NONE,Continuous statutory existence without bifurcation,false,ts_lgd_mandals_2016_v1
225,TS-MDL-4373,TS-MDL-4373-V1,Jukkal,Jukkal,Kamareddy,4373,04373,2016-10-11,2022-09-26,UNDIVIDED_HISTORICAL,2016-10-11,2016-10-11 Statutory Baseline Snapshot (Unmodified throughout 2016-2022 epoch),10 Legacy AP Districts (2014 Telangana State Formation),NONE,Continuous statutory existence without bifurcation,false,ts_lgd_mandals_2016_v1
226,TS-MDL-4746,TS-MDL-4746-V1,Julurupad,Julurpadu,Bhadradri Kothagudem,4746,04746,2016-10-11,2022-09-26,UNDIVIDED_HISTORICAL,2016-10-11,2016-10-11 Statutory Baseline Snapshot (Unmodified throughout 2016-2022 epoch),10 Legacy AP Districts (2014 Telangana State Formation),NONE,Continuous statutory existence without bifurcation,false,ts_lgd_mandals_2016_v1
227,TS-MDL-4335,TS-MDL-4335-V1,Kaddampeddur,Kaddam Peddur,Nirmal,4335,04335,2016-10-11,2022-09-26,UNDIVIDED_HISTORICAL,2016-10-11,2016-10-11 Statutory Baseline Snapshot (Unmodified throughout 2016-2022 epoch),10 Legacy AP Districts (2014 Telangana State Formation),NONE,Continuous statutory existence without bifurcation,false,ts_lgd_mandals_2016_v1
228,TS-MDL-6324,TS-MDL-6324-V1,Kadthal,Kadthal,Rangareddy,6324,00000,2016-10-11,2022-09-26,UNDIVIDED_HISTORICAL,2016-10-11,2016-10-11 Statutory Baseline Snapshot (Unmodified throughout 2016-2022 epoch),10 Legacy AP Districts (2014 Telangana State Formation),NONE,Continuous statutory existence without bifurcation,false,ts_lgd_mandals_2016_v1
229,TS-MDL-4539,TS-MDL-4539-V1,Kulkacharla,Kulkacharla,Vikarabad,4539,04539,2016-10-11,2020-09-24,SPLIT_2020_09_24,2016-10-11,2016-10-11 Statutory Baseline Snapshot (Territorial envelope valid until 2020-09-24),10 Legacy AP Districts (2014 Telangana State Formation),Chowdapur (LGD 7186),Predecessor to Chowdapur (LGD 7186) formed on 2020-09-24 under G.O.Ms.No. 108,false,ts_lgd_mandals_2016_v1
230,TS-MDL-6297,TS-MDL-6297-V1,Kaloor_Thimmandoddi,Kaloor Thimmandoddi,Jogulamba Gadwal,6297,00000,2016-10-11,2022-09-26,UNDIVIDED_HISTORICAL,2016-10-11,2016-10-11 Statutory Baseline Snapshot (Unmodified throughout 2016-2022 epoch),10 Legacy AP Districts (2014 Telangana State Formation),NONE,Continuous statutory existence without bifurcation,false,ts_lgd_mandals_2016_v1
231,TS-MDL-4400,TS-MDL-4400-V1,Kamanpur,Kamanpur,Peddapalli,4400,04400,2016-10-11,2022-09-26,UNDIVIDED_HISTORICAL,2016-10-11,2016-10-11 Statutory Baseline Snapshot (Unmodified throughout 2016-2022 epoch),10 Legacy AP Districts (2014 Telangana State Formation),NONE,Continuous statutory existence without bifurcation,false,ts_lgd_mandals_2016_v1
232,TS-MDL-4755,TS-MDL-4755-V1,Kusumanchi,Kusumanchi,Khammam,4755,04755,2016-10-11,2022-09-26,UNDIVIDED_HISTORICAL,2016-10-11,2016-10-11 Statutory Baseline Snapshot (Unmodified throughout 2016-2022 epoch),10 Legacy AP Districts (2014 Telangana State Formation),NONE,Continuous statutory existence without bifurcation,false,ts_lgd_mandals_2016_v1
233,TS-MDL-4745,TS-MDL-4745-V1,Kamepally,Kamepalli,Khammam,4745,04745,2016-10-11,2022-09-26,UNDIVIDED_HISTORICAL,2016-10-11,2016-10-11 Statutory Baseline Snapshot (Unmodified throughout 2016-2022 epoch),10 Legacy AP Districts (2014 Telangana State Formation),NONE,Continuous statutory existence without bifurcation,false,ts_lgd_mandals_2016_v1
234,TS-MDL-4656,TS-MDL-4656-V1,Kanagal,Kanagal,Nalgonda,4656,04656,2016-10-11,2022-09-26,UNDIVIDED_HISTORICAL,2016-10-11,2016-10-11 Statutory Baseline Snapshot (Unmodified throughout 2016-2022 epoch),10 Legacy AP Districts (2014 Telangana State Formation),NONE,Continuous statutory existence without bifurcation,false,ts_lgd_mandals_2016_v1
235,TS-MDL-6275,TS-MDL-6275-V1,Kandi,Kandi,Sangareddy,6275,00000,2016-10-11,2022-09-26,UNDIVIDED_HISTORICAL,2016-10-11,2016-10-11 Statutory Baseline Snapshot (Unmodified throughout 2016-2022 epoch),10 Legacy AP Districts (2014 Telangana State Formation),NONE,Continuous statutory existence without bifurcation,false,ts_lgd_mandals_2016_v1
236,TS-MDL-4545,TS-MDL-4545-V1,Kandukur,Kandukur,Rangareddy,4545,04545,2016-10-11,2022-09-26,UNDIVIDED_HISTORICAL,2016-10-11,2016-10-11 Statutory Baseline Snapshot (Unmodified throughout 2016-2022 epoch),10 Legacy AP Districts (2014 Telangana State Formation),NONE,Continuous statutory existence without bifurcation,false,ts_lgd_mandals_2016_v1
237,TS-MDL-4450,TS-MDL-4450-V1,Kangti,Kangti,Sangareddy,4450,04450,2016-10-11,2022-09-26,UNDIVIDED_HISTORICAL,2016-10-11,2016-10-11 Statutory Baseline Snapshot (Unmodified throughout 2016-2022 epoch),10 Legacy AP Districts (2014 Telangana State Formation),NONE,Continuous statutory existence without bifurcation,false,ts_lgd_mandals_2016_v1
238,TS-MDL-6251,TS-MDL-6251-V1,Kannaigudem,Kannaigudem,Mulugu,6251,00000,2016-10-11,2022-09-26,UNDIVIDED_HISTORICAL,2016-10-11,2016-10-11 Statutory Baseline Snapshot (Unmodified throughout 2016-2022 epoch),10 Legacy AP Districts (2014 Telangana State Formation),NONE,Continuous statutory existence without bifurcation,false,ts_lgd_mandals_2016_v1
239,TS-MDL-6317,TS-MDL-6317-V1,Kapra,Kapra,Medchal_Malkajgiri,6317,00000,2016-10-11,2022-09-26,UNDIVIDED_HISTORICAL,2016-10-11,2016-10-11 Statutory Baseline Snapshot (Unmodified throughout 2016-2022 epoch),10 Legacy AP Districts (2014 Telangana State Formation),NONE,Continuous statutory existence without bifurcation,false,ts_lgd_mandals_2016_v1
240,TS-MDL-6269,TS-MDL-6269-V1,Karakagudem,Karakagudem,Bhadradri Kothagudem,6269,00000,2016-10-11,2022-09-26,UNDIVIDED_HISTORICAL,2016-10-11,2016-10-11 Statutory Baseline Snapshot (Unmodified throughout 2016-2022 epoch),10 Legacy AP Districts (2014 Telangana State Formation),NONE,Continuous statutory existence without bifurcation,false,ts_lgd_mandals_2016_v1
241,TS-MDL-6231,TS-MDL-6231-V1,Karimnagar,Karimnagar,Karimnagar,6231,00000,2016-10-11,2022-09-26,UNDIVIDED_HISTORICAL,2016-10-11,2016-10-11 Statutory Baseline Snapshot (Unmodified throughout 2016-2022 epoch),10 Legacy AP Districts (2014 Telangana State Formation),NONE,Continuous statutory existence without bifurcation,false,ts_lgd_mandals_2016_v1
242,TS-MDL-4353,TS-MDL-4353-V1,Luxettipet,Luxettipet,Mancherial,4353,04353,2016-10-11,2022-09-26,UNDIVIDED_HISTORICAL,2016-10-11,2016-10-11 Statutory Baseline Snapshot (Unmodified throughout 2016-2022 epoch),10 Legacy AP Districts (2014 Telangana State Formation),NONE,Continuous statutory existence without bifurcation,false,ts_lgd_mandals_2016_v1
243,TS-MDL-4649,TS-MDL-4649-V1,Marriguda,Marriguda,Nalgonda,4649,04649,2016-10-11,2022-09-26,UNDIVIDED_HISTORICAL,2016-10-11,2016-10-11 Statutory Baseline Snapshot (Unmodified throughout 2016-2022 epoch),10 Legacy AP Districts (2014 Telangana State Formation),NONE,Continuous statutory existence without bifurcation,false,ts_lgd_mandals_2016_v1
244,TS-MDL-4349,TS-MDL-4349-V1,Kasipet,Kasipet,Mancherial,4349,04349,2016-10-11,2022-09-26,UNDIVIDED_HISTORICAL,2016-10-11,2016-10-11 Statutory Baseline Snapshot (Unmodified throughout 2016-2022 epoch),10 Legacy AP Districts (2014 Telangana State Formation),NONE,Continuous statutory existence without bifurcation,false,ts_lgd_mandals_2016_v1
245,TS-MDL-6289,TS-MDL-6289-V1,Madanapur,Madanapur,Wanaparthy,6289,00000,2016-10-11,2022-09-26,UNDIVIDED_HISTORICAL,2016-10-11,2016-10-11 Statutory Baseline Snapshot (Unmodified throughout 2016-2022 epoch),10 Legacy AP Districts (2014 Telangana State Formation),NONE,Continuous statutory existence without bifurcation,false,ts_lgd_mandals_2016_v1
246,TS-MDL-6300,TS-MDL-6300-V1,Maddirala,Maddirala,Suryapet,6300,00000,2016-10-11,2022-09-26,UNDIVIDED_HISTORICAL,2016-10-11,2016-10-11 Statutory Baseline Snapshot (Unmodified throughout 2016-2022 epoch),10 Legacy AP Districts (2014 Telangana State Formation),NONE,Continuous statutory existence without bifurcation,false,ts_lgd_mandals_2016_v1
247,TS-MDL-4402,TS-MDL-4402-V1,Kataram,Kataram,Jayashankar Bhupalpally,4402,04402,2016-10-11,2022-09-26,UNDIVIDED_HISTORICAL,2016-10-11,2016-10-11 Statutory Baseline Snapshot (Unmodified throughout 2016-2022 epoch),10 Legacy AP Districts (2014 Telangana State Formation),NONE,Continuous statutory existence without bifurcation,false,ts_lgd_mandals_2016_v1
248,TS-MDL-4522,TS-MDL-4522-V1,Keesara,Keesara,Medchal_Malkajgiri,4522,04522,2016-10-11,2022-09-26,UNDIVIDED_HISTORICAL,2016-10-11,2016-10-11 Statutory Baseline Snapshot (Unmodified throughout 2016-2022 epoch),10 Legacy AP Districts (2014 Telangana State Formation),NONE,Continuous statutory existence without bifurcation,false,ts_lgd_mandals_2016_v1
249,TS-MDL-4313,TS-MDL-4313-V1,Kerameri,Kerameri,Kumurambheem Asifabad,4313,04313,2016-10-11,2022-09-26,UNDIVIDED_HISTORICAL,2016-10-11,2016-10-11 Statutory Baseline Snapshot (Unmodified throughout 2016-2022 epoch),10 Legacy AP Districts (2014 Telangana State Formation),NONE,Continuous statutory existence without bifurcation,false,ts_lgd_mandals_2016_v1
250,TS-MDL-6247,TS-MDL-6247-V1,Khaazipet,Khazipet,Warangal_Urban,6247,00000,2016-10-11,2022-09-26,UNDIVIDED_HISTORICAL,2016-10-11,2016-10-11 Statutory Baseline Snapshot (Unmodified throughout 2016-2022 epoch),10 Legacy AP Districts (2014 Telangana State Formation),NONE,Continuous statutory existence without bifurcation,false,ts_lgd_mandals_2016_v1
251,TS-MDL-4505,TS-MDL-4505-V1,Khairatabad,Khairatabad,Hyderabad,4505,04505,2016-10-11,2022-09-26,UNDIVIDED_HISTORICAL,2016-10-11,2016-10-11 Statutory Baseline Snapshot (Unmodified throughout 2016-2022 epoch),10 Legacy AP Districts (2014 Telangana State Formation),NONE,Continuous statutory existence without bifurcation,false,ts_lgd_mandals_2016_v1
252,TS-MDL-6326,TS-MDL-6326-V1,Khammam_Urban,Khammam Urban,Khammam,6326,00000,2016-10-11,2022-09-26,UNDIVIDED_HISTORICAL,2016-10-11,2016-10-11 Statutory Baseline Snapshot (Unmodified throughout 2016-2022 epoch),10 Legacy AP Districts (2014 Telangana State Formation),NONE,Continuous statutory existence without bifurcation,false,ts_lgd_mandals_2016_v1
253,TS-MDL-4347,TS-MDL-4347-V1,Khanapur,Khanapur,Nirmal,4347,04347,2016-10-11,2022-09-26,UNDIVIDED_HISTORICAL,2016-10-11,2016-10-11 Statutory Baseline Snapshot (Unmodified throughout 2016-2022 epoch),10 Legacy AP Districts (2014 Telangana State Formation),NONE,Continuous statutory existence without bifurcation,false,ts_lgd_mandals_2016_v1
254,TS-MDL-4451,TS-MDL-4451-V1,Manoor,Manoor,Sangareddy,4451,04451,2016-10-11,2022-09-26,UNDIVIDED_HISTORICAL,2016-10-11,2016-10-11 Statutory Baseline Snapshot (Unmodified throughout 2016-2022 epoch),10 Legacy AP Districts (2014 Telangana State Formation),NONE,Continuous statutory existence without bifurcation,false,ts_lgd_mandals_2016_v1
255,TS-MDL-4611,TS-MDL-4611-V1,Manopad,Manopad,Jogulamba Gadwal,4611,04611,2016-10-11,2022-09-26,UNDIVIDED_HISTORICAL,2016-10-11,2016-10-11 Statutory Baseline Snapshot (Unmodified throughout 2016-2022 epoch),10 Legacy AP Districts (2014 Telangana State Formation),NONE,Continuous statutory existence without bifurcation,false,ts_lgd_mandals_2016_v1
256,TS-MDL-4709,TS-MDL-4709-V1,Khanapur,Khanapur,Warangal_Rural,4709,04709,2016-10-11,2022-09-26,UNDIVIDED_HISTORICAL,2016-10-11,2016-10-11 Statutory Baseline Snapshot (Unmodified throughout 2016-2022 epoch),10 Legacy AP Districts (2014 Telangana State Formation),NONE,Continuous statutory existence without bifurcation,false,ts_lgd_mandals_2016_v1
257,TS-MDL-6246,TS-MDL-6246-V1,Khila Warangal,Khila Warangal,Warangal_Urban,6246,00000,2016-10-11,2022-09-26,UNDIVIDED_HISTORICAL,2016-10-11,2016-10-11 Statutory Baseline Snapshot (Unmodified throughout 2016-2022 epoch),10 Legacy AP Districts (2014 Telangana State Formation),NONE,Continuous statutory existence without bifurcation,false,ts_lgd_mandals_2016_v1
258,TS-MDL-4668,TS-MDL-4668-V1,Kodad,Kodad,Suryapet,4668,04668,2016-10-11,2022-09-26,UNDIVIDED_HISTORICAL,2016-10-11,2016-10-11 Statutory Baseline Snapshot (Unmodified throughout 2016-2022 epoch),10 Legacy AP Districts (2014 Telangana State Formation),NONE,Continuous statutory existence without bifurcation,false,ts_lgd_mandals_2016_v1
259,TS-MDL-4600,TS-MDL-4600-V1,Kodair,Kodair,Nagarkurnool,4600,04600,2016-10-11,2022-09-26,UNDIVIDED_HISTORICAL,2016-10-11,2016-10-11 Statutory Baseline Snapshot (Unmodified throughout 2016-2022 epoch),10 Legacy AP Districts (2014 Telangana State Formation),NONE,Continuous statutory existence without bifurcation,false,ts_lgd_mandals_2016_v1
260,TS-MDL-4549,TS-MDL-4549-V1,Kodangal,Kodangal,Vikarabad,4549,04549,2016-10-11,2022-09-26,SPLIT_2022_09_26,2016-10-11,2016-10-11 Statutory Baseline Snapshot (Territorial envelope valid until 2022-09-26),10 Legacy AP Districts (2014 Telangana State Formation),Dudyal (LGD 7540),Predecessor to Dudyal (LGD 7540) formed on 2022-09-26 under G.O.Ms.No. 84,false,ts_lgd_mandals_2016_v1
261,TS-MDL-4420,TS-MDL-4420-V1,Kodimial,Kodimial,Jagtial,4420,04420,2016-10-11,2022-09-26,UNDIVIDED_HISTORICAL,2016-10-11,2016-10-11 Statutory Baseline Snapshot (Unmodified throughout 2016-2022 epoch),10 Legacy AP Districts (2014 Telangana State Formation),NONE,Continuous statutory existence without bifurcation,false,ts_lgd_mandals_2016_v1
262,TS-MDL-4443,TS-MDL-4443-V1,Koheda,Koheda,Siddipet,4443,04443,2016-10-11,2022-09-26,UNDIVIDED_HISTORICAL,2016-10-11,2016-10-11 Statutory Baseline Snapshot (Unmodified throughout 2016-2022 epoch),10 Legacy AP Districts (2014 Telangana State Formation),NONE,Continuous statutory existence without bifurcation,false,ts_lgd_mandals_2016_v1
263,TS-MDL-4475,TS-MDL-4475-V1,Kohir,Kohir,Sangareddy,4475,04475,2016-10-11,2022-09-26,UNDIVIDED_HISTORICAL,2016-10-11,2016-10-11 Statutory Baseline Snapshot (Unmodified throughout 2016-2022 epoch),10 Legacy AP Districts (2014 Telangana State Formation),NONE,Continuous statutory existence without bifurcation,false,ts_lgd_mandals_2016_v1
264,TS-MDL-4569,TS-MDL-4569-V1,Koilkonda,Koilkonda,Mahabubnagar,4569,04569,2016-10-11,2022-09-26,UNDIVIDED_HISTORICAL,2016-10-11,2016-10-11 Statutory Baseline Snapshot (Unmodified throughout 2016-2022 epoch),10 Legacy AP Districts (2014 Telangana State Formation),NONE,Continuous statutory existence without bifurcation,false,ts_lgd_mandals_2016_v1
265,TS-MDL-4431,TS-MDL-4431-V1,Konaraopet,Konaraopet,Rajanna Sircilla,4431,04431,2016-10-11,2022-09-26,UNDIVIDED_HISTORICAL,2016-10-11,2016-10-11 Statutory Baseline Snapshot (Unmodified throughout 2016-2022 epoch),10 Legacy AP Districts (2014 Telangana State Formation),NONE,Continuous statutory existence without bifurcation,false,ts_lgd_mandals_2016_v1
266,TS-MDL-6307,TS-MDL-6307-V1,Kondamallapally,Kondamallepally,Nalgonda,6307,00000,2016-10-11,2022-09-26,UNDIVIDED_HISTORICAL,2016-10-11,2016-10-11 Statutory Baseline Snapshot (Unmodified throughout 2016-2022 epoch),10 Legacy AP Districts (2014 Telangana State Formation),NONE,Continuous statutory existence without bifurcation,false,ts_lgd_mandals_2016_v1
267,TS-MDL-4462,TS-MDL-4462-V1,Kondapak,Kondapak,Siddipet,4462,04462,2016-10-11,2022-09-26,SPLIT_2022_09_26,2016-10-11,2016-10-11 Statutory Baseline Snapshot (Territorial envelope valid until 2022-09-26),10 Legacy AP Districts (2014 Telangana State Formation),Kukunoorpally (LGD 7521),Predecessor to Kukunoorpally (LGD 7521) formed on 2022-09-26 under G.O.Ms.No. 82,false,ts_lgd_mandals_2016_v1
268,TS-MDL-4491,TS-MDL-4491-V1,Kondapur,Kondapur,Sangareddy,4491,04491,2016-10-11,2022-09-26,UNDIVIDED_HISTORICAL,2016-10-11,2016-10-11 Statutory Baseline Snapshot (Unmodified throughout 2016-2022 epoch),10 Legacy AP Districts (2014 Telangana State Formation),NONE,Continuous statutory existence without bifurcation,false,ts_lgd_mandals_2016_v1
269,TS-MDL-4417,TS-MDL-4417-V1,Metpalli,Metpalli,Jagtial,4417,04417,2016-10-11,2022-09-26,UNDIVIDED_HISTORICAL,2016-10-11,2016-10-11 Statutory Baseline Snapshot (Unmodified throughout 2016-2022 epoch),10 Legacy AP Districts (2014 Telangana State Formation),NONE,Continuous statutory existence without bifurcation,false,ts_lgd_mandals_2016_v1
270,TS-MDL-4616,TS-MDL-4616-V1,Yadagirigutta,Yadagirigutta,Yadadri Bhuvanagiri,4616,04616,2016-10-11,2022-09-26,UNDIVIDED_HISTORICAL,2016-10-11,2016-10-11 Statutory Baseline Snapshot (Unmodified throughout 2016-2022 epoch),10 Legacy AP Districts (2014 Telangana State Formation),NONE,Continuous statutory existence without bifurcation,false,ts_lgd_mandals_2016_v1
271,TS-MDL-4761,TS-MDL-4761-V1,Konijerla,Konijerla,Khammam,4761,04761,2016-10-11,2022-09-26,UNDIVIDED_HISTORICAL,2016-10-11,2016-10-11 Statutory Baseline Snapshot (Unmodified throughout 2016-2022 epoch),10 Legacy AP Districts (2014 Telangana State Formation),NONE,Continuous statutory existence without bifurcation,false,ts_lgd_mandals_2016_v1
272,TS-MDL-4416,TS-MDL-4416-V1,Korutla,Korutla,Jagtial,4416,04416,2016-10-11,2022-09-26,UNDIVIDED_HISTORICAL,2016-10-11,2016-10-11 Statutory Baseline Snapshot (Unmodified throughout 2016-2022 epoch),10 Legacy AP Districts (2014 Telangana State Formation),NONE,Continuous statutory existence without bifurcation,false,ts_lgd_mandals_2016_v1
273,TS-MDL-4371,TS-MDL-4371-V1,Kotagiri,Kotagiri,Nizamabad,4371,04371,2016-10-11,2022-09-26,SPLIT_POST_2022,2016-10-11,2016-10-11 Statutory Baseline Snapshot (Unmodified throughout 2016-2022 epoch),10 Legacy AP Districts (2014 Telangana State Formation),Pothangal (LGD 7534),Predecessor to Pothangal (LGD 7534) formed in 2022,false,ts_lgd_mandals_2016_v1
274,TS-MDL-4664,TS-MDL-4664-V1,Miryalaguda,Miryalaguda,Nalgonda,4664,04664,2016-10-11,2022-09-26,SPLIT_POST_2022,2016-10-11,2016-10-11 Statutory Baseline Snapshot (Unmodified throughout 2016-2022 epoch),10 Legacy AP Districts (2014 Telangana State Formation),Gudipally (LGD 7527),Predecessor to Gudipally (LGD 7527) formed in 2023,false,ts_lgd_mandals_2016_v1
275,TS-MDL-4710,TS-MDL-4710-V1,Kothaguda,Kothaguda,Mahabubabad,4710,04710,2016-10-11,2022-09-26,UNDIVIDED_HISTORICAL,2016-10-11,2016-10-11 Statutory Baseline Snapshot (Unmodified throughout 2016-2022 epoch),10 Legacy AP Districts (2014 Telangana State Formation),NONE,Continuous statutory existence without bifurcation,false,ts_lgd_mandals_2016_v1
276,TS-MDL-4738,TS-MDL-4738-V1,Kothagudem,Kothagudem,Bhadradri Kothagudem,4738,04738,2016-10-11,2022-09-26,UNDIVIDED_HISTORICAL,2016-10-11,2016-10-11 Statutory Baseline Snapshot (Unmodified throughout 2016-2022 epoch),10 Legacy AP Districts (2014 Telangana State Formation),NONE,Continuous statutory existence without bifurcation,false,ts_lgd_mandals_2016_v1
277,TS-MDL-4316,TS-MDL-4316-V1,Kouthala,Koutala,Kumurambheem Asifabad,4316,04316,2016-10-11,2022-09-26,UNDIVIDED_HISTORICAL,2016-10-11,2016-10-11 Statutory Baseline Snapshot (Unmodified throughout 2016-2022 epoch),10 Legacy AP Districts (2014 Telangana State Formation),NONE,Continuous statutory existence without bifurcation,false,ts_lgd_mandals_2016_v1
278,TS-MDL-4341,TS-MDL-4341-V1,Mudhole,Mudhole,Nirmal,4341,04341,2016-10-11,2022-09-26,UNDIVIDED_HISTORICAL,2016-10-11,2016-10-11 Statutory Baseline Snapshot (Unmodified throughout 2016-2022 epoch),10 Legacy AP Districts (2014 Telangana State Formation),NONE,Continuous statutory existence without bifurcation,false,ts_lgd_mandals_2016_v1
279,TS-MDL-4758,TS-MDL-4758-V1,Mudigonda,Mudigonda,Khammam,4758,04758,2016-10-11,2022-09-26,UNDIVIDED_HISTORICAL,2016-10-11,2016-10-11 Statutory Baseline Snapshot (Unmodified throughout 2016-2022 epoch),10 Legacy AP Districts (2014 Telangana State Formation),NONE,Continuous statutory existence without bifurcation,false,ts_lgd_mandals_2016_v1
280,TS-MDL-4480,TS-MDL-4480-V1,Kowdipally,Kowdipally,Medak,4480,04480,2016-10-11,2022-09-26,UNDIVIDED_HISTORICAL,2016-10-11,2016-10-11 Statutory Baseline Snapshot (Unmodified throughout 2016-2022 epoch),10 Legacy AP Districts (2014 Telangana State Formation),NONE,Continuous statutory existence without bifurcation,false,ts_lgd_mandals_2016_v1
281,TS-MDL-4338,TS-MDL-4338-V1,Kubeer,Kubeer,Nirmal,4338,04338,2016-10-11,2022-09-26,UNDIVIDED_HISTORICAL,2016-10-11,2016-10-11 Statutory Baseline Snapshot (Unmodified throughout 2016-2022 epoch),10 Legacy AP Districts (2014 Telangana State Formation),NONE,Continuous statutory existence without bifurcation,false,ts_lgd_mandals_2016_v1
282,TS-MDL-6327,TS-MDL-6327-V1,Kukatpally,Kukatpally,Medchal_Malkajgiri,6327,00000,2016-10-11,2022-09-26,UNDIVIDED_HISTORICAL,2016-10-11,2016-10-11 Statutory Baseline Snapshot (Unmodified throughout 2016-2022 epoch),10 Legacy AP Districts (2014 Telangana State Formation),NONE,Continuous statutory existence without bifurcation,false,ts_lgd_mandals_2016_v1
283,TS-MDL-4468,TS-MDL-4468-V1,Kulcharam,Kulcharam,Medak,4468,04468,2016-10-11,2022-09-26,UNDIVIDED_HISTORICAL,2016-10-11,2016-10-11 Statutory Baseline Snapshot (Unmodified throughout 2016-2022 epoch),10 Legacy AP Districts (2014 Telangana State Formation),NONE,Continuous statutory existence without bifurcation,false,ts_lgd_mandals_2016_v1
284,TS-MDL-4337,TS-MDL-4337-V1,Kuntala,Kuntala,Nirmal,4337,04337,2016-10-11,2022-09-26,UNDIVIDED_HISTORICAL,2016-10-11,2016-10-11 Statutory Baseline Snapshot (Unmodified throughout 2016-2022 epoch),10 Legacy AP Districts (2014 Telangana State Formation),NONE,Continuous statutory existence without bifurcation,false,ts_lgd_mandals_2016_v1
285,TS-MDL-4473,TS-MDL-4473-V1,Nyalkal,Nyalkal,Sangareddy,4473,04473,2016-10-11,2022-09-26,UNDIVIDED_HISTORICAL,2016-10-11,2016-10-11 Statutory Baseline Snapshot (Unmodified throughout 2016-2022 epoch),10 Legacy AP Districts (2014 Telangana State Formation),NONE,Continuous statutory existence without bifurcation,false,ts_lgd_mandals_2016_v1
286,TS-MDL-4721,TS-MDL-4721-V1,Kuravi,Kuravi,Mahabubabad,4721,04721,2016-10-11,2022-09-26,SPLIT_2022_09_26,2016-10-11,2016-10-11 Statutory Baseline Snapshot (Territorial envelope valid until 2022-09-26),10 Legacy AP Districts (2014 Telangana State Formation),Seerole (LGD 7518),Predecessor to Seerole (LGD 7518) formed on 2022-09-26 under G.O.Ms.No. 81,false,ts_lgd_mandals_2016_v1
287,TS-MDL-4345,TS-MDL-4345-V1,Laxmanchanda,Laxmanchanda,Nirmal,4345,04345,2016-10-11,2022-09-26,UNDIVIDED_HISTORICAL,2016-10-11,2016-10-11 Statutory Baseline Snapshot (Unmodified throughout 2016-2022 epoch),10 Legacy AP Districts (2014 Telangana State Formation),NONE,Continuous statutory existence without bifurcation,false,ts_lgd_mandals_2016_v1
288,TS-MDL-6266,TS-MDL-6266-V1,Laxmidevipally,Laxmidevipalli,Bhadradri Kothagudem,6266,00000,2016-10-11,2022-09-26,UNDIVIDED_HISTORICAL,2016-10-11,2016-10-11 Statutory Baseline Snapshot (Unmodified throughout 2016-2022 epoch),10 Legacy AP Districts (2014 Telangana State Formation),NONE,Continuous statutory existence without bifurcation,false,ts_lgd_mandals_2016_v1
289,TS-MDL-4700,TS-MDL-4700-V1,Lingalaghanpur,Lingalaghanpur,Jangoan,4700,04700,2016-10-11,2022-09-26,UNDIVIDED_HISTORICAL,2016-10-11,2016-10-11 Statutory Baseline Snapshot (Unmodified throughout 2016-2022 epoch),10 Legacy AP Districts (2014 Telangana State Formation),NONE,Continuous statutory existence without bifurcation,false,ts_lgd_mandals_2016_v1
290,TS-MDL-4388,TS-MDL-4388-V1,Lingampet,Lingampet,Kamareddy,4388,04388,2016-10-11,2022-09-26,UNDIVIDED_HISTORICAL,2016-10-11,2016-10-11 Statutory Baseline Snapshot (Unmodified throughout 2016-2022 epoch),10 Legacy AP Districts (2014 Telangana State Formation),NONE,Continuous statutory existence without bifurcation,false,ts_lgd_mandals_2016_v1
291,TS-MDL-6311,TS-MDL-6311-V1,Lingapur,Lingapur,Kumurambheem Asifabad,6311,00000,2016-10-11,2022-09-26,UNDIVIDED_HISTORICAL,2016-10-11,2016-10-11 Statutory Baseline Snapshot (Unmodified throughout 2016-2022 epoch),10 Legacy AP Districts (2014 Telangana State Formation),NONE,Continuous statutory existence without bifurcation,false,ts_lgd_mandals_2016_v1
292,TS-MDL-4636,TS-MDL-4636-V1,Nakrekal,Nakrekal,Nalgonda,4636,04636,2016-10-11,2022-09-26,UNDIVIDED_HISTORICAL,2016-10-11,2016-10-11 Statutory Baseline Snapshot (Unmodified throughout 2016-2022 epoch),10 Legacy AP Districts (2014 Telangana State Formation),NONE,Continuous statutory existence without bifurcation,false,ts_lgd_mandals_2016_v1
293,TS-MDL-4342,TS-MDL-4342-V1,Lokeshwaram,Lokeswaram,Nirmal,4342,04342,2016-10-11,2022-09-26,UNDIVIDED_HISTORICAL,2016-10-11,2016-10-11 Statutory Baseline Snapshot (Unmodified throughout 2016-2022 epoch),10 Legacy AP Districts (2014 Telangana State Formation),NONE,Continuous statutory existence without bifurcation,false,ts_lgd_mandals_2016_v1
294,TS-MDL-4380,TS-MDL-4380-V1,Machareddy,Machareddy,Kamareddy,4380,04380,2016-10-11,2022-09-26,SPLIT_POST_2022,2016-10-11,2016-10-11 Statutory Baseline Snapshot (Unmodified throughout 2016-2022 epoch),10 Legacy AP Districts (2014 Telangana State Formation),Mohammadnagar (LGD 7520),Predecessor to Mohammadnagar (LGD 7520) formed in 2023,false,ts_lgd_mandals_2016_v1
295,TS-MDL-4708,TS-MDL-4708-V1,Narsampet,Narsampet,Warangal_Rural,4708,04708,2016-10-11,2022-09-26,UNDIVIDED_HISTORICAL,2016-10-11,2016-10-11 Statutory Baseline Snapshot (Unmodified throughout 2016-2022 epoch),10 Legacy AP Districts (2014 Telangana State Formation),NONE,Continuous statutory existence without bifurcation,false,ts_lgd_mandals_2016_v1
296,TS-MDL-4488,TS-MDL-4488-V1,Narsapur,Narsapur,Medak,4488,04488,2016-10-11,2022-09-26,UNDIVIDED_HISTORICAL,2016-10-11,2016-10-11 Statutory Baseline Snapshot (Unmodified throughout 2016-2022 epoch),10 Legacy AP Districts (2014 Telangana State Formation),NONE,Continuous statutory existence without bifurcation,false,ts_lgd_mandals_2016_v1
297,TS-MDL-6208,TS-MDL-6208-V1,Narsapur_G,Narsapur G,Nirmal,6208,00000,2016-10-11,2022-09-26,UNDIVIDED_HISTORICAL,2016-10-11,2016-10-11 Statutory Baseline Snapshot (Unmodified throughout 2016-2022 epoch),10 Legacy AP Districts (2014 Telangana State Formation),NONE,Continuous statutory existence without bifurcation,false,ts_lgd_mandals_2016_v1
298,TS-MDL-6258,TS-MDL-6258-V1,Mahabubnagar_Rural,Mahabubnagar Rural,Mahabubnagar,6258,00000,2016-10-11,2022-09-26,UNDIVIDED_HISTORICAL,2016-10-11,2016-10-11 Statutory Baseline Snapshot (Unmodified throughout 2016-2022 epoch),10 Legacy AP Districts (2014 Telangana State Formation),NONE,Continuous statutory existence without bifurcation,false,ts_lgd_mandals_2016_v1
299,TS-MDL-4554,TS-MDL-4554-V1,Maddur,Maddur,Narayanpet,4554,04554,2016-10-11,2022-09-26,UNDIVIDED_HISTORICAL,2016-10-11,2016-10-11 Statutory Baseline Snapshot (Unmodified throughout 2016-2022 epoch),10 Legacy AP Districts (2014 Telangana State Formation),NONE,Continuous statutory existence without bifurcation,false,ts_lgd_mandals_2016_v1
300,TS-MDL-4766,TS-MDL-4766-V1,Madhira,Madhira,Khammam,4766,04766,2016-10-11,2022-09-26,UNDIVIDED_HISTORICAL,2016-10-11,2016-10-11 Statutory Baseline Snapshot (Unmodified throughout 2016-2022 epoch),10 Legacy AP Districts (2014 Telangana State Formation),NONE,Continuous statutory existence without bifurcation,false,ts_lgd_mandals_2016_v1
301,TS-MDL-4372,TS-MDL-4372-V1,Madnur,Madnoor,Kamareddy,4372,04372,2016-10-11,2022-09-26,SPLIT_2022_09_26,2016-10-11,2016-10-11 Statutory Baseline Snapshot (Territorial envelope valid until 2022-09-26),10 Legacy AP Districts (2014 Telangana State Formation),Dongli (LGD 7525),Predecessor to Dongli (LGD 7525) formed on 2022-09-26 under G.O.Ms.No. 81,false,ts_lgd_mandals_2016_v1
302,TS-MDL-6305,TS-MDL-6305-V1,Madugulapally,Madugulapally,Nalgonda,6305,00000,2016-10-11,2022-09-26,UNDIVIDED_HISTORICAL,2016-10-11,2016-10-11 Statutory Baseline Snapshot (Unmodified throughout 2016-2022 epoch),10 Legacy AP Districts (2014 Telangana State Formation),NONE,Continuous statutory existence without bifurcation,false,ts_lgd_mandals_2016_v1
303,TS-MDL-4590,TS-MDL-4590-V1,Maganoor,Maganoor,Narayanpet,4590,04590,2016-10-11,2022-09-26,UNDIVIDED_HISTORICAL,2016-10-11,2016-10-11 Statutory Baseline Snapshot (Unmodified throughout 2016-2022 epoch),10 Legacy AP Districts (2014 Telangana State Formation),NONE,Continuous statutory existence without bifurcation,false,ts_lgd_mandals_2016_v1
304,TS-MDL-4718,TS-MDL-4718-V1,Mahabubabad,Mahabubabad,Mahabubabad,4718,04718,2016-10-11,2022-09-26,SPLIT_2022_09_26,2016-10-11,2016-10-11 Statutory Baseline Snapshot (Territorial envelope valid until 2022-09-26),10 Legacy AP Districts (2014 Telangana State Formation),Seerole (LGD 7518),Predecessor to Seerole (LGD 7518) formed on 2022-09-26 under G.O.Ms.No. 81,false,ts_lgd_mandals_2016_v1
305,TS-MDL-4588,TS-MDL-4588-V1,Narva,Narwa,Narayanpet,4588,04588,2016-10-11,2022-09-26,UNDIVIDED_HISTORICAL,2016-10-11,2016-10-11 Statutory Baseline Snapshot (Unmodified throughout 2016-2022 epoch),10 Legacy AP Districts (2014 Telangana State Formation),NONE,Continuous statutory existence without bifurcation,false,ts_lgd_mandals_2016_v1
306,TS-MDL-4568,TS-MDL-4568-V1,Mahabubnagar_Urban,Mahabubnagar Urban,Mahabubnagar,4568,04568,2016-10-11,2022-09-26,UNDIVIDED_HISTORICAL,2016-10-11,2016-10-11 Statutory Baseline Snapshot (Unmodified throughout 2016-2022 epoch),10 Legacy AP Districts (2014 Telangana State Formation),NONE,Continuous statutory existence without bifurcation,false,ts_lgd_mandals_2016_v1
307,TS-MDL-4358,TS-MDL-4358-V1,Navipet,Navipet,Nizamabad,4358,04358,2016-10-11,2022-09-26,UNDIVIDED_HISTORICAL,2016-10-11,2016-10-11 Statutory Baseline Snapshot (Unmodified throughout 2016-2022 epoch),10 Legacy AP Districts (2014 Telangana State Formation),NONE,Continuous statutory existence without bifurcation,false,ts_lgd_mandals_2016_v1
308,TS-MDL-4556,TS-MDL-4556-V1,Nawabpet,Nawabpet,Mahabubnagar,4556,04556,2016-10-11,2022-09-26,UNDIVIDED_HISTORICAL,2016-10-11,2016-10-11 Statutory Baseline Snapshot (Unmodified throughout 2016-2022 epoch),10 Legacy AP Districts (2014 Telangana State Formation),NONE,Continuous statutory existence without bifurcation,false,ts_lgd_mandals_2016_v1
309,TS-MDL-4514,TS-MDL-4514-V1,Nawabpet,Nawabpet,Vikarabad,4514,04514,2016-10-11,2020-09-24,SPLIT_2020_09_24,2016-10-11,2016-10-11 Statutory Baseline Snapshot (Territorial envelope valid until 2020-09-24),10 Legacy AP Districts (2014 Telangana State Formation),Chowdapur (LGD 7186),Predecessor to Chowdapur (LGD 7186) formed on 2020-09-24 under G.O.Ms.No. 108,false,ts_lgd_mandals_2016_v1
310,TS-MDL-4713,TS-MDL-4713-V1,Nekkonda,Nekkonda,Warangal_Rural,4713,04713,2016-10-11,2022-09-26,UNDIVIDED_HISTORICAL,2016-10-11,2016-10-11 Statutory Baseline Snapshot (Unmodified throughout 2016-2022 epoch),10 Legacy AP Districts (2014 Telangana State Formation),NONE,Continuous statutory existence without bifurcation,false,ts_lgd_mandals_2016_v1
311,TS-MDL-4759,TS-MDL-4759-V1,Nelakondapally,Nelakondapalli,Khammam,4759,04759,2016-10-11,2022-09-26,UNDIVIDED_HISTORICAL,2016-10-11,2016-10-11 Statutory Baseline Snapshot (Unmodified throughout 2016-2022 epoch),10 Legacy AP Districts (2014 Telangana State Formation),NONE,Continuous statutory existence without bifurcation,false,ts_lgd_mandals_2016_v1
312,TS-MDL-4716,TS-MDL-4716-V1,Nellikudur,Nellikudur,Mahabubabad,4716,04716,2016-10-11,2022-09-26,UNDIVIDED_HISTORICAL,2016-10-11,2016-10-11 Statutory Baseline Snapshot (Unmodified throughout 2016-2022 epoch),10 Legacy AP Districts (2014 Telangana State Formation),NONE,Continuous statutory existence without bifurcation,false,ts_lgd_mandals_2016_v1
313,TS-MDL-4403,TS-MDL-4403-V1,Mahadevpur,Mahadevpur,Jayashankar Bhupalpally,4403,04403,2016-10-11,2022-09-26,UNDIVIDED_HISTORICAL,2016-10-11,2016-10-11 Statutory Baseline Snapshot (Unmodified throughout 2016-2022 epoch),10 Legacy AP Districts (2014 Telangana State Formation),NONE,Continuous statutory existence without bifurcation,false,ts_lgd_mandals_2016_v1
314,TS-MDL-4526,TS-MDL-4526-V1,Saroornagar,Saroornagar,Rangareddy,4526,04526,2016-10-11,2022-09-26,UNDIVIDED_HISTORICAL,2016-10-11,2016-10-11 Statutory Baseline Snapshot (Unmodified throughout 2016-2022 epoch),10 Legacy AP Districts (2014 Telangana State Formation),NONE,Continuous statutory existence without bifurcation,false,ts_lgd_mandals_2016_v1
315,TS-MDL-4728,TS-MDL-4728-V1,Aswapuram,Aswapuram,Bhadradri Kothagudem,4728,04728,2016-10-11,2022-09-26,UNDIVIDED_HISTORICAL,2016-10-11,2016-10-11 Statutory Baseline Snapshot (Unmodified throughout 2016-2022 epoch),10 Legacy AP Districts (2014 Telangana State Formation),NONE,Continuous statutory existence without bifurcation,false,ts_lgd_mandals_2016_v1
316,TS-MDL-4674,TS-MDL-4674-V1,Bachannapet,Bachannapet,Jangoan,4674,04674,2016-10-11,2022-09-26,UNDIVIDED_HISTORICAL,2016-10-11,2016-10-11 Statutory Baseline Snapshot (Unmodified throughout 2016-2022 epoch),10 Legacy AP Districts (2014 Telangana State Formation),NONE,Continuous statutory existence without bifurcation,false,ts_lgd_mandals_2016_v1
317,TS-MDL-6315,TS-MDL-6315-V1,Bachupally,Bachupally,Medchal_Malkajgiri,6315,00000,2016-10-11,2022-09-26,UNDIVIDED_HISTORICAL,2016-10-11,2016-10-11 Statutory Baseline Snapshot (Unmodified throughout 2016-2022 epoch),10 Legacy AP Districts (2014 Telangana State Formation),NONE,Continuous statutory existence without bifurcation,false,ts_lgd_mandals_2016_v1
318,TS-MDL-4405,TS-MDL-4405-V1,Malharrao,Malharrao,Jayashankar Bhupalpally,4405,04405,2016-10-11,2022-09-26,UNDIVIDED_HISTORICAL,2016-10-11,2016-10-11 Statutory Baseline Snapshot (Unmodified throughout 2016-2022 epoch),10 Legacy AP Districts (2014 Telangana State Formation),NONE,Continuous statutory existence without bifurcation,false,ts_lgd_mandals_2016_v1
319,TS-MDL-4661,TS-MDL-4661-V1,Nidamanoor,Nidmanoor,Nalgonda,4661,04661,2016-10-11,2022-09-26,UNDIVIDED_HISTORICAL,2016-10-11,2016-10-11 Statutory Baseline Snapshot (Unmodified throughout 2016-2022 epoch),10 Legacy AP Districts (2014 Telangana State Formation),NONE,Continuous statutory existence without bifurcation,false,ts_lgd_mandals_2016_v1
320,TS-MDL-4521,TS-MDL-4521-V1,Malkajgiri,Malkajgiri,Medchal_Malkajgiri,4521,04521,2016-10-11,2022-09-26,UNDIVIDED_HISTORICAL,2016-10-11,2016-10-11 Statutory Baseline Snapshot (Unmodified throughout 2016-2022 epoch),10 Legacy AP Districts (2014 Telangana State Formation),NONE,Continuous statutory existence without bifurcation,false,ts_lgd_mandals_2016_v1
321,TS-MDL-4354,TS-MDL-4354-V1,Mancherial,Mancherial,Mancherial,4354,04354,2016-10-11,2022-09-26,UNDIVIDED_HISTORICAL,2016-10-11,2016-10-11 Statutory Baseline Snapshot (Unmodified throughout 2016-2022 epoch),10 Legacy AP Districts (2014 Telangana State Formation),NONE,Continuous statutory existence without bifurcation,false,ts_lgd_mandals_2016_v1
322,TS-MDL-6210,TS-MDL-6210-V1,Nirmal Rural,Nirmal Rural,Nirmal,6210,00000,2016-10-11,2022-09-26,UNDIVIDED_HISTORICAL,2016-10-11,2016-10-11 Statutory Baseline Snapshot (Unmodified throughout 2016-2022 epoch),10 Legacy AP Districts (2014 Telangana State Formation),NONE,Continuous statutory existence without bifurcation,false,ts_lgd_mandals_2016_v1
323,TS-MDL-6233,TS-MDL-6233-V1,Nizamabad Rural,Nizamabad Rural,Nizamabad,6233,00000,2016-10-11,2022-09-26,UNDIVIDED_HISTORICAL,2016-10-11,2016-10-11 Statutory Baseline Snapshot (Unmodified throughout 2016-2022 epoch),10 Legacy AP Districts (2014 Telangana State Formation),NONE,Continuous statutory existence without bifurcation,false,ts_lgd_mandals_2016_v1
324,TS-MDL-4352,TS-MDL-4352-V1,Mandamarri,Mandamarri,Mancherial,4352,04352,2016-10-11,2022-09-26,UNDIVIDED_HISTORICAL,2016-10-11,2016-10-11 Statutory Baseline Snapshot (Unmodified throughout 2016-2022 epoch),10 Legacy AP Districts (2014 Telangana State Formation),NONE,Continuous statutory existence without bifurcation,false,ts_lgd_mandals_2016_v1
325,TS-MDL-4385,TS-MDL-4385-V1,Nizamsagar,Nizamsagar,Kamareddy,4385,04385,2016-10-11,2022-09-26,SPLIT_POST_2022,2016-10-11,2016-10-11 Statutory Baseline Snapshot (Unmodified throughout 2016-2022 epoch),10 Legacy AP Districts (2014 Telangana State Formation),Palwancha (LGD 7519),Predecessor to Palwancha (LGD 7519) formed in 2023,false,ts_lgd_mandals_2016_v1
326,TS-MDL-4686,TS-MDL-4686-V1,Mangapet,Mangapet,Mulugu,4686,04686,2016-10-11,2022-09-26,UNDIVIDED_HISTORICAL,2016-10-11,2016-10-11 Statutory Baseline Snapshot (Unmodified throughout 2016-2022 epoch),10 Legacy AP Districts (2014 Telangana State Formation),NONE,Continuous statutory existence without bifurcation,false,ts_lgd_mandals_2016_v1
327,TS-MDL-4401,TS-MDL-4401-V1,Manthani,Manthani,Peddapalli,4401,04401,2016-10-11,2022-09-26,UNDIVIDED_HISTORICAL,2016-10-11,2016-10-11 Statutory Baseline Snapshot (Unmodified throughout 2016-2022 epoch),10 Legacy AP Districts (2014 Telangana State Formation),NONE,Continuous statutory existence without bifurcation,false,ts_lgd_mandals_2016_v1
328,TS-MDL-4727,TS-MDL-4727-V1,Manuguru,Manuguru,Bhadradri Kothagudem,4727,04727,2016-10-11,2022-09-26,UNDIVIDED_HISTORICAL,2016-10-11,2016-10-11 Statutory Baseline Snapshot (Unmodified throughout 2016-2022 epoch),10 Legacy AP Districts (2014 Telangana State Formation),NONE,Continuous statutory existence without bifurcation,false,ts_lgd_mandals_2016_v1
329,TS-MDL-4500,TS-MDL-4500-V1,Maredpally,Marredpally,Hyderabad,4500,04500,2016-10-11,2022-09-26,UNDIVIDED_HISTORICAL,2016-10-11,2016-10-11 Statutory Baseline Snapshot (Unmodified throughout 2016-2022 epoch),10 Legacy AP Districts (2014 Telangana State Formation),NONE,Continuous statutory existence without bifurcation,false,ts_lgd_mandals_2016_v1
330,TS-MDL-6276,TS-MDL-6276-V1,Ameenpur,Ameenpur,Sangareddy,6276,00000,2016-10-11,2022-09-26,UNDIVIDED_HISTORICAL,2016-10-11,2016-10-11 Statutory Baseline Snapshot (Unmodified throughout 2016-2022 epoch),10 Legacy AP Districts (2014 Telangana State Formation),NONE,Continuous statutory existence without bifurcation,false,ts_lgd_mandals_2016_v1
331,TS-MDL-4493,TS-MDL-4493-V1,Jinnaram,Jinnaram,Sangareddy,4493,04493,2016-10-11,2022-09-26,UNDIVIDED_HISTORICAL,2016-10-11,2016-10-11 Statutory Baseline Snapshot (Unmodified throughout 2016-2022 epoch),10 Legacy AP Districts (2014 Telangana State Formation),NONE,Continuous statutory existence without bifurcation,false,ts_lgd_mandals_2016_v1
332,TS-MDL-6263,TS-MDL-6263-V1,Marikal,Marikal,Narayanpet,6263,00000,2016-10-11,2022-09-26,UNDIVIDED_HISTORICAL,2016-10-11,2016-10-11 Statutory Baseline Snapshot (Unmodified throughout 2016-2022 epoch),10 Legacy AP Districts (2014 Telangana State Formation),NONE,Continuous statutory existence without bifurcation,false,ts_lgd_mandals_2016_v1
333,TS-MDL-4720,TS-MDL-4720-V1,Maripeda,Maripeda,Mahabubabad,4720,04720,2016-10-11,2022-09-26,UNDIVIDED_HISTORICAL,2016-10-11,2016-10-11 Statutory Baseline Snapshot (Unmodified throughout 2016-2022 epoch),10 Legacy AP Districts (2014 Telangana State Formation),NONE,Continuous statutory existence without bifurcation,false,ts_lgd_mandals_2016_v1
334,TS-MDL-6282,TS-MDL-6282-V1,Markook,Markook,Siddipet,6282,00000,2016-10-11,2022-09-26,UNDIVIDED_HISTORICAL,2016-10-11,2016-10-11 Statutory Baseline Snapshot (Unmodified throughout 2016-2022 epoch),10 Legacy AP Districts (2014 Telangana State Formation),NONE,Continuous statutory existence without bifurcation,false,ts_lgd_mandals_2016_v1
335,TS-MDL-4512,TS-MDL-4512-V1,Marpalle,Marpalle,Vikarabad,4512,04512,2016-10-11,2022-09-26,UNDIVIDED_HISTORICAL,2016-10-11,2016-10-11 Statutory Baseline Snapshot (Unmodified throughout 2016-2022 epoch),10 Legacy AP Districts (2014 Telangana State Formation),NONE,Continuous statutory existence without bifurcation,false,ts_lgd_mandals_2016_v1
336,TS-MDL-4670,TS-MDL-4670-V1,Mattampalli,Mattampally,Suryapet,4670,04670,2016-10-11,2022-09-26,UNDIVIDED_HISTORICAL,2016-10-11,2016-10-11 Statutory Baseline Snapshot (Unmodified throughout 2016-2022 epoch),10 Legacy AP Districts (2014 Telangana State Formation),NONE,Continuous statutory existence without bifurcation,false,ts_lgd_mandals_2016_v1
337,TS-MDL-4456,TS-MDL-4456-V1,Medak,Medak,Medak,4456,04456,2016-10-11,2022-09-26,UNDIVIDED_HISTORICAL,2016-10-11,2016-10-11 Statutory Baseline Snapshot (Unmodified throughout 2016-2022 epoch),10 Legacy AP Districts (2014 Telangana State Formation),NONE,Continuous statutory existence without bifurcation,false,ts_lgd_mandals_2016_v1
338,TS-MDL-4519,TS-MDL-4519-V1,Medchal,Medchal,Medchal_Malkajgiri,4519,04519,2016-10-11,2022-09-26,UNDIVIDED_HISTORICAL,2016-10-11,2016-10-11 Statutory Baseline Snapshot (Unmodified throughout 2016-2022 epoch),10 Legacy AP Districts (2014 Telangana State Formation),NONE,Continuous statutory existence without bifurcation,false,ts_lgd_mandals_2016_v1
339,TS-MDL-4415,TS-MDL-4415-V1,Medipalle,Medipalli,Jagtial,4415,04415,2016-10-11,2022-09-26,SPLIT_2022_09_26,2016-10-11,2016-10-11 Statutory Baseline Snapshot (Territorial envelope valid until 2022-09-26),10 Legacy AP Districts (2014 Telangana State Formation),Bheemaram (LGD 7541),Predecessor to Bheemaram (LGD 7541) formed on 2022-09-26 under G.O.Ms.No. 80,false,ts_lgd_mandals_2016_v1
340,TS-MDL-4601,TS-MDL-4601-V1,Pangal,Pangal,Wanaparthy,4601,04601,2016-10-11,2022-09-26,UNDIVIDED_HISTORICAL,2016-10-11,2016-10-11 Statutory Baseline Snapshot (Unmodified throughout 2016-2022 epoch),10 Legacy AP Districts (2014 Telangana State Formation),NONE,Continuous statutory existence without bifurcation,false,ts_lgd_mandals_2016_v1
341,TS-MDL-4703,TS-MDL-4703-V1,Raiparthy,Rayaparthy,Warangal_Rural,4703,04703,2016-10-11,2022-09-26,UNDIVIDED_HISTORICAL,2016-10-11,2016-10-11 Statutory Baseline Snapshot (Unmodified throughout 2016-2022 epoch),10 Legacy AP Districts (2014 Telangana State Formation),NONE,Continuous statutory existence without bifurcation,false,ts_lgd_mandals_2016_v1
342,TS-MDL-6318,TS-MDL-6318-V1,Medipally,Medipally,Medchal_Malkajgiri,6318,00000,2016-10-11,2022-09-26,UNDIVIDED_HISTORICAL,2016-10-11,2016-10-11 Statutory Baseline Snapshot (Unmodified throughout 2016-2022 epoch),10 Legacy AP Districts (2014 Telangana State Formation),NONE,Continuous statutory existence without bifurcation,false,ts_lgd_mandals_2016_v1
343,TS-MDL-4540,TS-MDL-4540-V1,Pargi,Pargi,Vikarabad,4540,04540,2016-10-11,2022-09-26,UNDIVIDED_HISTORICAL,2016-10-11,2016-10-11 Statutory Baseline Snapshot (Unmodified throughout 2016-2022 epoch),10 Legacy AP Districts (2014 Telangana State Formation),NONE,Continuous statutory existence without bifurcation,false,ts_lgd_mandals_2016_v1
344,TS-MDL-4679,TS-MDL-4679-V1,Parkal,Parkal,Warangal_Rural,4679,04679,2016-10-11,2022-09-26,UNDIVIDED_HISTORICAL,2016-10-11,2016-10-11 Statutory Baseline Snapshot (Unmodified throughout 2016-2022 epoch),10 Legacy AP Districts (2014 Telangana State Formation),NONE,Continuous statutory existence without bifurcation,false,ts_lgd_mandals_2016_v1
345,TS-MDL-4714,TS-MDL-4714-V1,Parvathagiri,Parvathagiri,Warangal_Rural,4714,04714,2016-10-11,2022-09-26,UNDIVIDED_HISTORICAL,2016-10-11,2016-10-11 Statutory Baseline Snapshot (Unmodified throughout 2016-2022 epoch),10 Legacy AP Districts (2014 Telangana State Formation),NONE,Continuous statutory existence without bifurcation,false,ts_lgd_mandals_2016_v1
346,TS-MDL-4494,TS-MDL-4494-V1,Patancheruvu,Patancheru,Sangareddy,4494,04494,2016-10-11,2022-09-26,UNDIVIDED_HISTORICAL,2016-10-11,2016-10-11 Statutory Baseline Snapshot (Unmodified throughout 2016-2022 epoch),10 Legacy AP Districts (2014 Telangana State Formation),NONE,Continuous statutory existence without bifurcation,false,ts_lgd_mandals_2016_v1
347,TS-MDL-4602,TS-MDL-4602-V1,Pebbair,Pebbair,Wanaparthy,4602,04602,2016-10-11,2022-09-26,UNDIVIDED_HISTORICAL,2016-10-11,2016-10-11 Statutory Baseline Snapshot (Unmodified throughout 2016-2022 epoch),10 Legacy AP Districts (2014 Telangana State Formation),NONE,Continuous statutory existence without bifurcation,false,ts_lgd_mandals_2016_v1
348,TS-MDL-4671,TS-MDL-4671-V1,Mellachervu,Mellachervu,Suryapet,4671,04671,2016-10-11,2022-09-26,UNDIVIDED_HISTORICAL,2016-10-11,2016-10-11 Statutory Baseline Snapshot (Unmodified throughout 2016-2022 epoch),10 Legacy AP Districts (2014 Telangana State Formation),NONE,Continuous statutory existence without bifurcation,false,ts_lgd_mandals_2016_v1
349,TS-MDL-4599,TS-MDL-4599-V1,Peddakothapalle,Peddakothapally,Nagarkurnool,4599,04599,2016-10-11,2022-09-26,UNDIVIDED_HISTORICAL,2016-10-11,2016-10-11 Statutory Baseline Snapshot (Unmodified throughout 2016-2022 epoch),10 Legacy AP Districts (2014 Telangana State Formation),NONE,Continuous statutory existence without bifurcation,false,ts_lgd_mandals_2016_v1
350,TS-MDL-6237,TS-MDL-6237-V1,Mendora,Mendora,Nizamabad,6237,00000,2016-10-11,2022-09-26,UNDIVIDED_HISTORICAL,2016-10-11,2016-10-11 Statutory Baseline Snapshot (Unmodified throughout 2016-2022 epoch),10 Legacy AP Districts (2014 Telangana State Formation),NONE,Continuous statutory existence without bifurcation,false,ts_lgd_mandals_2016_v1
351,TS-MDL-4566,TS-MDL-4566-V1,Midjil,Midjil,Mahabubnagar,4566,04566,2016-10-11,2022-09-26,UNDIVIDED_HISTORICAL,2016-10-11,2016-10-11 Statutory Baseline Snapshot (Unmodified throughout 2016-2022 epoch),10 Legacy AP Districts (2014 Telangana State Formation),NONE,Continuous statutory existence without bifurcation,false,ts_lgd_mandals_2016_v1
352,TS-MDL-4421,TS-MDL-4421-V1,Pegadapalli,Pegadapalli,Jagtial,4421,04421,2016-10-11,2022-09-26,UNDIVIDED_HISTORICAL,2016-10-11,2016-10-11 Statutory Baseline Snapshot (Unmodified throughout 2016-2022 epoch),10 Legacy AP Districts (2014 Telangana State Formation),NONE,Continuous statutory existence without bifurcation,false,ts_lgd_mandals_2016_v1
353,TS-MDL-4464,TS-MDL-4464-V1,Mirdoddi,Mirdoddi,Siddipet,4464,04464,2016-10-11,2022-09-26,SPLIT_2022_09_26,2016-10-11,2016-10-11 Statutory Baseline Snapshot (Territorial envelope valid until 2022-09-26),10 Legacy AP Districts (2014 Telangana State Formation),Akberpet-Bhoompally (LGD 7524),Predecessor to Akberpet-Bhoompally (LGD 7524) formed on 2022-09-26 under G.O.Ms.No. 82,false,ts_lgd_mandals_2016_v1
354,TS-MDL-6278,TS-MDL-6278-V1,Mogudampally,Mogudampally,Sangareddy,6278,00000,2016-10-11,2022-09-26,UNDIVIDED_HISTORICAL,2016-10-11,2016-10-11 Statutory Baseline Snapshot (Unmodified throughout 2016-2022 epoch),10 Legacy AP Districts (2014 Telangana State Formation),NONE,Continuous statutory existence without bifurcation,false,ts_lgd_mandals_2016_v1
355,TS-MDL-4680,TS-MDL-4680-V1,Mogullapally,Mogullapally,Jayashankar Bhupalpally,4680,04680,2016-10-11,2022-09-26,UNDIVIDED_HISTORICAL,2016-10-11,2016-10-11 Statutory Baseline Snapshot (Unmodified throughout 2016-2022 epoch),10 Legacy AP Districts (2014 Telangana State Formation),NONE,Continuous statutory existence without bifurcation,false,ts_lgd_mandals_2016_v1
356,TS-MDL-4528,TS-MDL-4528-V1,Moinabad,Moinabad,Rangareddy,4528,04528,2016-10-11,2022-09-26,UNDIVIDED_HISTORICAL,2016-10-11,2016-10-11 Statutory Baseline Snapshot (Unmodified throughout 2016-2022 epoch),10 Legacy AP Districts (2014 Telangana State Formation),NONE,Continuous statutory existence without bifurcation,false,ts_lgd_mandals_2016_v1
357,TS-MDL-4513,TS-MDL-4513-V1,Mominpet,Mominpet,Vikarabad,4513,04513,2016-10-11,2022-09-26,UNDIVIDED_HISTORICAL,2016-10-11,2016-10-11 Statutory Baseline Snapshot (Unmodified throughout 2016-2022 epoch),10 Legacy AP Districts (2014 Telangana State Formation),NONE,Continuous statutory existence without bifurcation,false,ts_lgd_mandals_2016_v1
358,TS-MDL-6260,TS-MDL-6260-V1,Moosapet,Moosapet,Mahabubnagar,6260,00000,2016-10-11,2022-09-26,UNDIVIDED_HISTORICAL,2016-10-11,2016-10-11 Statutory Baseline Snapshot (Unmodified throughout 2016-2022 epoch),10 Legacy AP Districts (2014 Telangana State Formation),NONE,Continuous statutory existence without bifurcation,false,ts_lgd_mandals_2016_v1
359,TS-MDL-4640,TS-MDL-4640-V1,Mothey,Mothey,Suryapet,4640,04640,2016-10-11,2022-09-26,UNDIVIDED_HISTORICAL,2016-10-11,2016-10-11 Statutory Baseline Snapshot (Unmodified throughout 2016-2022 epoch),10 Legacy AP Districts (2014 Telangana State Formation),NONE,Continuous statutory existence without bifurcation,false,ts_lgd_mandals_2016_v1
360,TS-MDL-4625,TS-MDL-4625-V1,Mothkur,Mothkur,Yadadri Bhuvanagiri,4625,04625,2016-10-11,2022-09-26,UNDIVIDED_HISTORICAL,2016-10-11,2016-10-11 Statutory Baseline Snapshot (Unmodified throughout 2016-2022 epoch),10 Legacy AP Districts (2014 Telangana State Formation),NONE,Continuous statutory existence without bifurcation,false,ts_lgd_mandals_2016_v1
361,TS-MDL-6235,TS-MDL-6235-V1,Mugpal,Mugpal,Nizamabad,6235,00000,2016-10-11,2022-09-26,UNDIVIDED_HISTORICAL,2016-10-11,2016-10-11 Statutory Baseline Snapshot (Unmodified throughout 2016-2022 epoch),10 Legacy AP Districts (2014 Telangana State Formation),NONE,Continuous statutory existence without bifurcation,false,ts_lgd_mandals_2016_v1
362,TS-MDL-4748,TS-MDL-4748-V1,Mulakalapally,Mulkalapally,Bhadradri Kothagudem,4748,04748,2016-10-11,2022-09-26,UNDIVIDED_HISTORICAL,2016-10-11,2016-10-11 Statutory Baseline Snapshot (Unmodified throughout 2016-2022 epoch),10 Legacy AP Districts (2014 Telangana State Formation),NONE,Continuous statutory existence without bifurcation,false,ts_lgd_mandals_2016_v1
363,TS-MDL-4541,TS-MDL-4541-V1,Pudur,Pudur,Vikarabad,4541,04541,2016-10-11,2022-09-26,UNDIVIDED_HISTORICAL,2016-10-11,2016-10-11 Statutory Baseline Snapshot (Unmodified throughout 2016-2022 epoch),10 Legacy AP Districts (2014 Telangana State Formation),NONE,Continuous statutory existence without bifurcation,false,ts_lgd_mandals_2016_v1
364,TS-MDL-4478,TS-MDL-4478-V1,Pulkal,Pulkal,Sangareddy,4478,04478,2016-10-11,2020-09-24,SPLIT_2020_09_24,2016-10-11,2016-10-11 Statutory Baseline Snapshot (Territorial envelope valid until 2020-09-24),10 Legacy AP Districts (2014 Telangana State Formation),Chowtakur (LGD 7188),Predecessor to Chowtakur (LGD 7188) formed on 2020-09-24 under G.O.Ms.No. 111,false,ts_lgd_mandals_2016_v1
365,TS-MDL-6273,TS-MDL-6273-V1,Manoharabad,Manoharabad,Medak,6273,00000,2016-10-11,2022-09-26,UNDIVIDED_HISTORICAL,2016-10-11,2016-10-11 Statutory Baseline Snapshot (Unmodified throughout 2016-2022 epoch),10 Legacy AP Districts (2014 Telangana State Formation),NONE,Continuous statutory existence without bifurcation,false,ts_lgd_mandals_2016_v1
366,TS-MDL-4689,TS-MDL-4689-V1,Mulug,Mulug,Mulugu,4689,04689,2016-10-11,2022-09-26,SPLIT_POST_2022,2016-10-11,2016-10-11 Statutory Baseline Snapshot (Unmodified throughout 2016-2022 epoch),10 Legacy AP Districts (2014 Telangana State Formation),Mallampally (LGD 7536),Predecessor to Mallampally (LGD 7536) formed in 2023,false,ts_lgd_mandals_2016_v1
367,TS-MDL-4486,TS-MDL-4486-V1,Mulug,Mulug,Siddipet,4486,04486,2016-10-11,2022-09-26,UNDIVIDED_HISTORICAL,2016-10-11,2016-10-11 Statutory Baseline Snapshot (Unmodified throughout 2016-2022 epoch),10 Legacy AP Districts (2014 Telangana State Formation),NONE,Continuous statutory existence without bifurcation,false,ts_lgd_mandals_2016_v1
368,TS-MDL-4642,TS-MDL-4642-V1,Munagala,Munagala,Suryapet,4642,04642,2016-10-11,2022-09-26,UNDIVIDED_HISTORICAL,2016-10-11,2016-10-11 Statutory Baseline Snapshot (Unmodified throughout 2016-2022 epoch),10 Legacy AP Districts (2014 Telangana State Formation),NONE,Continuous statutory existence without bifurcation,false,ts_lgd_mandals_2016_v1
369,TS-MDL-4501,TS-MDL-4501-V1,Musheerabad,Musheerabad,Hyderabad,4501,04501,2016-10-11,2022-09-26,UNDIVIDED_HISTORICAL,2016-10-11,2016-10-11 Statutory Baseline Snapshot (Unmodified throughout 2016-2022 epoch),10 Legacy AP Districts (2014 Telangana State Formation),NONE,Continuous statutory existence without bifurcation,false,ts_lgd_mandals_2016_v1
370,TS-MDL-4404,TS-MDL-4404-V1,Mutharam_Mahadevpur,Mutharam Mahadevpur,Jayashankar Bhupalpally,4404,04404,2016-10-11,2022-09-26,UNDIVIDED_HISTORICAL,2016-10-11,2016-10-11 Statutory Baseline Snapshot (Unmodified throughout 2016-2022 epoch),10 Legacy AP Districts (2014 Telangana State Formation),NONE,Continuous statutory existence without bifurcation,false,ts_lgd_mandals_2016_v1
371,TS-MDL-4406,TS-MDL-4406-V1,Mutharam_Manthani,Mutharam (Manthani),Peddapalli,4406,04406,2016-10-11,2022-09-26,UNDIVIDED_HISTORICAL,2016-10-11,2016-10-11 Statutory Baseline Snapshot (Unmodified throughout 2016-2022 epoch),10 Legacy AP Districts (2014 Telangana State Formation),NONE,Continuous statutory existence without bifurcation,false,ts_lgd_mandals_2016_v1
372,TS-MDL-4641,TS-MDL-4641-V1,Nadigudem,Nadigudem,Suryapet,4641,04641,2016-10-11,2022-09-26,UNDIVIDED_HISTORICAL,2016-10-11,2016-10-11 Statutory Baseline Snapshot (Unmodified throughout 2016-2022 epoch),10 Legacy AP Districts (2014 Telangana State Formation),NONE,Continuous statutory existence without bifurcation,false,ts_lgd_mandals_2016_v1
373,TS-MDL-6280,TS-MDL-6280-V1,Nagalgidda,Nagalgidda,Sangareddy,6280,00000,2016-10-11,2022-09-26,UNDIVIDED_HISTORICAL,2016-10-11,2016-10-11 Statutory Baseline Snapshot (Unmodified throughout 2016-2022 epoch),10 Legacy AP Districts (2014 Telangana State Formation),NONE,Continuous statutory existence without bifurcation,false,ts_lgd_mandals_2016_v1
374,TS-MDL-4340,TS-MDL-4340-V1,Tanoor,Tanoor,Nirmal,4340,04340,2016-10-11,2022-09-26,UNDIVIDED_HISTORICAL,2016-10-11,2016-10-11 Statutory Baseline Snapshot (Unmodified throughout 2016-2022 epoch),10 Legacy AP Districts (2014 Telangana State Formation),NONE,Continuous statutory existence without bifurcation,false,ts_lgd_mandals_2016_v1
375,TS-MDL-6298,TS-MDL-6298-V1,Nagaram,Nagaram,Suryapet,6298,00000,2016-10-11,2022-09-26,UNDIVIDED_HISTORICAL,2016-10-11,2016-10-11 Statutory Baseline Snapshot (Unmodified throughout 2016-2022 epoch),10 Legacy AP Districts (2014 Telangana State Formation),NONE,Continuous statutory existence without bifurcation,false,ts_lgd_mandals_2016_v1
376,TS-MDL-6222,TS-MDL-6222-V1,Mavala,Mavala,Adilabad,6222,00000,2016-10-11,2022-09-26,UNDIVIDED_HISTORICAL,2016-10-11,2016-10-11 Statutory Baseline Snapshot (Unmodified throughout 2016-2022 epoch),10 Legacy AP Districts (2014 Telangana State Formation),NONE,Continuous statutory existence without bifurcation,false,ts_lgd_mandals_2016_v1
377,TS-MDL-4387,TS-MDL-4387-V1,Nagi_Reddypet,Nagireddypet,Kamareddy,4387,04387,2016-10-11,2022-09-26,SPLIT_POST_2022,2016-10-11,2016-10-11 Statutory Baseline Snapshot (Unmodified throughout 2016-2022 epoch),10 Legacy AP Districts (2014 Telangana State Formation),Palwancha (LGD 7519),Predecessor to Palwancha (LGD 7519) formed in 2023,false,ts_lgd_mandals_2016_v1
378,TS-MDL-4692,TS-MDL-4692-V1,Nallabelli,Nallabelli,Warangal_Rural,4692,04692,2016-10-11,2022-09-26,UNDIVIDED_HISTORICAL,2016-10-11,2016-10-11 Statutory Baseline Snapshot (Unmodified throughout 2016-2022 epoch),10 Legacy AP Districts (2014 Telangana State Formation),NONE,Continuous statutory existence without bifurcation,false,ts_lgd_mandals_2016_v1
379,TS-MDL-4504,TS-MDL-4504-V1,Nampally,Nampally,Hyderabad,4504,04504,2016-10-11,2022-09-26,UNDIVIDED_HISTORICAL,2016-10-11,2016-10-11 Statutory Baseline Snapshot (Unmodified throughout 2016-2022 epoch),10 Legacy AP Districts (2014 Telangana State Formation),NONE,Continuous statutory existence without bifurcation,false,ts_lgd_mandals_2016_v1
380,TS-MDL-4654,TS-MDL-4654-V1,Nampally,Nampally,Nalgonda,4654,04654,2016-10-11,2022-09-26,UNDIVIDED_HISTORICAL,2016-10-11,2016-10-11 Statutory Baseline Snapshot (Unmodified throughout 2016-2022 epoch),10 Legacy AP Districts (2014 Telangana State Formation),NONE,Continuous statutory existence without bifurcation,false,ts_lgd_mandals_2016_v1
381,TS-MDL-6321,TS-MDL-6321-V1,Nandigama,Nandigama,Rangareddy,6321,00000,2016-10-11,2022-09-26,UNDIVIDED_HISTORICAL,2016-10-11,2016-10-11 Statutory Baseline Snapshot (Unmodified throughout 2016-2022 epoch),10 Legacy AP Districts (2014 Telangana State Formation),NONE,Continuous statutory existence without bifurcation,false,ts_lgd_mandals_2016_v1
382,TS-MDL-4359,TS-MDL-4359-V1,Nandipet,Nandipet,Nizamabad,4359,04359,2016-10-11,2022-09-26,SPLIT_2022_09_26,2016-10-11,2016-10-11 Statutory Baseline Snapshot (Territorial envelope valid until 2022-09-26),10 Legacy AP Districts (2014 Telangana State Formation),Donkeshwar (LGD 7530),Predecessor to Donkeshwar (LGD 7530) formed on 2022-09-26 under G.O.Ms.No. 83,false,ts_lgd_mandals_2016_v1
383,TS-MDL-4461,TS-MDL-4461-V1,Nangnoor,Nangnoor,Siddipet,4461,04461,2016-10-11,2022-09-26,UNDIVIDED_HISTORICAL,2016-10-11,2016-10-11 Statutory Baseline Snapshot (Unmodified throughout 2016-2022 epoch),10 Legacy AP Districts (2014 Telangana State Formation),NONE,Continuous statutory existence without bifurcation,false,ts_lgd_mandals_2016_v1
384,TS-MDL-4648,TS-MDL-4648-V1,Narayanapoor,Narayanpur,Yadadri Bhuvanagiri,4648,04648,2016-10-11,2022-09-26,UNDIVIDED_HISTORICAL,2016-10-11,2016-10-11 Statutory Baseline Snapshot (Unmodified throughout 2016-2022 epoch),10 Legacy AP Districts (2014 Telangana State Formation),NONE,Continuous statutory existence without bifurcation,false,ts_lgd_mandals_2016_v1
385,TS-MDL-4452,TS-MDL-4452-V1,Narayankhed,Narayankhed,Sangareddy,4452,04452,2016-10-11,2022-09-26,UNDIVIDED_HISTORICAL,2016-10-11,2016-10-11 Statutory Baseline Snapshot (Unmodified throughout 2016-2022 epoch),10 Legacy AP Districts (2014 Telangana State Formation),NONE,Continuous statutory existence without bifurcation,false,ts_lgd_mandals_2016_v1
386,TS-MDL-4570,TS-MDL-4570-V1,Narayanpet,Narayanpet,Narayanpet,4570,04570,2016-10-11,2022-09-26,SPLIT_2022_09_26,2016-10-11,2016-10-11 Statutory Baseline Snapshot (Territorial envelope valid until 2022-09-26),10 Legacy AP Districts (2014 Telangana State Formation),Kothapally (LGD 7537),Predecessor to Kothapally (LGD 7537) formed on 2022-09-26 under G.O.Ms.No. 84,false,ts_lgd_mandals_2016_v1
387,TS-MDL-4634,TS-MDL-4634-V1,Narketpally,Narketpally,Nalgonda,4634,04634,2016-10-11,2022-09-26,UNDIVIDED_HISTORICAL,2016-10-11,2016-10-11 Statutory Baseline Snapshot (Unmodified throughout 2016-2022 epoch),10 Legacy AP Districts (2014 Telangana State Formation),NONE,Continuous statutory existence without bifurcation,false,ts_lgd_mandals_2016_v1
388,TS-MDL-4423,TS-MDL-4423-V1,Ramadugu,Ramadugu,Karimnagar,4423,04423,2016-10-11,2022-09-26,UNDIVIDED_HISTORICAL,2016-10-11,2016-10-11 Statutory Baseline Snapshot (Unmodified throughout 2016-2022 epoch),10 Legacy AP Districts (2014 Telangana State Formation),NONE,Continuous statutory existence without bifurcation,false,ts_lgd_mandals_2016_v1
389,TS-MDL-6216,TS-MDL-6216-V1,Ramagiri,Ramagiri,Peddapalli,6216,00000,2016-10-11,2022-09-26,UNDIVIDED_HISTORICAL,2016-10-11,2016-10-11 Statutory Baseline Snapshot (Unmodified throughout 2016-2022 epoch),10 Legacy AP Districts (2014 Telangana State Formation),NONE,Continuous statutory existence without bifurcation,false,ts_lgd_mandals_2016_v1
390,TS-MDL-4715,TS-MDL-4715-V1,Thorrur,Thorrur,Mahabubabad,4715,04715,2016-10-11,2022-09-26,UNDIVIDED_HISTORICAL,2016-10-11,2016-10-11 Statutory Baseline Snapshot (Unmodified throughout 2016-2022 epoch),10 Legacy AP Districts (2014 Telangana State Formation),NONE,Continuous statutory existence without bifurcation,false,ts_lgd_mandals_2016_v1
391,TS-MDL-4620,TS-MDL-4620-V1,Thungathurthy,Thungaturthy,Suryapet,4620,04620,2016-10-11,2022-09-26,UNDIVIDED_HISTORICAL,2016-10-11,2016-10-11 Statutory Baseline Snapshot (Unmodified throughout 2016-2022 epoch),10 Legacy AP Districts (2014 Telangana State Formation),NONE,Continuous statutory existence without bifurcation,false,ts_lgd_mandals_2016_v1
392,TS-MDL-4645,TS-MDL-4645-V1,Tipparthy,Thipparthy,Nalgonda,4645,04645,2016-10-11,2022-09-26,UNDIVIDED_HISTORICAL,2016-10-11,2016-10-11 Statutory Baseline Snapshot (Unmodified throughout 2016-2022 epoch),10 Legacy AP Districts (2014 Telangana State Formation),NONE,Continuous statutory existence without bifurcation,false,ts_lgd_mandals_2016_v1
393,TS-MDL-4675,TS-MDL-4675-V1,Narmetta,Narmetta,Jangoan,4675,04675,2016-10-11,2022-09-26,UNDIVIDED_HISTORICAL,2016-10-11,2016-10-11 Statutory Baseline Snapshot (Unmodified throughout 2016-2022 epoch),10 Legacy AP Districts (2014 Telangana State Formation),NONE,Continuous statutory existence without bifurcation,false,ts_lgd_mandals_2016_v1
394,TS-MDL-4632,TS-MDL-4632-V1,Ramannapet,Ramannapet,Yadadri Bhuvanagiri,4632,04632,2016-10-11,2022-09-26,UNDIVIDED_HISTORICAL,2016-10-11,2016-10-11 Statutory Baseline Snapshot (Unmodified throughout 2016-2022 epoch),10 Legacy AP Districts (2014 Telangana State Formation),NONE,Continuous statutory existence without bifurcation,false,ts_lgd_mandals_2016_v1
395,TS-MDL-4312,TS-MDL-4312-V1,Narnoor,Narnoor,Adilabad,4312,04312,2016-10-11,2022-09-26,UNDIVIDED_HISTORICAL,2016-10-11,2016-10-11 Statutory Baseline Snapshot (Unmodified throughout 2016-2022 epoch),10 Legacy AP Districts (2014 Telangana State Formation),NONE,Continuous statutory existence without bifurcation,false,ts_lgd_mandals_2016_v1
396,TS-MDL-4719,TS-MDL-4719-V1,Narsimhulapet,Narsimhulapet,Mahabubabad,4719,04719,2016-10-11,2022-09-26,UNDIVIDED_HISTORICAL,2016-10-11,2016-10-11 Statutory Baseline Snapshot (Unmodified throughout 2016-2022 epoch),10 Legacy AP Districts (2014 Telangana State Formation),NONE,Continuous statutory existence without bifurcation,false,ts_lgd_mandals_2016_v1
397,TS-MDL-4327,TS-MDL-4327-V1,Rebbena,Rebbena,Kumurambheem Asifabad,4327,04327,2016-10-11,2022-09-26,UNDIVIDED_HISTORICAL,2016-10-11,2016-10-11 Statutory Baseline Snapshot (Unmodified throughout 2016-2022 epoch),10 Legacy AP Districts (2014 Telangana State Formation),NONE,Continuous statutory existence without bifurcation,false,ts_lgd_mandals_2016_v1
398,TS-MDL-4662,TS-MDL-4662-V1,Tripuraram,Tripuraram,Nalgonda,4662,04662,2016-10-11,2022-09-26,UNDIVIDED_HISTORICAL,2016-10-11,2016-10-11 Statutory Baseline Snapshot (Unmodified throughout 2016-2022 epoch),10 Legacy AP Districts (2014 Telangana State Formation),NONE,Continuous statutory existence without bifurcation,false,ts_lgd_mandals_2016_v1
399,TS-MDL-4614,TS-MDL-4614-V1,Turkapalle_M,Thurkapally,Yadadri Bhuvanagiri,4614,04614,2016-10-11,2022-09-26,UNDIVIDED_HISTORICAL,2016-10-11,2016-10-11 Statutory Baseline Snapshot (Unmodified throughout 2016-2022 epoch),10 Legacy AP Districts (2014 Telangana State Formation),NONE,Continuous statutory existence without bifurcation,false,ts_lgd_mandals_2016_v1
400,TS-MDL-6272,TS-MDL-6272-V1,Narsingi,Narsingi,Medak,6272,00000,2016-10-11,2022-09-26,UNDIVIDED_HISTORICAL,2016-10-11,2016-10-11 Statutory Baseline Snapshot (Unmodified throughout 2016-2022 epoch),10 Legacy AP Districts (2014 Telangana State Formation),NONE,Continuous statutory existence without bifurcation,false,ts_lgd_mandals_2016_v1
401,TS-MDL-6226,TS-MDL-6226-V1,Naspur,Naspur,Mancherial,6226,00000,2016-10-11,2022-09-26,UNDIVIDED_HISTORICAL,2016-10-11,2016-10-11 Statutory Baseline Snapshot (Unmodified throughout 2016-2022 epoch),10 Legacy AP Districts (2014 Telangana State Formation),NONE,Continuous statutory existence without bifurcation,false,ts_lgd_mandals_2016_v1
402,TS-MDL-4381,TS-MDL-4381-V1,Sadashivnagar,Sadashivanagar,Kamareddy,4381,04381,2016-10-11,2022-09-26,UNDIVIDED_HISTORICAL,2016-10-11,2016-10-11 Statutory Baseline Snapshot (Unmodified throughout 2016-2022 epoch),10 Legacy AP Districts (2014 Telangana State Formation),NONE,Continuous statutory existence without bifurcation,false,ts_lgd_mandals_2016_v1
403,TS-MDL-4398,TS-MDL-4398-V1,Velgatur,Velgatur,Jagtial,4398,04398,2016-10-11,2022-09-26,UNDIVIDED_HISTORICAL,2016-10-11,2016-10-11 Statutory Baseline Snapshot (Unmodified throughout 2016-2022 epoch),10 Legacy AP Districts (2014 Telangana State Formation),NONE,Continuous statutory existence without bifurcation,false,ts_lgd_mandals_2016_v1
404,TS-MDL-6244,TS-MDL-6244-V1,Nasurullabad,Nasurullabad,Kamareddy,6244,00000,2016-10-11,2022-09-26,UNDIVIDED_HISTORICAL,2016-10-11,2016-10-11 Statutory Baseline Snapshot (Unmodified throughout 2016-2022 epoch),10 Legacy AP Districts (2014 Telangana State Formation),NONE,Continuous statutory existence without bifurcation,false,ts_lgd_mandals_2016_v1
405,TS-MDL-4705,TS-MDL-4705-V1,Sangem,Sangem,Warangal_Rural,4705,04705,2016-10-11,2022-09-26,UNDIVIDED_HISTORICAL,2016-10-11,2016-10-11 Statutory Baseline Snapshot (Unmodified throughout 2016-2022 epoch),10 Legacy AP Districts (2014 Telangana State Formation),NONE,Continuous statutory existence without bifurcation,false,ts_lgd_mandals_2016_v1
406,TS-MDL-4331,TS-MDL-4331-V1,Nennel,Nennel,Mancherial,4331,04331,2016-10-11,2022-09-26,UNDIVIDED_HISTORICAL,2016-10-11,2016-10-11 Statutory Baseline Snapshot (Unmodified throughout 2016-2022 epoch),10 Legacy AP Districts (2014 Telangana State Formation),NONE,Continuous statutory existence without bifurcation,false,ts_lgd_mandals_2016_v1
407,TS-MDL-4325,TS-MDL-4325-V1,Neradigonda,Neradigonda,Adilabad,4325,04325,2016-10-11,2022-09-26,UNDIVIDED_HISTORICAL,2016-10-11,2016-10-11 Statutory Baseline Snapshot (Unmodified throughout 2016-2022 epoch),10 Legacy AP Districts (2014 Telangana State Formation),NONE,Continuous statutory existence without bifurcation,false,ts_lgd_mandals_2016_v1
408,TS-MDL-4498,TS-MDL-4498-V1,Secunderabad,Secunderabad,Hyderabad,4498,04498,2016-10-11,2022-09-26,UNDIVIDED_HISTORICAL,2016-10-11,2016-10-11 Statutory Baseline Snapshot (Unmodified throughout 2016-2022 epoch),10 Legacy AP Districts (2014 Telangana State Formation),NONE,Continuous statutory existence without bifurcation,false,ts_lgd_mandals_2016_v1
409,TS-MDL-4665,TS-MDL-4665-V1,Nereducherla,Nereducherla,Suryapet,4665,04665,2016-10-11,2022-09-26,UNDIVIDED_HISTORICAL,2016-10-11,2016-10-11 Statutory Baseline Snapshot (Unmodified throughout 2016-2022 epoch),10 Legacy AP Districts (2014 Telangana State Formation),NONE,Continuous statutory existence without bifurcation,false,ts_lgd_mandals_2016_v1
410,TS-MDL-4542,TS-MDL-4542-V1,Shabad,Shabad,Rangareddy,4542,04542,2016-10-11,2022-09-26,UNDIVIDED_HISTORICAL,2016-10-11,2016-10-11 Statutory Baseline Snapshot (Unmodified throughout 2016-2022 epoch),10 Legacy AP Districts (2014 Telangana State Formation),NONE,Continuous statutory existence without bifurcation,false,ts_lgd_mandals_2016_v1
411,TS-MDL-6308,TS-MDL-6308-V1,Neredugommu,Neredugommu,Nalgonda,6308,00000,2016-10-11,2022-09-26,UNDIVIDED_HISTORICAL,2016-10-11,2016-10-11 Statutory Baseline Snapshot (Unmodified throughout 2016-2022 epoch),10 Legacy AP Districts (2014 Telangana State Formation),NONE,Continuous statutory existence without bifurcation,false,ts_lgd_mandals_2016_v1
412,TS-MDL-4441,TS-MDL-4441-V1,Shankarapatnam,Shankarapatnam,Karimnagar,4441,04441,2016-10-11,2022-09-26,UNDIVIDED_HISTORICAL,2016-10-11,2016-10-11 Statutory Baseline Snapshot (Unmodified throughout 2016-2022 epoch),10 Legacy AP Districts (2014 Telangana State Formation),NONE,Continuous statutory existence without bifurcation,false,ts_lgd_mandals_2016_v1
413,TS-MDL-4515,TS-MDL-4515-V1,Shankarpalle,Shankarpalle,Rangareddy,4515,04515,2016-10-11,2022-09-26,UNDIVIDED_HISTORICAL,2016-10-11,2016-10-11 Statutory Baseline Snapshot (Unmodified throughout 2016-2022 epoch),10 Legacy AP Districts (2014 Telangana State Formation),NONE,Continuous statutory existence without bifurcation,false,ts_lgd_mandals_2016_v1
414,TS-MDL-4344,TS-MDL-4344-V1,Nirmal,Nirmal U,Nirmal,4344,04344,2016-10-11,2022-09-26,UNDIVIDED_HISTORICAL,2016-10-11,2016-10-11 Statutory Baseline Snapshot (Unmodified throughout 2016-2022 epoch),10 Legacy AP Districts (2014 Telangana State Formation),NONE,Continuous statutory existence without bifurcation,false,ts_lgd_mandals_2016_v1
415,TS-MDL-4368,TS-MDL-4368-V1,Nizamabad North,Nizamabad North,Nizamabad,4368,04368,2016-10-11,2022-09-26,UNDIVIDED_HISTORICAL,2016-10-11,2016-10-11 Statutory Baseline Snapshot (Unmodified throughout 2016-2022 epoch),10 Legacy AP Districts (2014 Telangana State Formation),NONE,Continuous statutory existence without bifurcation,false,ts_lgd_mandals_2016_v1
416,TS-MDL-6385,TS-MDL-6385-V1,Nizamabad South,Nizamabad South,Nizamabad,6385,00000,2016-10-11,2022-09-26,UNDIVIDED_HISTORICAL,2016-10-11,2016-10-11 Statutory Baseline Snapshot (Unmodified throughout 2016-2022 epoch),10 Legacy AP Districts (2014 Telangana State Formation),NONE,Continuous statutory existence without bifurcation,false,ts_lgd_mandals_2016_v1
417,TS-MDL-6271,TS-MDL-6271-V1,Nizampet,Nizampet,Medak,6271,00000,2016-10-11,2022-09-26,UNDIVIDED_HISTORICAL,2016-10-11,2016-10-11 Statutory Baseline Snapshot (Unmodified throughout 2016-2022 epoch),10 Legacy AP Districts (2014 Telangana State Formation),NONE,Continuous statutory existence without bifurcation,false,ts_lgd_mandals_2016_v1
418,TS-MDL-4621,TS-MDL-4621-V1,Noothankal,Nuthanakal,Suryapet,4621,04621,2016-10-11,2022-09-26,UNDIVIDED_HISTORICAL,2016-10-11,2016-10-11 Statutory Baseline Snapshot (Unmodified throughout 2016-2022 epoch),10 Legacy AP Districts (2014 Telangana State Formation),NONE,Continuous statutory existence without bifurcation,false,ts_lgd_mandals_2016_v1
419,TS-MDL-4426,TS-MDL-4426-V1,Odela,Odela,Peddapalli,4426,04426,2016-10-11,2022-09-26,UNDIVIDED_HISTORICAL,2016-10-11,2016-10-11 Statutory Baseline Snapshot (Unmodified throughout 2016-2022 epoch),10 Legacy AP Districts (2014 Telangana State Formation),NONE,Continuous statutory existence without bifurcation,false,ts_lgd_mandals_2016_v1
420,TS-MDL-6294,TS-MDL-6294-V1,Padara,Padara,Nagarkurnool,6294,00000,2016-10-11,2022-09-26,UNDIVIDED_HISTORICAL,2016-10-11,2016-10-11 Statutory Baseline Snapshot (Unmodified throughout 2016-2022 epoch),10 Legacy AP Districts (2014 Telangana State Formation),NONE,Continuous statutory existence without bifurcation,false,ts_lgd_mandals_2016_v1
421,TS-MDL-6301,TS-MDL-6301-V1,Palakeedu,Palakeedu,Suryapet,6301,00000,2016-10-11,2022-09-26,UNDIVIDED_HISTORICAL,2016-10-11,2016-10-11 Statutory Baseline Snapshot (Unmodified throughout 2016-2022 epoch),10 Legacy AP Districts (2014 Telangana State Formation),NONE,Continuous statutory existence without bifurcation,false,ts_lgd_mandals_2016_v1
422,TS-MDL-6214,TS-MDL-6214-V1,Anthergaon,Anthergaon,Peddapalli,6214,00000,2016-10-11,2022-09-26,UNDIVIDED_HISTORICAL,2016-10-11,2016-10-11 Statutory Baseline Snapshot (Unmodified throughout 2016-2022 epoch),10 Legacy AP Districts (2014 Telangana State Formation),NONE,Continuous statutory existence without bifurcation,false,ts_lgd_mandals_2016_v1
423,TS-MDL-4697,TS-MDL-4697-V1,Palakurthy,Palakurthy,Jangoan,4697,04697,2016-10-11,2022-09-26,UNDIVIDED_HISTORICAL,2016-10-11,2016-10-11 Statutory Baseline Snapshot (Unmodified throughout 2016-2022 epoch),10 Legacy AP Districts (2014 Telangana State Formation),NONE,Continuous statutory existence without bifurcation,false,ts_lgd_mandals_2016_v1
424,TS-MDL-6215,TS-MDL-6215-V1,Palakurthy,Palakurthy,Peddapalli,6215,00000,2016-10-11,2022-09-26,UNDIVIDED_HISTORICAL,2016-10-11,2016-10-11 Statutory Baseline Snapshot (Unmodified throughout 2016-2022 epoch),10 Legacy AP Districts (2014 Telangana State Formation),NONE,Continuous statutory existence without bifurcation,false,ts_lgd_mandals_2016_v1
425,TS-MDL-6250,TS-MDL-6250-V1,Palmela,Palimela,Jayashankar Bhupalpally,6250,00000,2016-10-11,2022-09-26,UNDIVIDED_HISTORICAL,2016-10-11,2016-10-11 Statutory Baseline Snapshot (Unmodified throughout 2016-2022 epoch),10 Legacy AP Districts (2014 Telangana State Formation),NONE,Continuous statutory existence without bifurcation,false,ts_lgd_mandals_2016_v1
426,TS-MDL-4407,TS-MDL-4407-V1,Srirampur,Srirampur,Peddapalli,4407,04407,2016-10-11,2022-09-26,UNDIVIDED_HISTORICAL,2016-10-11,2016-10-11 Statutory Baseline Snapshot (Unmodified throughout 2016-2022 epoch),10 Legacy AP Districts (2014 Telangana State Formation),NONE,Continuous statutory existence without bifurcation,false,ts_lgd_mandals_2016_v1
427,TS-MDL-6288,TS-MDL-6288-V1,Srirangapur,Srirangapur,Wanaparthy,6288,00000,2016-10-11,2022-09-26,UNDIVIDED_HISTORICAL,2016-10-11,2016-10-11 Statutory Baseline Snapshot (Unmodified throughout 2016-2022 epoch),10 Legacy AP Districts (2014 Telangana State Formation),NONE,Continuous statutory existence without bifurcation,false,ts_lgd_mandals_2016_v1
428,TS-MDL-4737,TS-MDL-4737-V1,Palvancha,Palvoncha,Bhadradri Kothagudem,4737,04737,2016-10-11,2022-09-26,UNDIVIDED_HISTORICAL,2016-10-11,2016-10-11 Statutory Baseline Snapshot (Unmodified throughout 2016-2022 epoch),10 Legacy AP Districts (2014 Telangana State Formation),NONE,Continuous statutory existence without bifurcation,false,ts_lgd_mandals_2016_v1
429,TS-MDL-4425,TS-MDL-4425-V1,Sultanabad,Sulthanabad,Peddapalli,4425,04425,2016-10-11,2022-09-26,UNDIVIDED_HISTORICAL,2016-10-11,2016-10-11 Statutory Baseline Snapshot (Unmodified throughout 2016-2022 epoch),10 Legacy AP Districts (2014 Telangana State Formation),NONE,Continuous statutory existence without bifurcation,false,ts_lgd_mandals_2016_v1
430,TS-MDL-4455,TS-MDL-4455-V1,Papannapet,Papannapet,Medak,4455,04455,2016-10-11,2022-09-26,UNDIVIDED_HISTORICAL,2016-10-11,2016-10-11 Statutory Baseline Snapshot (Unmodified throughout 2016-2022 epoch),10 Legacy AP Districts (2014 Telangana State Formation),NONE,Continuous statutory existence without bifurcation,false,ts_lgd_mandals_2016_v1
431,TS-MDL-4582,TS-MDL-4582-V1,Tadoor,Tadoor,Nagarkurnool,4582,04582,2016-10-11,2022-09-26,UNDIVIDED_HISTORICAL,2016-10-11,2016-10-11 Statutory Baseline Snapshot (Unmodified throughout 2016-2022 epoch),10 Legacy AP Districts (2014 Telangana State Formation),NONE,Continuous statutory existence without bifurcation,false,ts_lgd_mandals_2016_v1
432,TS-MDL-6245,TS-MDL-6245-V1,Pedda Kodapgal,Pedda Kodapgal,Kamareddy,6245,00000,2016-10-11,2022-09-26,UNDIVIDED_HISTORICAL,2016-10-11,2016-10-11 Statutory Baseline Snapshot (Unmodified throughout 2016-2022 epoch),10 Legacy AP Districts (2014 Telangana State Formation),NONE,Continuous statutory existence without bifurcation,false,ts_lgd_mandals_2016_v1
433,TS-MDL-4562,TS-MDL-4562-V1,Talakondapally,Thalakondapally,Rangareddy,4562,04562,2016-10-11,2022-09-26,UNDIVIDED_HISTORICAL,2016-10-11,2016-10-11 Statutory Baseline Snapshot (Unmodified throughout 2016-2022 epoch),10 Legacy AP Districts (2014 Telangana State Formation),NONE,Continuous statutory existence without bifurcation,false,ts_lgd_mandals_2016_v1
434,TS-MDL-4369,TS-MDL-4369-V1,Yedapally,Yedapally,Nizamabad,4369,04369,2016-10-11,2022-09-26,UNDIVIDED_HISTORICAL,2016-10-11,2016-10-11 Statutory Baseline Snapshot (Unmodified throughout 2016-2022 epoch),10 Legacy AP Districts (2014 Telangana State Formation),NONE,Continuous statutory existence without bifurcation,false,ts_lgd_mandals_2016_v1
435,TS-MDL-6256,TS-MDL-6256-V1,Peddavangara,Peddavangara,Mahabubabad,6256,00000,2016-10-11,2022-09-26,UNDIVIDED_HISTORICAL,2016-10-11,2016-10-11 Statutory Baseline Snapshot (Unmodified throughout 2016-2022 epoch),10 Legacy AP Districts (2014 Telangana State Formation),NONE,Continuous statutory existence without bifurcation,false,ts_lgd_mandals_2016_v1
436,TS-MDL-4659,TS-MDL-4659-V1,Peddavoora,Peddavoora,Nalgonda,4659,04659,2016-10-11,2022-09-26,UNDIVIDED_HISTORICAL,2016-10-11,2016-10-11 Statutory Baseline Snapshot (Unmodified throughout 2016-2022 epoch),10 Legacy AP Districts (2014 Telangana State Formation),NONE,Continuous statutory existence without bifurcation,false,ts_lgd_mandals_2016_v1
437,TS-MDL-4533,TS-MDL-4533-V1,Peddemul,Peddemul,Vikarabad,4533,04533,2016-10-11,2022-09-26,UNDIVIDED_HISTORICAL,2016-10-11,2016-10-11 Statutory Baseline Snapshot (Unmodified throughout 2016-2022 epoch),10 Legacy AP Districts (2014 Telangana State Formation),NONE,Continuous statutory existence without bifurcation,false,ts_lgd_mandals_2016_v1
438,TS-MDL-6206,TS-MDL-6206-V1,Pembi,Pembi,Nirmal,6206,00000,2016-10-11,2022-09-26,UNDIVIDED_HISTORICAL,2016-10-11,2016-10-11 Statutory Baseline Snapshot (Unmodified throughout 2016-2022 epoch),10 Legacy AP Districts (2014 Telangana State Formation),NONE,Continuous statutory existence without bifurcation,false,ts_lgd_mandals_2016_v1
439,TS-MDL-4581,TS-MDL-4581-V1,Telkapalle,Telkapally,Nagarkurnool,4581,04581,2016-10-11,2022-09-26,UNDIVIDED_HISTORICAL,2016-10-11,2016-10-11 Statutory Baseline Snapshot (Unmodified throughout 2016-2022 epoch),10 Legacy AP Districts (2014 Telangana State Formation),NONE,Continuous statutory existence without bifurcation,false,ts_lgd_mandals_2016_v1
440,TS-MDL-4762,TS-MDL-4762-V1,Thallada,Thallada,Khammam,4762,04762,2016-10-11,2022-09-26,UNDIVIDED_HISTORICAL,2016-10-11,2016-10-11 Statutory Baseline Snapshot (Unmodified throughout 2016-2022 epoch),10 Legacy AP Districts (2014 Telangana State Formation),NONE,Continuous statutory existence without bifurcation,false,ts_lgd_mandals_2016_v1
441,TS-MDL-4499,TS-MDL-4499-V1,Tirumalgiri,Tirumalgiri,Hyderabad,4499,04499,2016-10-11,2022-09-26,UNDIVIDED_HISTORICAL,2016-10-11,2016-10-11 Statutory Baseline Snapshot (Unmodified throughout 2016-2022 epoch),10 Legacy AP Districts (2014 Telangana State Formation),NONE,Continuous statutory existence without bifurcation,false,ts_lgd_mandals_2016_v1
442,TS-MDL-6313,TS-MDL-6313-V1,Penchikalpet,Penchicalpet,Kumurambheem Asifabad,6313,00000,2016-10-11,2022-09-26,UNDIVIDED_HISTORICAL,2016-10-11,2016-10-11 Statutory Baseline Snapshot (Unmodified throughout 2016-2022 epoch),10 Legacy AP Districts (2014 Telangana State Formation),NONE,Continuous statutory existence without bifurcation,false,ts_lgd_mandals_2016_v1
443,TS-MDL-4643,TS-MDL-4643-V1,Penpahad,Penpahad,Suryapet,4643,04643,2016-10-11,2022-09-26,UNDIVIDED_HISTORICAL,2016-10-11,2016-10-11 Statutory Baseline Snapshot (Unmodified throughout 2016-2022 epoch),10 Legacy AP Districts (2014 Telangana State Formation),NONE,Continuous statutory existence without bifurcation,false,ts_lgd_mandals_2016_v1
444,TS-MDL-4575,TS-MDL-4575-V1,Thimmajipeta,Thimmajipet,Nagarkurnool,4575,04575,2016-10-11,2022-09-26,UNDIVIDED_HISTORICAL,2016-10-11,2016-10-11 Statutory Baseline Snapshot (Unmodified throughout 2016-2022 epoch),10 Legacy AP Districts (2014 Telangana State Formation),NONE,Continuous statutory existence without bifurcation,false,ts_lgd_mandals_2016_v1
445,TS-MDL-4752,TS-MDL-4752-V1,Penuballi,Penuballi,Khammam,4752,04752,2016-10-11,2022-09-26,UNDIVIDED_HISTORICAL,2016-10-11,2016-10-11 Statutory Baseline Snapshot (Unmodified throughout 2016-2022 epoch),10 Legacy AP Districts (2014 Telangana State Formation),NONE,Continuous statutory existence without bifurcation,false,ts_lgd_mandals_2016_v1
446,TS-MDL-4725,TS-MDL-4725-V1,Pinapaka,Pinapaka,Bhadradri Kothagudem,4725,04725,2016-10-11,2022-09-26,UNDIVIDED_HISTORICAL,2016-10-11,2016-10-11 Statutory Baseline Snapshot (Unmodified throughout 2016-2022 epoch),10 Legacy AP Districts (2014 Telangana State Formation),NONE,Continuous statutory existence without bifurcation,false,ts_lgd_mandals_2016_v1
447,TS-MDL-4518,TS-MDL-4518-V1,Quthbullapur,Qutballapur,Medchal_Malkajgiri,4518,04518,2016-10-11,2022-09-26,UNDIVIDED_HISTORICAL,2016-10-11,2016-10-11 Statutory Baseline Snapshot (Unmodified throughout 2016-2022 epoch),10 Legacy AP Districts (2014 Telangana State Formation),NONE,Continuous statutory existence without bifurcation,false,ts_lgd_mandals_2016_v1
448,TS-MDL-4757,TS-MDL-4757-V1,Raghunadhapalem,Raghunadhapalem,Khammam,4757,04757,2016-10-11,2022-09-26,UNDIVIDED_HISTORICAL,2016-10-11,2016-10-11 Statutory Baseline Snapshot (Unmodified throughout 2016-2022 epoch),10 Legacy AP Districts (2014 Telangana State Formation),NONE,Continuous statutory existence without bifurcation,false,ts_lgd_mandals_2016_v1
449,TS-MDL-4698,TS-MDL-4698-V1,Ragunathpally,Ragunathpally,Jangoan,4698,04698,2016-10-11,2022-09-26,UNDIVIDED_HISTORICAL,2016-10-11,2016-10-11 Statutory Baseline Snapshot (Unmodified throughout 2016-2022 epoch),10 Legacy AP Districts (2014 Telangana State Formation),NONE,Continuous statutory existence without bifurcation,false,ts_lgd_mandals_2016_v1
450,TS-MDL-4395,TS-MDL-4395-V1,Raikal,Raikal,Jagtial,4395,04395,2016-10-11,2022-09-26,UNDIVIDED_HISTORICAL,2016-10-11,2016-10-11 Statutory Baseline Snapshot (Unmodified throughout 2016-2022 epoch),10 Legacy AP Districts (2014 Telangana State Formation),NONE,Continuous statutory existence without bifurcation,false,ts_lgd_mandals_2016_v1
451,TS-MDL-4472,TS-MDL-4472-V1,Raikode,Raikode,Sangareddy,4472,04472,2016-10-11,2022-09-26,UNDIVIDED_HISTORICAL,2016-10-11,2016-10-11 Statutory Baseline Snapshot (Unmodified throughout 2016-2022 epoch),10 Legacy AP Districts (2014 Telangana State Formation),NONE,Continuous statutory existence without bifurcation,false,ts_lgd_mandals_2016_v1
452,TS-MDL-4524,TS-MDL-4524-V1,Uppal,Uppal,Medchal_Malkajgiri,4524,04524,2016-10-11,2022-09-26,UNDIVIDED_HISTORICAL,2016-10-11,2016-10-11 Statutory Baseline Snapshot (Unmodified throughout 2016-2022 epoch),10 Legacy AP Districts (2014 Telangana State Formation),NONE,Continuous statutory existence without bifurcation,false,ts_lgd_mandals_2016_v1
453,TS-MDL-4580,TS-MDL-4580-V1,Uppunuthala,Uppununthala,Nagarkurnool,4580,04580,2016-10-11,2022-09-26,UNDIVIDED_HISTORICAL,2016-10-11,2016-10-11 Statutory Baseline Snapshot (Unmodified throughout 2016-2022 epoch),10 Legacy AP Districts (2014 Telangana State Formation),NONE,Continuous statutory existence without bifurcation,false,ts_lgd_mandals_2016_v1
454,TS-MDL-6295,TS-MDL-6295-V1,Urkonda,Urkonda,Nagarkurnool,6295,00000,2016-10-11,2022-09-26,UNDIVIDED_HISTORICAL,2016-10-11,2016-10-11 Statutory Baseline Snapshot (Unmodified throughout 2016-2022 epoch),10 Legacy AP Districts (2014 Telangana State Formation),NONE,Continuous statutory existence without bifurcation,false,ts_lgd_mandals_2016_v1
455,TS-MDL-4445,TS-MDL-4445-V1,V_Saidapur,V.Saidapur,Karimnagar,4445,04445,2016-10-11,2022-09-26,UNDIVIDED_HISTORICAL,2016-10-11,2016-10-11 Statutory Baseline Snapshot (Unmodified throughout 2016-2022 epoch),10 Legacy AP Districts (2014 Telangana State Formation),NONE,Continuous statutory existence without bifurcation,false,ts_lgd_mandals_2016_v1
456,TS-MDL-4365,TS-MDL-4365-V1,Vailpur,Vailpoor,Nizamabad,4365,04365,2016-10-11,2022-09-26,UNDIVIDED_HISTORICAL,2016-10-11,2016-10-11 Statutory Baseline Snapshot (Unmodified throughout 2016-2022 epoch),10 Legacy AP Districts (2014 Telangana State Formation),NONE,Continuous statutory existence without bifurcation,false,ts_lgd_mandals_2016_v1
457,TS-MDL-4627,TS-MDL-4627-V1,Valigonda,Valigonda,Yadadri Bhuvanagiri,4627,04627,2016-10-11,2022-09-26,UNDIVIDED_HISTORICAL,2016-10-11,2016-10-11 Statutory Baseline Snapshot (Unmodified throughout 2016-2022 epoch),10 Legacy AP Districts (2014 Telangana State Formation),NONE,Continuous statutory existence without bifurcation,false,ts_lgd_mandals_2016_v1
458,TS-MDL-4577,TS-MDL-4577-V1,Vangoor,Vangoor,Nagarkurnool,4577,04577,2016-10-11,2022-09-26,UNDIVIDED_HISTORICAL,2016-10-11,2016-10-11 Statutory Baseline Snapshot (Unmodified throughout 2016-2022 epoch),10 Legacy AP Districts (2014 Telangana State Formation),NONE,Continuous statutory existence without bifurcation,false,ts_lgd_mandals_2016_v1
459,TS-MDL-6283,TS-MDL-6283-V1,Raipole,Raipole,Siddipet,6283,00000,2016-10-11,2022-09-26,UNDIVIDED_HISTORICAL,2016-10-11,2016-10-11 Statutory Baseline Snapshot (Unmodified throughout 2016-2022 epoch),10 Legacy AP Districts (2014 Telangana State Formation),NONE,Continuous statutory existence without bifurcation,false,ts_lgd_mandals_2016_v1
460,TS-MDL-6241,TS-MDL-6241-V1,Rajampet,Rajampet,Kamareddy,6241,00000,2016-10-11,2022-09-26,UNDIVIDED_HISTORICAL,2016-10-11,2016-10-11 Statutory Baseline Snapshot (Unmodified throughout 2016-2022 epoch),10 Legacy AP Districts (2014 Telangana State Formation),NONE,Continuous statutory existence without bifurcation,false,ts_lgd_mandals_2016_v1
461,TS-MDL-4615,TS-MDL-4615-V1,Rajapeta,Rajapeta,Yadadri Bhuvanagiri,4615,04615,2016-10-11,2022-09-26,UNDIVIDED_HISTORICAL,2016-10-11,2016-10-11 Statutory Baseline Snapshot (Unmodified throughout 2016-2022 epoch),10 Legacy AP Districts (2014 Telangana State Formation),NONE,Continuous statutory existence without bifurcation,false,ts_lgd_mandals_2016_v1
462,TS-MDL-4321,TS-MDL-4321-V1,Utnur,Utnoor,Adilabad,4321,04321,2016-10-11,2022-09-26,UNDIVIDED_HISTORICAL,2016-10-11,2016-10-11 Statutory Baseline Snapshot (Unmodified throughout 2016-2022 epoch),10 Legacy AP Districts (2014 Telangana State Formation),NONE,Continuous statutory existence without bifurcation,false,ts_lgd_mandals_2016_v1
463,TS-MDL-4644,TS-MDL-4644-V1,Vemulapally,Vemulapally,Nalgonda,4644,04644,2016-10-11,2022-09-26,UNDIVIDED_HISTORICAL,2016-10-11,2016-10-11 Statutory Baseline Snapshot (Unmodified throughout 2016-2022 epoch),10 Legacy AP Districts (2014 Telangana State Formation),NONE,Continuous statutory existence without bifurcation,false,ts_lgd_mandals_2016_v1
464,TS-MDL-4430,TS-MDL-4430-V1,Vemulawada,Vemulawada,Rajanna Sircilla,4430,04430,2016-10-11,2022-09-26,UNDIVIDED_HISTORICAL,2016-10-11,2016-10-11 Statutory Baseline Snapshot (Unmodified throughout 2016-2022 epoch),10 Legacy AP Districts (2014 Telangana State Formation),NONE,Continuous statutory existence without bifurcation,false,ts_lgd_mandals_2016_v1
465,TS-MDL-6218,TS-MDL-6218-V1,Vemulawada Rural,Vemulawada Rural,Rajanna Sircilla,6218,00000,2016-10-11,2022-09-26,UNDIVIDED_HISTORICAL,2016-10-11,2016-10-11 Statutory Baseline Snapshot (Unmodified throughout 2016-2022 epoch),10 Legacy AP Districts (2014 Telangana State Formation),NONE,Continuous statutory existence without bifurcation,false,ts_lgd_mandals_2016_v1
466,TS-MDL-6261,TS-MDL-6261-V1,Rajapur,Rajapur,Mahabubnagar,6261,00000,2016-10-11,2022-09-26,UNDIVIDED_HISTORICAL,2016-10-11,2016-10-11 Statutory Baseline Snapshot (Unmodified throughout 2016-2022 epoch),10 Legacy AP Districts (2014 Telangana State Formation),NONE,Continuous statutory existence without bifurcation,false,ts_lgd_mandals_2016_v1
467,TS-MDL-4741,TS-MDL-4741-V1,Gundala,Gundala,Bhadradri Kothagudem,4741,04741,2016-10-11,2022-09-26,UNDIVIDED_HISTORICAL,2016-10-11,2016-10-11 Statutory Baseline Snapshot (Unmodified throughout 2016-2022 epoch),10 Legacy AP Districts (2014 Telangana State Formation),NONE,Continuous statutory existence without bifurcation,false,ts_lgd_mandals_2016_v1
468,TS-MDL-4444,TS-MDL-4444-V1,Husnabad,Husnabad,Siddipet,4444,04444,2016-10-11,2022-09-26,UNDIVIDED_HISTORICAL,2016-10-11,2016-10-11 Statutory Baseline Snapshot (Unmodified throughout 2016-2022 epoch),10 Legacy AP Districts (2014 Telangana State Formation),NONE,Continuous statutory existence without bifurcation,false,ts_lgd_mandals_2016_v1
469,TS-MDL-4669,TS-MDL-4669-V1,Huzur nagar,Huzurnagar,Suryapet,4669,04669,2016-10-11,2022-09-26,UNDIVIDED_HISTORICAL,2016-10-11,2016-10-11 Statutory Baseline Snapshot (Unmodified throughout 2016-2022 epoch),10 Legacy AP Districts (2014 Telangana State Formation),NONE,Continuous statutory existence without bifurcation,false,ts_lgd_mandals_2016_v1
470,TS-MDL-4446,TS-MDL-4446-V1,Huzurabad,Huzurabad,Karimnagar,4446,04446,2016-10-11,2022-09-26,UNDIVIDED_HISTORICAL,2016-10-11,2016-10-11 Statutory Baseline Snapshot (Unmodified throughout 2016-2022 epoch),10 Legacy AP Districts (2014 Telangana State Formation),NONE,Continuous statutory existence without bifurcation,false,ts_lgd_mandals_2016_v1
471,TS-MDL-4527,TS-MDL-4527-V1,Rajendranagar,Rajendranagar,Rangareddy,4527,04527,2016-10-11,2022-09-26,UNDIVIDED_HISTORICAL,2016-10-11,2016-10-11 Statutory Baseline Snapshot (Unmodified throughout 2016-2022 epoch),10 Legacy AP Districts (2014 Telangana State Formation),NONE,Continuous statutory existence without bifurcation,false,ts_lgd_mandals_2016_v1
472,TS-MDL-4595,TS-MDL-4595-V1,Wanaparthy,Wanaparthy,Wanaparthy,4595,04595,2016-10-11,2022-09-26,UNDIVIDED_HISTORICAL,2016-10-11,2016-10-11 Statutory Baseline Snapshot (Unmodified throughout 2016-2022 epoch),10 Legacy AP Districts (2014 Telangana State Formation),NONE,Continuous statutory existence without bifurcation,false,ts_lgd_mandals_2016_v1
473,TS-MDL-6296,TS-MDL-6296-V1,Rajoli,Rajoli,Jogulamba Gadwal,6296,00000,2016-10-11,2022-09-26,UNDIVIDED_HISTORICAL,2016-10-11,2016-10-11 Statutory Baseline Snapshot (Unmodified throughout 2016-2022 epoch),10 Legacy AP Districts (2014 Telangana State Formation),NONE,Continuous statutory existence without bifurcation,false,ts_lgd_mandals_2016_v1
474,TS-MDL-4495,TS-MDL-4495-V1,Ramachandrapuram,Ramchandrapuram,Sangareddy,4495,04495,2016-10-11,2022-09-26,UNDIVIDED_HISTORICAL,2016-10-11,2016-10-11 Statutory Baseline Snapshot (Unmodified throughout 2016-2022 epoch),10 Legacy AP Districts (2014 Telangana State Formation),NONE,Continuous statutory existence without bifurcation,false,ts_lgd_mandals_2016_v1
475,TS-MDL-4704,TS-MDL-4704-V1,Wardhannapet,Wardhannapet,Warangal_Rural,4704,04704,2016-10-11,2022-09-26,UNDIVIDED_HISTORICAL,2016-10-11,2016-10-11 Statutory Baseline Snapshot (Unmodified throughout 2016-2022 epoch),10 Legacy AP Districts (2014 Telangana State Formation),NONE,Continuous statutory existence without bifurcation,false,ts_lgd_mandals_2016_v1
476,TS-MDL-4399,TS-MDL-4399-V1,Ramagundam,Ramagundam,Peddapalli,4399,04399,2016-10-11,2022-09-26,UNDIVIDED_HISTORICAL,2016-10-11,2016-10-11 Statutory Baseline Snapshot (Unmodified throughout 2016-2022 epoch),10 Legacy AP Districts (2014 Telangana State Formation),NONE,Continuous statutory existence without bifurcation,false,ts_lgd_mandals_2016_v1
477,TS-MDL-4608,TS-MDL-4608-V1,Weepangandla,Weepangandla,Wanaparthy,4608,04608,2016-10-11,2022-09-26,UNDIVIDED_HISTORICAL,2016-10-11,2016-10-11 Statutory Baseline Snapshot (Unmodified throughout 2016-2022 epoch),10 Legacy AP Districts (2014 Telangana State Formation),NONE,Continuous statutory existence without bifurcation,false,ts_lgd_mandals_2016_v1
478,TS-MDL-6243,TS-MDL-6243-V1,Ramareddy,Ramareddy,Kamareddy,6243,00000,2016-10-11,2022-09-26,UNDIVIDED_HISTORICAL,2016-10-11,2016-10-11 Statutory Baseline Snapshot (Unmodified throughout 2016-2022 epoch),10 Legacy AP Districts (2014 Telangana State Formation),NONE,Continuous statutory existence without bifurcation,false,ts_lgd_mandals_2016_v1
479,TS-MDL-4457,TS-MDL-4457-V1,Ramayampet,Ramayampet,Medak,4457,04457,2016-10-11,2022-09-26,UNDIVIDED_HISTORICAL,2016-10-11,2016-10-11 Statutory Baseline Snapshot (Unmodified throughout 2016-2022 epoch),10 Legacy AP Districts (2014 Telangana State Formation),NONE,Continuous statutory existence without bifurcation,false,ts_lgd_mandals_2016_v1
480,TS-MDL-4536,TS-MDL-4536-V1,Yelal,Yelal,Vikarabad,4536,04536,2016-10-11,2022-09-26,UNDIVIDED_HISTORICAL,2016-10-11,2016-10-11 Statutory Baseline Snapshot (Unmodified throughout 2016-2022 epoch),10 Legacy AP Districts (2014 Telangana State Formation),NONE,Continuous statutory existence without bifurcation,false,ts_lgd_mandals_2016_v1
481,TS-MDL-4471,TS-MDL-4471-V1,Regode,Regode,Medak,4471,04471,2016-10-11,2022-09-26,UNDIVIDED_HISTORICAL,2016-10-11,2016-10-11 Statutory Baseline Snapshot (Unmodified throughout 2016-2022 epoch),10 Legacy AP Districts (2014 Telangana State Formation),NONE,Continuous statutory existence without bifurcation,false,ts_lgd_mandals_2016_v1
482,TS-MDL-4386,TS-MDL-4386-V1,Yellareddy,Yellareddy,Kamareddy,4386,04386,2016-10-11,2022-09-26,UNDIVIDED_HISTORICAL,2016-10-11,2016-10-11 Statutory Baseline Snapshot (Unmodified throughout 2016-2022 epoch),10 Legacy AP Districts (2014 Telangana State Formation),NONE,Continuous statutory existence without bifurcation,false,ts_lgd_mandals_2016_v1
483,TS-MDL-6219,TS-MDL-6219-V1,Rudrangi,Rudrangi,Rajanna Sircilla,6219,00000,2016-10-11,2022-09-26,UNDIVIDED_HISTORICAL,2016-10-11,2016-10-11 Statutory Baseline Snapshot (Unmodified throughout 2016-2022 epoch),10 Legacy AP Districts (2014 Telangana State Formation),NONE,Continuous statutory existence without bifurcation,false,ts_lgd_mandals_2016_v1
484,TS-MDL-4723,TS-MDL-4723-V1,Wazeed,Wajedu,Mulugu,4723,04723,2016-10-11,2022-09-26,UNDIVIDED_HISTORICAL,2016-10-11,2016-10-11 Statutory Baseline Snapshot (Unmodified throughout 2016-2022 epoch),10 Legacy AP Districts (2014 Telangana State Formation),NONE,Continuous statutory existence without bifurcation,false,ts_lgd_mandals_2016_v1
485,TS-MDL-6240,TS-MDL-6240-V1,Rudrur,Rudrur,Nizamabad,6240,00000,2016-10-11,2022-09-26,UNDIVIDED_HISTORICAL,2016-10-11,2016-10-11 Statutory Baseline Snapshot (Unmodified throughout 2016-2022 epoch),10 Legacy AP Districts (2014 Telangana State Formation),NONE,Continuous statutory existence without bifurcation,false,ts_lgd_mandals_2016_v1
486,TS-MDL-4583,TS-MDL-4583-V1,Nagar_Kurnool,Nagarkurnool,Nagarkurnool,4583,04583,2016-10-11,2022-09-26,UNDIVIDED_HISTORICAL,2016-10-11,2016-10-11 Statutory Baseline Snapshot (Unmodified throughout 2016-2022 epoch),10 Legacy AP Districts (2014 Telangana State Formation),NONE,Continuous statutory existence without bifurcation,false,ts_lgd_mandals_2016_v1
487,TS-MDL-4492,TS-MDL-4492-V1,Sangareddy,Sangareddy,Sangareddy,4492,04492,2016-10-11,2022-09-26,UNDIVIDED_HISTORICAL,2016-10-11,2016-10-11 Statutory Baseline Snapshot (Unmodified throughout 2016-2022 epoch),10 Legacy AP Districts (2014 Telangana State Formation),NONE,Continuous statutory existence without bifurcation,false,ts_lgd_mandals_2016_v1
488,TS-MDL-4571,TS-MDL-4571-V1,Utkoor,Utkoor,Narayanpet,4571,04571,2016-10-11,2022-09-26,UNDIVIDED_HISTORICAL,2016-10-11,2016-10-11 Statutory Baseline Snapshot (Unmodified throughout 2016-2022 epoch),10 Legacy AP Districts (2014 Telangana State Formation),NONE,Continuous statutory existence without bifurcation,false,ts_lgd_mandals_2016_v1
489,TS-MDL-4396,TS-MDL-4396-V1,Sarangapur,Sarangapur,Jagtial,4396,04396,2016-10-11,2022-09-26,UNDIVIDED_HISTORICAL,2016-10-11,2016-10-11 Statutory Baseline Snapshot (Unmodified throughout 2016-2022 epoch),10 Legacy AP Districts (2014 Telangana State Formation),NONE,Continuous statutory existence without bifurcation,false,ts_lgd_mandals_2016_v1
490,TS-MDL-4336,TS-MDL-4336-V1,Sarangapur,Sarangapur,Nirmal,4336,04336,2016-10-11,2022-09-26,UNDIVIDED_HISTORICAL,2016-10-11,2016-10-11 Statutory Baseline Snapshot (Unmodified throughout 2016-2022 epoch),10 Legacy AP Districts (2014 Telangana State Formation),NONE,Continuous statutory existence without bifurcation,false,ts_lgd_mandals_2016_v1
491,TS-MDL-4751,TS-MDL-4751-V1,Sathupally,Sathupalli,Khammam,4751,04751,2016-10-11,2022-09-26,UNDIVIDED_HISTORICAL,2016-10-11,2016-10-11 Statutory Baseline Snapshot (Unmodified throughout 2016-2022 epoch),10 Legacy AP Districts (2014 Telangana State Formation),NONE,Continuous statutory existence without bifurcation,false,ts_lgd_mandals_2016_v1
492,TS-MDL-4516,TS-MDL-4516-V1,Serilingampalle,Serilingampally,Rangareddy,4516,04516,2016-10-11,2022-09-26,UNDIVIDED_HISTORICAL,2016-10-11,2016-10-11 Statutory Baseline Snapshot (Unmodified throughout 2016-2022 epoch),10 Legacy AP Districts (2014 Telangana State Formation),NONE,Continuous statutory existence without bifurcation,false,ts_lgd_mandals_2016_v1
493,TS-MDL-4496,TS-MDL-4496-V1,Shaikpet,Shaikpet,Hyderabad,4496,04496,2016-10-11,2022-09-26,UNDIVIDED_HISTORICAL,2016-10-11,2016-10-11 Statutory Baseline Snapshot (Unmodified throughout 2016-2022 epoch),10 Legacy AP Districts (2014 Telangana State Formation),NONE,Continuous statutory existence without bifurcation,false,ts_lgd_mandals_2016_v1
494,TS-MDL-4624,TS-MDL-4624-V1,Shaligouraram,Shaligouraram,Nalgonda,4624,04624,2016-10-11,2022-09-26,UNDIVIDED_HISTORICAL,2016-10-11,2016-10-11 Statutory Baseline Snapshot (Unmodified throughout 2016-2022 epoch),10 Legacy AP Districts (2014 Telangana State Formation),NONE,Continuous statutory existence without bifurcation,false,ts_lgd_mandals_2016_v1
495,TS-MDL-4520,TS-MDL-4520-V1,Shamirpet,Shamirpet,Medchal_Malkajgiri,4520,04520,2016-10-11,2022-09-26,UNDIVIDED_HISTORICAL,2016-10-11,2016-10-11 Statutory Baseline Snapshot (Unmodified throughout 2016-2022 epoch),10 Legacy AP Districts (2014 Telangana State Formation),NONE,Continuous statutory existence without bifurcation,false,ts_lgd_mandals_2016_v1
496,TS-MDL-4543,TS-MDL-4543-V1,Shamshabad,Shamshabad,Rangareddy,4543,04543,2016-10-11,2022-09-26,UNDIVIDED_HISTORICAL,2016-10-11,2016-10-11 Statutory Baseline Snapshot (Unmodified throughout 2016-2022 epoch),10 Legacy AP Districts (2014 Telangana State Formation),NONE,Continuous statutory existence without bifurcation,false,ts_lgd_mandals_2016_v1
497,TS-MDL-4376,TS-MDL-4376-V1,Varni,Varni,Nizamabad,4376,04376,2016-10-11,2022-09-26,UNDIVIDED_HISTORICAL,2016-10-11,2016-10-11 Statutory Baseline Snapshot (Unmodified throughout 2016-2022 epoch),10 Legacy AP Districts (2014 Telangana State Formation),NONE,Continuous statutory existence without bifurcation,false,ts_lgd_mandals_2016_v1
498,TS-MDL-4454,TS-MDL-4454-V1,Shankarampet_A,Shankarampet (A),Medak,4454,04454,2016-10-11,2022-09-26,UNDIVIDED_HISTORICAL,2016-10-11,2016-10-11 Statutory Baseline Snapshot (Unmodified throughout 2016-2022 epoch),10 Legacy AP Districts (2014 Telangana State Formation),NONE,Continuous statutory existence without bifurcation,false,ts_lgd_mandals_2016_v1
499,TS-MDL-4466,TS-MDL-4466-V1,Chegunta,Chegunta,Medak,4466,04466,2016-10-11,2020-09-24,SPLIT_2020_09_24,2016-10-11,2016-10-11 Statutory Baseline Snapshot (Territorial envelope valid until 2020-09-24),10 Legacy AP Districts (2014 Telangana State Formation),Masaipet (LGD 7190),Predecessor to Masaipet (LGD 7190) formed on 2020-09-24 under G.O.Ms.No. 110,false,ts_lgd_mandals_2016_v1
500,TS-MDL-6281,TS-MDL-6281-V1,Siddipet_Rural,Siddipet Rural,Siddipet,6281,00000,2016-10-11,2022-09-26,UNDIVIDED_HISTORICAL,2016-10-11,2016-10-11 Statutory Baseline Snapshot (Unmodified throughout 2016-2022 epoch),10 Legacy AP Districts (2014 Telangana State Formation),NONE,Continuous statutory existence without bifurcation,false,ts_lgd_mandals_2016_v1
501,TS-MDL-4384,TS-MDL-4384-V1,Pitlam,Pitlam,Kamareddy,4384,04384,2016-10-11,2022-09-26,UNDIVIDED_HISTORICAL,2016-10-11,2016-10-11 Statutory Baseline Snapshot (Unmodified throughout 2016-2022 epoch),10 Legacy AP Districts (2014 Telangana State Formation),NONE,Continuous statutory existence without bifurcation,false,ts_lgd_mandals_2016_v1
502,TS-MDL-4459,TS-MDL-4459-V1,Siddipet_Urban,Siddipet Urban,Siddipet,4459,04459,2016-10-11,2022-09-26,UNDIVIDED_HISTORICAL,2016-10-11,2016-10-11 Statutory Baseline Snapshot (Unmodified throughout 2016-2022 epoch),10 Legacy AP Districts (2014 Telangana State Formation),NONE,Continuous statutory existence without bifurcation,false,ts_lgd_mandals_2016_v1
503,TS-MDL-6304,TS-MDL-6304-V1,Adavidevulapally,Adavidevulapalli,Nalgonda,6304,00000,2016-10-11,2022-09-26,UNDIVIDED_HISTORICAL,2016-10-11,2016-10-11 Statutory Baseline Snapshot (Unmodified throughout 2016-2022 epoch),10 Legacy AP Districts (2014 Telangana State Formation),NONE,Continuous statutory existence without bifurcation,false,ts_lgd_mandals_2016_v1
504,TS-MDL-6220,TS-MDL-6220-V1,Veernapalli,Veernapalli,Rajanna Sircilla,6220,00000,2016-10-11,2022-09-26,UNDIVIDED_HISTORICAL,2016-10-11,2016-10-11 Statutory Baseline Snapshot (Unmodified throughout 2016-2022 epoch),10 Legacy AP Districts (2014 Telangana State Formation),NONE,Continuous statutory existence without bifurcation,false,ts_lgd_mandals_2016_v1
505,TS-MDL-4497,TS-MDL-4497-V1,Ammerpet,Ameerpet,Hyderabad,4497,04497,2016-10-11,2022-09-26,UNDIVIDED_HISTORICAL,2016-10-11,2016-10-11 Statutory Baseline Snapshot (Unmodified throughout 2016-2022 epoch),10 Legacy AP Districts (2014 Telangana State Formation),NONE,Continuous statutory existence without bifurcation,false,ts_lgd_mandals_2016_v1
506,TS-MDL-4578,TS-MDL-4578-V1,Amrabad,Amrabad,Nagarkurnool,4578,04578,2016-10-11,2022-09-26,UNDIVIDED_HISTORICAL,2016-10-11,2016-10-11 Statutory Baseline Snapshot (Unmodified throughout 2016-2022 epoch),10 Legacy AP Districts (2014 Telangana State Formation),NONE,Continuous statutory existence without bifurcation,false,ts_lgd_mandals_2016_v1
507,TS-MDL-4330,TS-MDL-4330-V1,Vemanpalle,Vemanpally,Mancherial,4330,04330,2016-10-11,2022-09-26,UNDIVIDED_HISTORICAL,2016-10-11,2016-10-11 Statutory Baseline Snapshot (Unmodified throughout 2016-2022 epoch),10 Legacy AP Districts (2014 Telangana State Formation),NONE,Continuous statutory existence without bifurcation,false,ts_lgd_mandals_2016_v1
508,TS-MDL-4744,TS-MDL-4744-V1,Singareni,Singareni,Khammam,4744,04744,2016-10-11,2022-09-26,UNDIVIDED_HISTORICAL,2016-10-11,2016-10-11 Statutory Baseline Snapshot (Unmodified throughout 2016-2022 epoch),10 Legacy AP Districts (2014 Telangana State Formation),NONE,Continuous statutory existence without bifurcation,false,ts_lgd_mandals_2016_v1
509,TS-MDL-4435,TS-MDL-4435-V1,Sircilla,Sircilla,Rajanna Sircilla,4435,04435,2016-10-11,2022-09-26,UNDIVIDED_HISTORICAL,2016-10-11,2016-10-11 Statutory Baseline Snapshot (Unmodified throughout 2016-2022 epoch),10 Legacy AP Districts (2014 Telangana State Formation),NONE,Continuous statutory existence without bifurcation,false,ts_lgd_mandals_2016_v1
510,TS-MDL-6264,TS-MDL-6264-V1,Krishna,Krishna,Narayanpet,6264,00000,2016-10-11,2022-09-26,UNDIVIDED_HISTORICAL,2016-10-11,2016-10-11 Statutory Baseline Snapshot (Unmodified throughout 2016-2022 epoch),10 Legacy AP Districts (2014 Telangana State Formation),NONE,Continuous statutory existence without bifurcation,false,ts_lgd_mandals_2016_v1
511,TS-MDL-6268,TS-MDL-6268-V1,Annapureddipalle,Annapureddypalli,Bhadradri Kothagudem,6268,00000,2016-10-11,2022-09-26,UNDIVIDED_HISTORICAL,2016-10-11,2016-10-11 Statutory Baseline Snapshot (Unmodified throughout 2016-2022 epoch),10 Legacy AP Districts (2014 Telangana State Formation),NONE,Continuous statutory existence without bifurcation,false,ts_lgd_mandals_2016_v1
512,TS-MDL-4660,TS-MDL-4660-V1,Anumula_Haliya,Anumula,Nalgonda,4660,04660,2016-10-11,2022-09-26,UNDIVIDED_HISTORICAL,2016-10-11,2016-10-11 Statutory Baseline Snapshot (Unmodified throughout 2016-2022 epoch),10 Legacy AP Districts (2014 Telangana State Formation),NONE,Continuous statutory existence without bifurcation,false,ts_lgd_mandals_2016_v1
513,TS-MDL-4360,TS-MDL-4360-V1,Armoor,Armoor,Nizamabad,4360,04360,2016-10-11,2022-09-26,SPLIT_2022_09_26,2016-10-11,2016-10-11 Statutory Baseline Snapshot (Territorial envelope valid until 2022-09-26),10 Legacy AP Districts (2014 Telangana State Formation),Aloor (LGD 7528),Predecessor to Aloor (LGD 7528) formed on 2022-09-26 under G.O.Ms.No. 83,false,ts_lgd_mandals_2016_v1
514,TS-MDL-4319,TS-MDL-4319-V1,Asifabad,Asifabad,Kumurambheem Asifabad,4319,04319,2016-10-11,2022-09-26,UNDIVIDED_HISTORICAL,2016-10-11,2016-10-11 Statutory Baseline Snapshot (Unmodified throughout 2016-2022 epoch),10 Legacy AP Districts (2014 Telangana State Formation),NONE,Continuous statutory existence without bifurcation,false,ts_lgd_mandals_2016_v1
515,TS-MDL-6279,TS-MDL-6279-V1,Sirgapoor,Sirgapoor,Sangareddy,6279,00000,2016-10-11,2022-09-26,UNDIVIDED_HISTORICAL,2016-10-11,2016-10-11 Statutory Baseline Snapshot (Unmodified throughout 2016-2022 epoch),10 Legacy AP Districts (2014 Telangana State Formation),NONE,Continuous statutory existence without bifurcation,false,ts_lgd_mandals_2016_v1
516,TS-MDL-6547,TS-MDL-6547-V1,Nadikuda,Nadikuda,Warangal_Rural,6547,00000,2016-10-11,2022-09-26,UNDIVIDED_HISTORICAL,2016-10-11,2016-10-11 Statutory Baseline Snapshot (Unmodified throughout 2016-2022 epoch),10 Legacy AP Districts (2014 Telangana State Formation),NONE,Continuous statutory existence without bifurcation,false,ts_lgd_mandals_2016_v1
517,TS-MDL-6224,TS-MDL-6224-V1,Sirikonda,Sirikonda,Adilabad,6224,00000,2016-10-11,2022-09-26,UNDIVIDED_HISTORICAL,2016-10-11,2016-10-11 Statutory Baseline Snapshot (Unmodified throughout 2016-2022 epoch),10 Legacy AP Districts (2014 Telangana State Formation),NONE,Continuous statutory existence without bifurcation,false,ts_lgd_mandals_2016_v1
518,TS-MDL-4379,TS-MDL-4379-V1,Sirikonda,Sirikonda,Nizamabad,4379,04379,2016-10-11,2022-09-26,UNDIVIDED_HISTORICAL,2016-10-11,2016-10-11 Statutory Baseline Snapshot (Unmodified throughout 2016-2022 epoch),10 Legacy AP Districts (2014 Telangana State Formation),NONE,Continuous statutory existence without bifurcation,false,ts_lgd_mandals_2016_v1
519,TS-MDL-6319,TS-MDL-6319-V1,Abdullapurmet,Abdullapurmet,Rangareddy,6319,00000,2016-10-11,2022-09-26,UNDIVIDED_HISTORICAL,2016-10-11,2016-10-11 Statutory Baseline Snapshot (Unmodified throughout 2016-2022 epoch),10 Legacy AP Districts (2014 Telangana State Formation),NONE,Continuous statutory existence without bifurcation,false,ts_lgd_mandals_2016_v1
520,TS-MDL-4579,TS-MDL-4579-V1,Achampet,Achampet,Nagarkurnool,4579,04579,2016-10-11,2022-09-26,UNDIVIDED_HISTORICAL,2016-10-11,2016-10-11 Statutory Baseline Snapshot (Unmodified throughout 2016-2022 epoch),10 Legacy AP Districts (2014 Telangana State Formation),NONE,Continuous statutory existence without bifurcation,false,ts_lgd_mandals_2016_v1
521,TS-MDL-4509,TS-MDL-4509-V1,Bandlaguda,Bandlaguda,Hyderabad,4509,04509,2016-10-11,2022-09-26,UNDIVIDED_HISTORICAL,2016-10-11,2016-10-11 Statutory Baseline Snapshot (Unmodified throughout 2016-2022 epoch),10 Legacy AP Districts (2014 Telangana State Formation),NONE,Continuous statutory existence without bifurcation,false,ts_lgd_mandals_2016_v1
522,TS-MDL-4586,TS-MDL-4586-V1,Addakal,Addakal,Mahabubnagar,4586,04586,2016-10-11,2022-09-26,UNDIVIDED_HISTORICAL,2016-10-11,2016-10-11 Statutory Baseline Snapshot (Unmodified throughout 2016-2022 epoch),10 Legacy AP Districts (2014 Telangana State Formation),NONE,Continuous statutory existence without bifurcation,false,ts_lgd_mandals_2016_v1
523,TS-MDL-6309,TS-MDL-6309-V1,Motakondur,Motakonduru,Yadadri Bhuvanagiri,6309,00000,2016-10-11,2022-09-26,UNDIVIDED_HISTORICAL,2016-10-11,2016-10-11 Statutory Baseline Snapshot (Unmodified throughout 2016-2022 epoch),10 Legacy AP Districts (2014 Telangana State Formation),NONE,Continuous statutory existence without bifurcation,false,ts_lgd_mandals_2016_v1
524,TS-MDL-6238,TS-MDL-6238-V1,Mupkal,Mupkal,Nizamabad,6238,00000,2016-10-11,2022-09-26,UNDIVIDED_HISTORICAL,2016-10-11,2016-10-11 Statutory Baseline Snapshot (Unmodified throughout 2016-2022 epoch),10 Legacy AP Districts (2014 Telangana State Formation),NONE,Continuous statutory existence without bifurcation,false,ts_lgd_mandals_2016_v1
525,TS-MDL-4574,TS-MDL-4574-V1,Bhoothpur,Bhoothpur,Mahabubnagar,4574,04574,2016-10-11,2022-09-26,UNDIVIDED_HISTORICAL,2016-10-11,2016-10-11 Statutory Baseline Snapshot (Unmodified throughout 2016-2022 epoch),10 Legacy AP Districts (2014 Telangana State Formation),NONE,Continuous statutory existence without bifurcation,false,ts_lgd_mandals_2016_v1
526,TS-MDL-4682,TS-MDL-4682-V1,Bhupalpally,Bhupalpally,Jayashankar Bhupalpally,4682,04682,2016-10-11,2022-09-26,UNDIVIDED_HISTORICAL,2016-10-11,2016-10-11 Statutory Baseline Snapshot (Unmodified throughout 2016-2022 epoch),10 Legacy AP Districts (2014 Telangana State Formation),NONE,Continuous statutory existence without bifurcation,false,ts_lgd_mandals_2016_v1
527,TS-MDL-4629,TS-MDL-4629-V1,Bibinagar,Bibinagar,Yadadri Bhuvanagiri,4629,04629,2016-10-11,2022-09-26,UNDIVIDED_HISTORICAL,2016-10-11,2016-10-11 Statutory Baseline Snapshot (Unmodified throughout 2016-2022 epoch),10 Legacy AP Districts (2014 Telangana State Formation),NONE,Continuous statutory existence without bifurcation,false,ts_lgd_mandals_2016_v1
528,TS-MDL-4730,TS-MDL-4730-V1,Bhadrachalam,Bhadrachalam,Bhadradri Kothagudem,4730,04730,2016-10-11,2022-09-26,UNDIVIDED_HISTORICAL,2016-10-11,2016-10-11 Statutory Baseline Snapshot (Unmodified throughout 2016-2022 epoch),10 Legacy AP Districts (2014 Telangana State Formation),NONE,Continuous statutory existence without bifurcation,false,ts_lgd_mandals_2016_v1
529,TS-MDL-4339,TS-MDL-4339-V1,Bhainsa,Bhainsa,Nirmal,4339,04339,2016-10-11,2022-09-26,UNDIVIDED_HISTORICAL,2016-10-11,2016-10-11 Statutory Baseline Snapshot (Unmodified throughout 2016-2022 epoch),10 Legacy AP Districts (2014 Telangana State Formation),NONE,Continuous statutory existence without bifurcation,false,ts_lgd_mandals_2016_v1
530,TS-MDL-4448,TS-MDL-4448-V1,Bheemadevarapalli,Bheemadevarpalli,Warangal_Urban,4448,04448,2016-10-11,2022-09-26,UNDIVIDED_HISTORICAL,2016-10-11,2016-10-11 Statutory Baseline Snapshot (Unmodified throughout 2016-2022 epoch),10 Legacy AP Districts (2014 Telangana State Formation),NONE,Continuous statutory existence without bifurcation,false,ts_lgd_mandals_2016_v1
531,TS-MDL-4328,TS-MDL-4328-V1,Bheemini,Bheemini,Mancherial,4328,04328,2016-10-11,2022-09-26,UNDIVIDED_HISTORICAL,2016-10-11,2016-10-11 Statutory Baseline Snapshot (Unmodified throughout 2016-2022 epoch),10 Legacy AP Districts (2014 Telangana State Formation),NONE,Continuous statutory existence without bifurcation,false,ts_lgd_mandals_2016_v1
532,TS-MDL-4655,TS-MDL-4655-V1,Chandur,Chandur,Nalgonda,4655,04655,2016-10-11,2022-09-26,SPLIT_2022_09_26,2016-10-11,2016-10-11 Statutory Baseline Snapshot (Territorial envelope valid until 2022-09-26),10 Legacy AP Districts (2014 Telangana State Formation),Gattuppal (LGD 7526),Predecessor to Gattuppal (LGD 7526) formed on 2022-09-26 under G.O.Ms.No. 80,false,ts_lgd_mandals_2016_v1
533,TS-MDL-4529,TS-MDL-4529-V1,Chevella,Chevella,Rangareddy,4529,04529,2016-10-11,2022-09-26,UNDIVIDED_HISTORICAL,2016-10-11,2016-10-11 Statutory Baseline Snapshot (Unmodified throughout 2016-2022 epoch),10 Legacy AP Districts (2014 Telangana State Formation),NONE,Continuous statutory existence without bifurcation,false,ts_lgd_mandals_2016_v1
534,TS-MDL-4681,TS-MDL-4681-V1,Chityal,Chityal,Jayashankar Bhupalpally,4681,04681,2016-10-11,2022-09-26,UNDIVIDED_HISTORICAL,2016-10-11,2016-10-11 Statutory Baseline Snapshot (Unmodified throughout 2016-2022 epoch),10 Legacy AP Districts (2014 Telangana State Formation),NONE,Continuous statutory existence without bifurcation,false,ts_lgd_mandals_2016_v1
535,TS-MDL-4411,TS-MDL-4411-V1,Dharmaram,Dharmaram,Peddapalli,4411,04411,2016-10-11,2022-09-26,UNDIVIDED_HISTORICAL,2016-10-11,2016-10-11 Statutory Baseline Snapshot (Unmodified throughout 2016-2022 epoch),10 Legacy AP Districts (2014 Telangana State Formation),NONE,Continuous statutory existence without bifurcation,false,ts_lgd_mandals_2016_v1
536,TS-MDL-4677,TS-MDL-4677-V1,Dharmasagar,Dharmasagar,Warangal_Urban,4677,04677,2016-10-11,2022-09-26,UNDIVIDED_HISTORICAL,2016-10-11,2016-10-11 Statutory Baseline Snapshot (Unmodified throughout 2016-2022 epoch),10 Legacy AP Districts (2014 Telangana State Formation),NONE,Continuous statutory existence without bifurcation,false,ts_lgd_mandals_2016_v1
537,TS-MDL-4567,TS-MDL-4567-V1,Jadcherla,Jadcherla,Mahabubnagar,4567,04567,2016-10-11,2022-09-26,UNDIVIDED_HISTORICAL,2016-10-11,2016-10-11 Statutory Baseline Snapshot (Unmodified throughout 2016-2022 epoch),10 Legacy AP Districts (2014 Telangana State Formation),NONE,Continuous statutory existence without bifurcation,false,ts_lgd_mandals_2016_v1
538,TS-MDL-4484,TS-MDL-4484-V1,Jagdevpur,Jagdevpur,Siddipet,4484,04484,2016-10-11,2022-09-26,SPLIT_2022_09_26,2016-10-11,2016-10-11 Statutory Baseline Snapshot (Territorial envelope valid until 2022-09-26),10 Legacy AP Districts (2014 Telangana State Formation),Kukunoorpally (LGD 7521),Predecessor to Kukunoorpally (LGD 7521) formed on 2022-09-26 under G.O.Ms.No. 82,false,ts_lgd_mandals_2016_v1
539,TS-MDL-4453,TS-MDL-4453-V1,Kalher,Kalher,Sangareddy,4453,04453,2016-10-11,2022-09-26,SPLIT_2022_09_26,2016-10-11,2016-10-11 Statutory Baseline Snapshot (Territorial envelope valid until 2022-09-26),10 Legacy AP Districts (2014 Telangana State Formation),Nizampet (LGD 7535),Predecessor to Nizampet (LGD 7535) formed on 2022-09-26 under G.O.Ms.No. 82,false,ts_lgd_mandals_2016_v1
540,TS-MDL-4763,TS-MDL-4763-V1,Kalluru,Kalluru,Khammam,4763,04763,2016-10-11,2022-09-26,UNDIVIDED_HISTORICAL,2016-10-11,2016-10-11 Statutory Baseline Snapshot (Unmodified throughout 2016-2022 epoch),10 Legacy AP Districts (2014 Telangana State Formation),NONE,Continuous statutory existence without bifurcation,false,ts_lgd_mandals_2016_v1
541,TS-MDL-4428,TS-MDL-4428-V1,Karimnagar_Rural,Karimnagar Rural,Karimnagar,4428,04428,2016-10-11,2022-09-26,UNDIVIDED_HISTORICAL,2016-10-11,2016-10-11 Statutory Baseline Snapshot (Unmodified throughout 2016-2022 epoch),10 Legacy AP Districts (2014 Telangana State Formation),NONE,Continuous statutory existence without bifurcation,false,ts_lgd_mandals_2016_v1
542,TS-MDL-6284,TS-MDL-6284-V1,Komuravelli,Komuravelli,Siddipet,6284,00000,2016-10-11,2022-09-26,UNDIVIDED_HISTORICAL,2016-10-11,2016-10-11 Statutory Baseline Snapshot (Unmodified throughout 2016-2022 epoch),10 Legacy AP Districts (2014 Telangana State Formation),NONE,Continuous statutory existence without bifurcation,false,ts_lgd_mandals_2016_v1
543,TS-MDL-4673,TS-MDL-4673-V1,Maddur,Maddur,Siddipet,4673,04673,2016-10-11,2020-09-24,SPLIT_2020_09_24,2016-10-11,2016-10-11 Statutory Baseline Snapshot (Territorial envelope valid until 2020-09-24),10 Legacy AP Districts (2014 Telangana State Formation),Dhoolmitta (LGD 7189),Predecessor to Dhoolmitta (LGD 7189) formed on 2020-09-24 under G.O.Ms.No. 112,false,ts_lgd_mandals_2016_v1
544,TS-MDL-4564,TS-MDL-4564-V1,Madgul,Madgul,Rangareddy,4564,04564,2016-10-11,2022-09-26,UNDIVIDED_HISTORICAL,2016-10-11,2016-10-11 Statutory Baseline Snapshot (Unmodified throughout 2016-2022 epoch),10 Legacy AP Districts (2014 Telangana State Formation),NONE,Continuous statutory existence without bifurcation,false,ts_lgd_mandals_2016_v1
545,TS-MDL-6312,TS-MDL-6312-V1,Kotepally,Kotepally,Vikarabad,6312,00000,2016-10-11,2022-09-26,UNDIVIDED_HISTORICAL,2016-10-11,2016-10-11 Statutory Baseline Snapshot (Unmodified throughout 2016-2022 epoch),10 Legacy AP Districts (2014 Telangana State Formation),NONE,Continuous statutory existence without bifurcation,false,ts_lgd_mandals_2016_v1
546,TS-MDL-4547,TS-MDL-4547-V1,Manchal,Manchal,Rangareddy,4547,04547,2016-10-11,2022-09-26,UNDIVIDED_HISTORICAL,2016-10-11,2016-10-11 Statutory Baseline Snapshot (Unmodified throughout 2016-2022 epoch),10 Legacy AP Districts (2014 Telangana State Formation),NONE,Continuous statutory existence without bifurcation,false,ts_lgd_mandals_2016_v1
547,TS-MDL-4560,TS-MDL-4560-V1,Kothur,Kothur,Rangareddy,4560,04560,2016-10-11,2022-09-26,UNDIVIDED_HISTORICAL,2016-10-11,2016-10-11 Statutory Baseline Snapshot (Unmodified throughout 2016-2022 epoch),10 Legacy AP Districts (2014 Telangana State Formation),NONE,Continuous statutory existence without bifurcation,false,ts_lgd_mandals_2016_v1
548,TS-MDL-4362,TS-MDL-4362-V1,Morthad,Morthad,Nizamabad,4362,04362,2016-10-11,2022-09-26,UNDIVIDED_HISTORICAL,2016-10-11,2016-10-11 Statutory Baseline Snapshot (Unmodified throughout 2016-2022 epoch),10 Legacy AP Districts (2014 Telangana State Formation),NONE,Continuous statutory existence without bifurcation,false,ts_lgd_mandals_2016_v1
549,TS-MDL-4646,TS-MDL-4646-V1,Nalgonda,Nalgonda,Nalgonda,4646,04646,2016-10-11,2022-09-26,UNDIVIDED_HISTORICAL,2016-10-11,2016-10-11 Statutory Baseline Snapshot (Unmodified throughout 2016-2022 epoch),10 Legacy AP Districts (2014 Telangana State Formation),NONE,Continuous statutory existence without bifurcation,false,ts_lgd_mandals_2016_v1
550,TS-MDL-4658,TS-MDL-4658-V1,Peda Adisharla Palli,Pedda Adesherlapally,Nalgonda,4658,04658,2016-10-11,2022-09-26,UNDIVIDED_HISTORICAL,2016-10-11,2016-10-11 Statutory Baseline Snapshot (Unmodified throughout 2016-2022 epoch),10 Legacy AP Districts (2014 Telangana State Formation),NONE,Continuous statutory existence without bifurcation,false,ts_lgd_mandals_2016_v1
551,TS-MDL-4594,TS-MDL-4594-V1,Peddamandaddi,Peddamandadi,Wanaparthy,4594,04594,2016-10-11,2022-09-26,UNDIVIDED_HISTORICAL,2016-10-11,2016-10-11 Statutory Baseline Snapshot (Unmodified throughout 2016-2022 epoch),10 Legacy AP Districts (2014 Telangana State Formation),NONE,Continuous statutory existence without bifurcation,false,ts_lgd_mandals_2016_v1
552,TS-MDL-4408,TS-MDL-4408-V1,Peddapalli,Peddapalli,Peddapalli,4408,04408,2016-10-11,2022-09-26,UNDIVIDED_HISTORICAL,2016-10-11,2016-10-11 Statutory Baseline Snapshot (Unmodified throughout 2016-2022 epoch),10 Legacy AP Districts (2014 Telangana State Formation),NONE,Continuous statutory existence without bifurcation,false,ts_lgd_mandals_2016_v1
553,TS-MDL-6292,TS-MDL-6292-V1,Pentlavelli,Pentlavelli,Nagarkurnool,6292,00000,2016-10-11,2022-09-26,UNDIVIDED_HISTORICAL,2016-10-11,2016-10-11 Statutory Baseline Snapshot (Unmodified throughout 2016-2022 epoch),10 Legacy AP Districts (2014 Telangana State Formation),NONE,Continuous statutory existence without bifurcation,false,ts_lgd_mandals_2016_v1
554,TS-MDL-6299,TS-MDL-6299-V1,Undavelly,Undavelly,Jogulamba Gadwal,6299,00000,2016-10-11,2022-09-26,UNDIVIDED_HISTORICAL,2016-10-11,2016-10-11 Statutory Baseline Snapshot (Unmodified throughout 2016-2022 epoch),10 Legacy AP Districts (2014 Telangana State Formation),NONE,Continuous statutory existence without bifurcation,false,ts_lgd_mandals_2016_v1
555,TS-MDL-6252,TS-MDL-6252-V1,Velair,Velair,Warangal_Urban,6252,00000,2016-10-11,2022-09-26,UNDIVIDED_HISTORICAL,2016-10-11,2016-10-11 Statutory Baseline Snapshot (Unmodified throughout 2016-2022 epoch),10 Legacy AP Districts (2014 Telangana State Formation),NONE,Continuous statutory existence without bifurcation,false,ts_lgd_mandals_2016_v1
556,TS-MDL-4565,TS-MDL-4565-V1,Veldanda,Veldanda,Nagarkurnool,4565,04565,2016-10-11,2022-09-26,UNDIVIDED_HISTORICAL,2016-10-11,2016-10-11 Statutory Baseline Snapshot (Unmodified throughout 2016-2022 epoch),10 Legacy AP Districts (2014 Telangana State Formation),NONE,Continuous statutory existence without bifurcation,false,ts_lgd_mandals_2016_v1
557,TS-MDL-4690,TS-MDL-4690-V1,Regonda,Regonda,Jayashankar Bhupalpally,4690,04690,2016-10-11,2022-09-26,SPLIT_2022_09_26,2016-10-11,2016-10-11 Statutory Baseline Snapshot (Territorial envelope valid until 2022-09-26),10 Legacy AP Districts (2014 Telangana State Formation),Kothapallygori (LGD 7531),Predecessor to Kothapallygori (LGD 7531) formed on 2022-09-26 under G.O.Ms.No. 81,false,ts_lgd_mandals_2016_v1
558,TS-MDL-4357,TS-MDL-4357-V1,Renjal,Renjal,Nizamabad,4357,04357,2016-10-11,2022-09-26,UNDIVIDED_HISTORICAL,2016-10-11,2016-10-11 Statutory Baseline Snapshot (Unmodified throughout 2016-2022 epoch),10 Legacy AP Districts (2014 Telangana State Formation),NONE,Continuous statutory existence without bifurcation,false,ts_lgd_mandals_2016_v1
559,TS-MDL-6286,TS-MDL-6286-V1,Revally,Revally,Wanaparthy,6286,00000,2016-10-11,2022-09-26,UNDIVIDED_HISTORICAL,2016-10-11,2016-10-11 Statutory Baseline Snapshot (Unmodified throughout 2016-2022 epoch),10 Legacy AP Districts (2014 Telangana State Formation),NONE,Continuous statutory existence without bifurcation,false,ts_lgd_mandals_2016_v1
560,TS-MDL-4490,TS-MDL-4490-V1,Sadasivpet,Sadasivpet,Sangareddy,4490,04490,2016-10-11,2022-09-26,UNDIVIDED_HISTORICAL,2016-10-11,2016-10-11 Statutory Baseline Snapshot (Unmodified throughout 2016-2022 epoch),10 Legacy AP Districts (2014 Telangana State Formation),NONE,Continuous statutory existence without bifurcation,false,ts_lgd_mandals_2016_v1
561,TS-MDL-4511,TS-MDL-4511-V1,Saidabad,Saidabad,Hyderabad,4511,04511,2016-10-11,2022-09-26,UNDIVIDED_HISTORICAL,2016-10-11,2016-10-11 Statutory Baseline Snapshot (Unmodified throughout 2016-2022 epoch),10 Legacy AP Districts (2014 Telangana State Formation),NONE,Continuous statutory existence without bifurcation,false,ts_lgd_mandals_2016_v1
562,TS-MDL-4767,TS-MDL-4767-V1,Yerrupalem,Yerrupalem,Khammam,4767,04767,2016-10-11,2022-09-26,UNDIVIDED_HISTORICAL,2016-10-11,2016-10-11 Statutory Baseline Snapshot (Unmodified throughout 2016-2022 epoch),10 Legacy AP Districts (2014 Telangana State Formation),NONE,Continuous statutory existence without bifurcation,false,ts_lgd_mandals_2016_v1
563,TS-MDL-4696,TS-MDL-4696-V1,Zaffergadh,Zaffergadh,Jangoan,4696,04696,2016-10-11,2022-09-26,UNDIVIDED_HISTORICAL,2016-10-11,2016-10-11 Statutory Baseline Snapshot (Unmodified throughout 2016-2022 epoch),10 Legacy AP Districts (2014 Telangana State Formation),NONE,Continuous statutory existence without bifurcation,false,ts_lgd_mandals_2016_v1
564,TS-MDL-4474,TS-MDL-4474-V1,Zahirabad,Zahirabad,Sangareddy,4474,04474,2016-10-11,2022-09-26,UNDIVIDED_HISTORICAL,2016-10-11,2016-10-11 Statutory Baseline Snapshot (Unmodified throughout 2016-2022 epoch),10 Legacy AP Districts (2014 Telangana State Formation),NONE,Continuous statutory existence without bifurcation,false,ts_lgd_mandals_2016_v1
565,TS-MDL-4691,TS-MDL-4691-V1,Shayampet,Shayampet,Warangal_Rural,4691,04691,2016-10-11,2022-09-26,UNDIVIDED_HISTORICAL,2016-10-11,2016-10-11 Statutory Baseline Snapshot (Unmodified throughout 2016-2022 epoch),10 Legacy AP Districts (2014 Telangana State Formation),NONE,Continuous statutory existence without bifurcation,false,ts_lgd_mandals_2016_v1
566,TS-MDL-4487,TS-MDL-4487-V1,Shivampet,Shivampet,Medak,4487,04487,2016-10-11,2022-09-26,UNDIVIDED_HISTORICAL,2016-10-11,2016-10-11 Statutory Baseline Snapshot (Unmodified throughout 2016-2022 epoch),10 Legacy AP Districts (2014 Telangana State Formation),NONE,Continuous statutory existence without bifurcation,false,ts_lgd_mandals_2016_v1
567,TS-MDL-4482,TS-MDL-4482-V1,Toopran,Toopran,Medak,4482,04482,2016-10-11,2022-09-26,UNDIVIDED_HISTORICAL,2016-10-11,2016-10-11 Statutory Baseline Snapshot (Unmodified throughout 2016-2022 epoch),10 Legacy AP Districts (2014 Telangana State Formation),NONE,Continuous statutory existence without bifurcation,false,ts_lgd_mandals_2016_v1
568,TS-MDL-4530,TS-MDL-4530-V1,Vikarabad,Vikarabad,Vikarabad,4530,04530,2016-10-11,2022-09-26,UNDIVIDED_HISTORICAL,2016-10-11,2016-10-11 Statutory Baseline Snapshot (Unmodified throughout 2016-2022 epoch),10 Legacy AP Districts (2014 Telangana State Formation),NONE,Continuous statutory existence without bifurcation,false,ts_lgd_mandals_2016_v1
569,TS-MDL-4481,TS-MDL-4481-V1,Yeldurthy,Yeldurthy,Medak,4481,04481,2016-10-11,2020-09-24,SPLIT_2020_09_24,2016-10-11,2016-10-11 Statutory Baseline Snapshot (Territorial envelope valid until 2020-09-24),10 Legacy AP Districts (2014 Telangana State Formation),Masaipet (LGD 7190),Predecessor to Masaipet (LGD 7190) formed on 2020-09-24 under G.O.Ms.No. 110,false,ts_lgd_mandals_2016_v1
570,TS-MDL-4463,TS-MDL-4463-V1,Thoguta,Thoguta,Siddipet,4463,04463,2016-10-11,2022-09-26,UNDIVIDED_HISTORICAL,2016-10-11,2016-10-11 Statutory Baseline Snapshot (Unmodified throughout 2016-2022 epoch),10 Legacy AP Districts (2014 Telangana State Formation),NONE,Continuous statutory existence without bifurcation,false,ts_lgd_mandals_2016_v1
571,TS-MDL-4619,TS-MDL-4619-V1,Tirumalagiri,Thirumalagiri,Suryapet,4619,04619,2016-10-11,2022-09-26,UNDIVIDED_HISTORICAL,2016-10-11,2016-10-11 Statutory Baseline Snapshot (Unmodified throughout 2016-2022 epoch),10 Legacy AP Districts (2014 Telangana State Formation),NONE,Continuous statutory existence without bifurcation,false,ts_lgd_mandals_2016_v1
572,TS-MDL-6306,TS-MDL-6306-V1,Tirumalagiri_Sagar,Tirumalagiri Sagar,Nalgonda,6306,00000,2016-10-11,2022-09-26,UNDIVIDED_HISTORICAL,2016-10-11,2016-10-11 Statutory Baseline Snapshot (Unmodified throughout 2016-2022 epoch),10 Legacy AP Districts (2014 Telangana State Formation),NONE,Continuous statutory existence without bifurcation,false,ts_lgd_mandals_2016_v1
573,TS-MDL-4754,TS-MDL-4754-V1,Tirumalayapalem,Tirumalayapalem,Khammam,4754,04754,2016-10-11,2022-09-26,UNDIVIDED_HISTORICAL,2016-10-11,2016-10-11 Statutory Baseline Snapshot (Unmodified throughout 2016-2022 epoch),10 Legacy AP Districts (2014 Telangana State Formation),NONE,Continuous statutory existence without bifurcation,false,ts_lgd_mandals_2016_v1
574,TS-MDL-4333,TS-MDL-4333-V1,Tiryani,Tiryani,Kumurambheem Asifabad,4333,04333,2016-10-11,2022-09-26,UNDIVIDED_HISTORICAL,2016-10-11,2016-10-11 Statutory Baseline Snapshot (Unmodified throughout 2016-2022 epoch),10 Legacy AP Districts (2014 Telangana State Formation),NONE,Continuous statutory existence without bifurcation,false,ts_lgd_mandals_2016_v1
575,TS-MDL-6291,TS-MDL-6291-V1,Vatpally,Vatpally,Sangareddy,6291,00000,2016-10-11,2022-09-26,UNDIVIDED_HISTORICAL,2016-10-11,2016-10-11 Statutory Baseline Snapshot (Unmodified throughout 2016-2022 epoch),10 Legacy AP Districts (2014 Telangana State Formation),NONE,Continuous statutory existence without bifurcation,false,ts_lgd_mandals_2016_v1
576,TS-MDL-4439,TS-MDL-4439-V1,Veenavanka,Veenavanka,Karimnagar,4439,04439,2016-10-11,2022-09-26,UNDIVIDED_HISTORICAL,2016-10-11,2016-10-11 Statutory Baseline Snapshot (Unmodified throughout 2016-2022 epoch),10 Legacy AP Districts (2014 Telangana State Formation),NONE,Continuous statutory existence without bifurcation,false,ts_lgd_mandals_2016_v1
577,TS-MDL-4314,TS-MDL-4314-V1,Wankidi,Wankidi,Kumurambheem Asifabad,4314,04314,2016-10-11,2022-09-26,UNDIVIDED_HISTORICAL,2016-10-11,2016-10-11 Statutory Baseline Snapshot (Unmodified throughout 2016-2022 epoch),10 Legacy AP Districts (2014 Telangana State Formation),NONE,Continuous statutory existence without bifurcation,false,ts_lgd_mandals_2016_v1
578,TS-MDL-4465,TS-MDL-4465-V1,Doultabad,Doultabad,Siddipet,4465,04465,2016-10-11,2022-09-26,UNDIVIDED_HISTORICAL,2016-10-11,2016-10-11 Statutory Baseline Snapshot (Unmodified throughout 2016-2022 epoch),10 Legacy AP Districts (2014 Telangana State Formation),NONE,Continuous statutory existence without bifurcation,false,ts_lgd_mandals_2016_v1
579,TS-MDL-6274,TS-MDL-6274-V1,Chilipched,Chilpched,Medak,6274,00000,2016-10-11,2022-09-26,UNDIVIDED_HISTORICAL,2016-10-11,2016-10-11 Statutory Baseline Snapshot (Unmodified throughout 2016-2022 epoch),10 Legacy AP Districts (2014 Telangana State Formation),NONE,Continuous statutory existence without bifurcation,false,ts_lgd_mandals_2016_v1
580,TS-MDL-4467,TS-MDL-4467-V1,Shankarampet_R,Shankarampet (R),Medak,4467,04467,2016-10-11,2022-09-26,UNDIVIDED_HISTORICAL,2016-10-11,2016-10-11 Statutory Baseline Snapshot (Unmodified throughout 2016-2022 epoch),10 Legacy AP Districts (2014 Telangana State Formation),NONE,Continuous statutory existence without bifurcation,false,ts_lgd_mandals_2016_v1
581,TS-MDL-4392,TS-MDL-4392-V1,Domakonda,Domakonda,Kamareddy,4392,04392,2016-10-11,2022-09-26,UNDIVIDED_HISTORICAL,2016-10-11,2016-10-11 Statutory Baseline Snapshot (Unmodified throughout 2016-2022 epoch),10 Legacy AP Districts (2014 Telangana State Formation),NONE,Continuous statutory existence without bifurcation,false,ts_lgd_mandals_2016_v1
582,TS-MDL-4374,TS-MDL-4374-V1,Bichkunda,Bichkunda,Kamareddy,4374,04374,2016-10-11,2022-09-26,UNDIVIDED_HISTORICAL,2016-10-11,2016-10-11 Statutory Baseline Snapshot (Unmodified throughout 2016-2022 epoch),10 Legacy AP Districts (2014 Telangana State Formation),NONE,Continuous statutory existence without bifurcation,false,ts_lgd_mandals_2016_v1
583,TS-MDL-4375,TS-MDL-4375-V1,Birkoor,Birkur,Kamareddy,4375,04375,2016-10-11,2022-09-26,UNDIVIDED_HISTORICAL,2016-10-11,2016-10-11 Statutory Baseline Snapshot (Unmodified throughout 2016-2022 epoch),10 Legacy AP Districts (2014 Telangana State Formation),NONE,Continuous statutory existence without bifurcation,false,ts_lgd_mandals_2016_v1
584,TS-MDL-4363,TS-MDL-4363-V1,Kammarpally,Kammarpally,Nizamabad,4363,04363,2016-10-11,2022-09-26,UNDIVIDED_HISTORICAL,2016-10-11,2016-10-11 Statutory Baseline Snapshot (Unmodified throughout 2016-2022 epoch),10 Legacy AP Districts (2014 Telangana State Formation),NONE,Continuous statutory existence without bifurcation,false,ts_lgd_mandals_2016_v1
585,TS-MDL-4702,TS-MDL-4702-V1,Kodakandla,Kodakandla,Jangoan,4702,04702,2016-10-11,2022-09-26,UNDIVIDED_HISTORICAL,2016-10-11,2016-10-11 Statutory Baseline Snapshot (Unmodified throughout 2016-2022 epoch),10 Legacy AP Districts (2014 Telangana State Formation),NONE,Continuous statutory existence without bifurcation,false,ts_lgd_mandals_2016_v1
586,TS-MDL-4351,TS-MDL-4351-V1,Kotapalle,Kotapally,Mancherial,4351,04351,2016-10-11,2022-09-26,UNDIVIDED_HISTORICAL,2016-10-11,2016-10-11 Statutory Baseline Snapshot (Unmodified throughout 2016-2022 epoch),10 Legacy AP Districts (2014 Telangana State Formation),NONE,Continuous statutory existence without bifurcation,false,ts_lgd_mandals_2016_v1
587,TS-MDL-6671,TS-MDL-6671-V1,Muduchinthalaphally,Muduchinthalapally,Medchal_Malkajgiri,6671,00000,2016-10-11,2022-09-26,UNDIVIDED_HISTORICAL,2016-10-11,2016-10-11 Statutory Baseline Snapshot (Unmodified throughout 2016-2022 epoch),10 Legacy AP Districts (2014 Telangana State Formation),NONE,Continuous statutory existence without bifurcation,false,ts_lgd_mandals_2016_v1
588,TS-MDL-6670,TS-MDL-6670-V1,Narayanraopet,Narayanaraopet,Siddipet,6670,00000,2016-10-11,2022-09-26,UNDIVIDED_HISTORICAL,2016-10-11,2016-10-11 Statutory Baseline Snapshot (Unmodified throughout 2016-2022 epoch),10 Legacy AP Districts (2014 Telangana State Formation),NONE,Continuous statutory existence without bifurcation,false,ts_lgd_mandals_2016_v1
