TGRAC FID,TGRAC Name,TGRAC District,Current LGD Code,Current LGD Name,Census 2011,Temporal Classification,Historical Identity,Match Method,Evidence,Status
0,Addagudur,Yadadri Bhuvanagiri,6310,Adda Guduru,00000,HISTORICAL_2016_BASELINE,ESTABLISHED_OCT_2016_REORGANISATION,EXPLICIT_TRANSLITERATION_MAP,Official LGD spelling Adda Guduru (LGD 6310),RESOLVED_DETERMINISTIC
1,Adilabad Urban,Adilabad,4306,Adilabad Urban,04306,HISTORICAL_2016_BASELINE,ESTABLISHED_OCT_2016_REORGANISATION,EXACT_NORMALIZED_NAME_DISTRICT,Bitwise normalized match in district Adilabad (LGD subdist_code 4306),RESOLVED_DIRECT
2,Adilabad Rural,Adilabad,6221,Adilabad Rural,00000,HISTORICAL_2016_BASELINE,ESTABLISHED_OCT_2016_REORGANISATION,EXACT_NORMALIZED_NAME_DISTRICT,Bitwise normalized match in district Adilabad (LGD subdist_code 6221),RESOLVED_DIRECT
3,Aiza,Jogulamba Gadwal,4606,Ieeja,04606,HISTORICAL_2016_BASELINE,ESTABLISHED_OCT_2016_REORGANISATION,EXPLICIT_TRANSLITERATION_MAP,Official LGD name Ieeja (LGD 4606),RESOLVED_DETERMINISTIC
4,Akkannapet,Siddipet,6285,Akkannapet,00000,HISTORICAL_2016_BASELINE,ESTABLISHED_OCT_2016_REORGANISATION,EXACT_NORMALIZED_NAME_DISTRICT,Bitwise normalized match in district Siddipet (LGD subdist_code 6285),RESOLVED_DIRECT
5,Alair,Yadadri Bhuvanagiri,4617,Alair,04617,HISTORICAL_2016_BASELINE,ESTABLISHED_OCT_2016_REORGANISATION,EXACT_NORMALIZED_NAME_DISTRICT,Bitwise normalized match in district Yadadri Bhuvanagiri (LGD subdist_code 4617),RESOLVED_DIRECT
6,Alampur,Jogulamba Gadwal,4612,Alampur,04612,HISTORICAL_2016_BASELINE,ESTABLISHED_OCT_2016_REORGANISATION,EXACT_NORMALIZED_NAME_DISTRICT,Bitwise normalized match in district Jogulamba Gadwal (LGD subdist_code 4612),RESOLVED_DIRECT
7,Alladurg,Medak,4470,Alladurg,04470,HISTORICAL_2016_BASELINE,ESTABLISHED_OCT_2016_REORGANISATION,EXACT_NORMALIZED_NAME_DISTRICT,Bitwise normalized match in district Medak (LGD subdist_code 4470),RESOLVED_DIRECT
8,Allapalli,Bhadradri Kothagudem,6267,Allapalli,00000,HISTORICAL_2016_BASELINE,ESTABLISHED_OCT_2016_REORGANISATION,EXACT_NORMALIZED_NAME_DISTRICT,Bitwise normalized match in district Bhadradri Kothagudem (LGD subdist_code 6267),RESOLVED_DIRECT
9,Alwal,Medchal_Malkajgiri,6328,Alwal,00000,HISTORICAL_2016_BASELINE,ESTABLISHED_OCT_2016_REORGANISATION,EXACT_NORMALIZED_NAME_DISTRICT,Bitwise normalized match in district Medchal Malkajgiri (LGD subdist_code 6328),RESOLVED_DIRECT
10,Asifnagar,Hyderabad,4506,Asif Nagar,04506,HISTORICAL_2016_BASELINE,ESTABLISHED_OCT_2016_REORGANISATION,EXACT_NORMALIZED_NAME_DISTRICT,Bitwise normalized match in district Hyderabad (LGD subdist_code 4506),RESOLVED_DIRECT
11,Bhongiri,Yadadri Bhuvanagiri,4628,Bhongir,04628,HISTORICAL_2016_BASELINE,ESTABLISHED_OCT_2016_REORGANISATION,EXPLICIT_TRANSLITERATION_MAP,Official LGD name Bhongir (LGD 4628),RESOLVED_DETERMINISTIC
12,Sirpur_T,Kumurambheem Asifabad,4315,Sirpur (T),04315,HISTORICAL_2016_BASELINE,ESTABLISHED_OCT_2016_REORGANISATION,EXPLICIT_ALIAS_LINEAGE,"Sirpur (T) town mandal (LGD 4315), distinguished from rural Sirpur U (4326)",RESOLVED_LEGAL_LINEAGE
13,Amangal,Rangareddy,4563,Amangal,04563,HISTORICAL_2016_BASELINE,ESTABLISHED_OCT_2016_REORGANISATION,EXACT_NORMALIZED_NAME_DISTRICT,Bitwise normalized match in district Ranga Reddy (LGD subdist_code 4563),RESOLVED_DIRECT
14,Amarchintha,Wanaparthy,6290,Amarchintha,00000,HISTORICAL_2016_BASELINE,ESTABLISHED_OCT_2016_REORGANISATION,EXACT_NORMALIZED_NAME_DISTRICT,Bitwise normalized match in district Wanaparthy (LGD subdist_code 6290),RESOLVED_DIRECT
15,Amberpet,Hyderabad,4502,Amberpet,04502,HISTORICAL_2016_BASELINE,ESTABLISHED_OCT_2016_REORGANISATION,EXACT_NORMALIZED_NAME_DISTRICT,Bitwise normalized match in district Hyderabad (LGD subdist_code 4502),RESOLVED_DIRECT
16,Sirpur_U,Kumurambheem Asifabad,4326,Sirpur U,04326,HISTORICAL_2016_BASELINE,ESTABLISHED_OCT_2016_REORGANISATION,EXACT_NORMALIZED_NAME_DISTRICT,Bitwise normalized match in district Kumuram Bheem Asifabad (LGD subdist_code 4326),RESOLVED_DIRECT
17,Bahadurpura,Hyderabad,4508,Bahadurpura,04508,HISTORICAL_2016_BASELINE,ESTABLISHED_OCT_2016_REORGANISATION,EXACT_NORMALIZED_NAME_DISTRICT,Bitwise normalized match in district Hyderabad (LGD subdist_code 4508),RESOLVED_DIRECT
18,Balanagar,Mahabubnagar,4557,Balanagar,04557,HISTORICAL_2016_BASELINE,ESTABLISHED_OCT_2016_REORGANISATION,EXACT_NORMALIZED_NAME_DISTRICT,Bitwise normalized match in district Mahabubnagar (LGD subdist_code 4557),RESOLVED_DIRECT
19,Ananthagiri,Suryapet,6302,Ananthagiri,00000,HISTORICAL_2016_BASELINE,ESTABLISHED_OCT_2016_REORGANISATION,EXACT_NORMALIZED_NAME_DISTRICT,Bitwise normalized match in district Suryapet (LGD subdist_code 6302),RESOLVED_DIRECT
20,Andole,Sangareddy,4479,Andole,04479,HISTORICAL_2016_BASELINE,ESTABLISHED_OCT_2016_REORGANISATION,EXACT_NORMALIZED_NAME_DISTRICT,Bitwise normalized match in district Sangareddy (LGD subdist_code 4479),RESOLVED_DIRECT
21,Aswaraopeta,Bhadradri Kothagudem,4749,Aswaraopeta,04749,HISTORICAL_2016_BASELINE,ESTABLISHED_OCT_2016_REORGANISATION,EXACT_NORMALIZED_NAME_DISTRICT,Bitwise normalized match in district Bhadradri Kothagudem (LGD subdist_code 4749),RESOLVED_DIRECT
22,Athmakur (M),Yadadri Bhuvanagiri,4626,Atmakur (M),04626,HISTORICAL_2016_BASELINE,ESTABLISHED_OCT_2016_REORGANISATION,PHONETIC_SIMPLIFIED_DISTRICT,Phonetic transliteration match Athmakur (M) -> Atmakur (M) in Yadadri Bhuvanagiri,RESOLVED_DETERMINISTIC
23,Atmakur,Warangal_Rural,4694,Athmakur,04694,HISTORICAL_2016_BASELINE,ESTABLISHED_OCT_2016_REORGANISATION,EXPLICIT_ALIAS_LINEAGE,Athmakur (LGD 4694) in Hanumakonda post-2021 Warangal bifurcation,RESOLVED_LEGAL_LINEAGE
24,Atmakur_S,Suryapet,4622,Atmakur (S),04622,HISTORICAL_2016_BASELINE,ESTABLISHED_OCT_2016_REORGANISATION,EXPLICIT_TRANSLITERATION_MAP,Atmakur (S) (LGD 4622) in Suryapet,RESOLVED_DETERMINISTIC
25,Atmakur,Wanaparthy,4592,Atmakur,04592,HISTORICAL_2016_BASELINE,ESTABLISHED_OCT_2016_REORGANISATION,EXACT_NORMALIZED_NAME_DISTRICT,Bitwise normalized match in district Wanaparthy (LGD subdist_code 4592),RESOLVED_DIRECT
26,B.Pochampally,Yadadri Bhuvanagiri,4630,B Pochampally,04630,HISTORICAL_2016_BASELINE,ESTABLISHED_OCT_2016_REORGANISATION,EXACT_NORMALIZED_NAME_DISTRICT,Bitwise normalized match in district Yadadri Bhuvanagiri (LGD subdist_code 4630),RESOLVED_DIRECT
27,Balanagar,Medchal_Malkajgiri,4517,Balanagar,04517,HISTORICAL_2016_BASELINE,ESTABLISHED_OCT_2016_REORGANISATION,EXACT_NORMALIZED_NAME_DISTRICT,Bitwise normalized match in district Medchal Malkajgiri (LGD subdist_code 4517),RESOLVED_DIRECT
28,Balkonda,Nizamabad,4361,Balkonda,04361,HISTORICAL_2016_BASELINE,ESTABLISHED_OCT_2016_REORGANISATION,EXACT_NORMALIZED_NAME_DISTRICT,Bitwise normalized match in district Nizamabad (LGD subdist_code 4361),RESOLVED_DIRECT
29,Balmoor,Nagarkurnool,4597,Balmoor,04597,HISTORICAL_2016_BASELINE,ESTABLISHED_OCT_2016_REORGANISATION,EXACT_NORMALIZED_NAME_DISTRICT,Bitwise normalized match in district Nagarkurnool (LGD subdist_code 4597),RESOLVED_DIRECT
30,Balapur,Rangareddy,6323,Balapur,00000,HISTORICAL_2016_BASELINE,ESTABLISHED_OCT_2016_REORGANISATION,EXACT_NORMALIZED_NAME_DISTRICT,Bitwise normalized match in district Ranga Reddy (LGD subdist_code 6323),RESOLVED_DIRECT
31,Banswada,Kamareddy,4383,Banswada,04383,HISTORICAL_2016_BASELINE,ESTABLISHED_OCT_2016_REORGANISATION,EXACT_NORMALIZED_NAME_DISTRICT,Bitwise normalized match in district Kamareddy (LGD subdist_code 4383),RESOLVED_DIRECT
32,Bantwaram,Vikarabad,4532,Bantwaram,04532,HISTORICAL_2016_BASELINE,ESTABLISHED_OCT_2016_REORGANISATION,EXACT_NORMALIZED_NAME_DISTRICT,Bitwise normalized match in district Vikarabad (LGD subdist_code 4532),RESOLVED_DIRECT
33,Basar,Nirmal,6205,Basar,00000,HISTORICAL_2016_BASELINE,ESTABLISHED_OCT_2016_REORGANISATION,EXACT_NORMALIZED_NAME_DISTRICT,Bitwise normalized match in district Nirmal (LGD subdist_code 6205),RESOLVED_DIRECT
34,Bayyaram,Mahabubabad,4742,Bayyaram,04742,HISTORICAL_2016_BASELINE,ESTABLISHED_OCT_2016_REORGANISATION,EXACT_NORMALIZED_NAME_DISTRICT,Bitwise normalized match in district Mahabubabad (LGD subdist_code 4742),RESOLVED_DIRECT
35,Basheerabad,Vikarabad,4535,Basheerabad,04535,HISTORICAL_2016_BASELINE,ESTABLISHED_OCT_2016_REORGANISATION,EXACT_NORMALIZED_NAME_DISTRICT,Bitwise normalized match in district Vikarabad (LGD subdist_code 4535),RESOLVED_DIRECT
36,Bejjanki,Siddipet,4437,Bejjanki,04437,HISTORICAL_2016_BASELINE,ESTABLISHED_OCT_2016_REORGANISATION,EXACT_NORMALIZED_NAME_DISTRICT,Bitwise normalized match in district Siddipet (LGD subdist_code 4437),RESOLVED_DIRECT
37,Bazarhathnoor,Adilabad,4323,Bazarhatnoor,04323,HISTORICAL_2016_BASELINE,ESTABLISHED_OCT_2016_REORGANISATION,PHONETIC_SIMPLIFIED_DISTRICT,Phonetic transliteration match Bazarhathnoor -> Bazarhatnoor in Adilabad,RESOLVED_DETERMINISTIC
38,Beerpur,Jagtial,6212,Beerpur,00000,HISTORICAL_2016_BASELINE,ESTABLISHED_OCT_2016_REORGANISATION,EXACT_NORMALIZED_NAME_DISTRICT,Bitwise normalized match in district Jagitial (LGD subdist_code 6212),RESOLVED_DIRECT
39,Bejjur,Kumurambheem Asifabad,4317,Bejjur,04317,HISTORICAL_2016_BASELINE,ESTABLISHED_OCT_2016_REORGANISATION,EXACT_NORMALIZED_NAME_DISTRICT,Bitwise normalized match in district Kumuram Bheem Asifabad (LGD subdist_code 4317),RESOLVED_DIRECT
40,Bela,Adilabad,4308,Bela,04308,HISTORICAL_2016_BASELINE,ESTABLISHED_OCT_2016_REORGANISATION,EXACT_NORMALIZED_NAME_DISTRICT,Bitwise normalized match in district Adilabad (LGD subdist_code 4308),RESOLVED_DIRECT
41,Bheemgal,Nizamabad,4364,Bheemgal,04364,HISTORICAL_2016_BASELINE,ESTABLISHED_OCT_2016_REORGANISATION,EXACT_NORMALIZED_NAME_DISTRICT,Bitwise normalized match in district Nizamabad (LGD subdist_code 4364),RESOLVED_DIRECT
42,Bellampalle,Mancherial,4350,Bellampally,04350,HISTORICAL_2016_BASELINE,ESTABLISHED_OCT_2016_REORGANISATION,PHONETIC_SIMPLIFIED_DISTRICT,Phonetic transliteration match Bellampalle -> Bellampally in Mancherial,RESOLVED_DETERMINISTIC
43,Chinna Chinta Kunta,Mahabubnagar,4587,Chinnachintakunta,04587,HISTORICAL_2016_BASELINE,ESTABLISHED_OCT_2016_REORGANISATION,EXACT_NORMALIZED_NAME_DISTRICT,Bitwise normalized match in district Mahabubnagar (LGD subdist_code 4587),RESOLVED_DIRECT
44,Bheemaram,Mancherial,6228,Bheemaram,00000,HISTORICAL_2016_BASELINE,ESTABLISHED_OCT_2016_REORGANISATION,EXACT_NORMALIZED_NAME_DISTRICT,Bitwise normalized match in district Mancherial (LGD subdist_code 6228),RESOLVED_DIRECT
45,Bheempoor,Adilabad,6223,Bheempur,00000,HISTORICAL_2016_BASELINE,ESTABLISHED_OCT_2016_REORGANISATION,PHONETIC_SIMPLIFIED_DISTRICT,Phonetic transliteration match Bheempoor -> Bheempur in Adilabad,RESOLVED_DETERMINISTIC
46,Bijinapalle,Nagarkurnool,4584,Bijinapally,04584,HISTORICAL_2016_BASELINE,ESTABLISHED_OCT_2016_REORGANISATION,PHONETIC_SIMPLIFIED_DISTRICT,Phonetic transliteration match Bijinapalle -> Bijinapally in Nagarkurnool,RESOLVED_DETERMINISTIC
47,Bodhan,Nizamabad,4370,Bodhan,04370,HISTORICAL_2016_BASELINE,ESTABLISHED_OCT_2016_REORGANISATION,EXACT_NORMALIZED_NAME_DISTRICT,Bitwise normalized match in district Nizamabad (LGD subdist_code 4370),RESOLVED_DIRECT
48,Boinpalli,Rajanna Sircilla,4429,Boinpalli,04429,HISTORICAL_2016_BASELINE,ESTABLISHED_OCT_2016_REORGANISATION,EXACT_NORMALIZED_NAME_DISTRICT,Bitwise normalized match in district Rajanna Sircilla (LGD subdist_code 4429),RESOLVED_DIRECT
49,Bommalaramaram,Yadadri Bhuvanagiri,4613,Bommalaramaram,04613,HISTORICAL_2016_BASELINE,ESTABLISHED_OCT_2016_REORGANISATION,EXACT_NORMALIZED_NAME_DISTRICT,Bitwise normalized match in district Yadadri Bhuvanagiri (LGD subdist_code 4613),RESOLVED_DIRECT
50,Bommaraspeta,Vikarabad,4550,Bomaraspeta,04550,HISTORICAL_2016_BASELINE,ESTABLISHED_OCT_2016_REORGANISATION,EXPLICIT_TRANSLITERATION_MAP,Bomaraspeta (LGD 4550),RESOLVED_DETERMINISTIC
51,Bonakal,Khammam,4765,Bonakal,04765,HISTORICAL_2016_BASELINE,ESTABLISHED_OCT_2016_REORGANISATION,EXACT_NORMALIZED_NAME_DISTRICT,Bitwise normalized match in district Khammam (LGD subdist_code 4765),RESOLVED_DIRECT
52,Soan,Nirmal,6209,Soan,00000,HISTORICAL_2016_BASELINE,ESTABLISHED_OCT_2016_REORGANISATION,EXACT_NORMALIZED_NAME_DISTRICT,Bitwise normalized match in district Nirmal (LGD subdist_code 6209),RESOLVED_DIRECT
53,Bhiknoor,Kamareddy,4391,Bhiknoor,04391,HISTORICAL_2016_BASELINE,ESTABLISHED_OCT_2016_REORGANISATION,EXACT_NORMALIZED_NAME_DISTRICT,Bitwise normalized match in district Kamareddy (LGD subdist_code 4391),RESOLVED_DIRECT
54,Bibipet,Kamareddy,6242,Bibipet,00000,HISTORICAL_2016_BASELINE,ESTABLISHED_OCT_2016_REORGANISATION,EXACT_NORMALIZED_NAME_DISTRICT,Bitwise normalized match in district Kamareddy (LGD subdist_code 6242),RESOLVED_DIRECT
55,Boath,Adilabad,4324,Boath,04324,HISTORICAL_2016_BASELINE,ESTABLISHED_OCT_2016_REORGANISATION,EXACT_NORMALIZED_NAME_DISTRICT,Bitwise normalized match in district Adilabad (LGD subdist_code 4324),RESOLVED_DIRECT
56,Buggaram,Jagtial,6213,Buggaram,00000,HISTORICAL_2016_BASELINE,ESTABLISHED_OCT_2016_REORGANISATION,EXACT_NORMALIZED_NAME_DISTRICT,Bitwise normalized match in district Jagitial (LGD subdist_code 6213),RESOLVED_DIRECT
57,Chinnakodur,Siddipet,4460,Chinnakodur,04460,HISTORICAL_2016_BASELINE,ESTABLISHED_OCT_2016_REORGANISATION,EXACT_NORMALIZED_NAME_DISTRICT,Bitwise normalized match in district Siddipet (LGD subdist_code 4460),RESOLVED_DIRECT
58,Burgampadu,Bhadradri Kothagudem,4736,Burgampahad,04736,HISTORICAL_2016_BASELINE,ESTABLISHED_OCT_2016_REORGANISATION,EXPLICIT_TRANSLITERATION_MAP,Burgampahad (LGD 4736),RESOLVED_DETERMINISTIC
59,Sujathanagar,Bhadradri Kothagudem,6265,Sujathanagar,00000,HISTORICAL_2016_BASELINE,ESTABLISHED_OCT_2016_REORGANISATION,EXACT_NORMALIZED_NAME_DISTRICT,Bitwise normalized match in district Bhadradri Kothagudem (LGD subdist_code 6265),RESOLVED_DIRECT
60,Chandampet,Nalgonda,4652,Chandampeta,04652,HISTORICAL_2016_BASELINE,ESTABLISHED_OCT_2016_REORGANISATION,PHONETIC_SIMPLIFIED_DISTRICT,Phonetic transliteration match Chandampet -> Chandampeta in Nalgonda,RESOLVED_DETERMINISTIC
61,Chandrugonda,Bhadradri Kothagudem,4747,Chandrugonda,04747,HISTORICAL_2016_BASELINE,ESTABLISHED_OCT_2016_REORGANISATION,EXACT_NORMALIZED_NAME_DISTRICT,Bitwise normalized match in district Bhadradri Kothagudem (LGD subdist_code 4747),RESOLVED_DIRECT
62,Charakonda,Nagarkurnool,6293,Charakonda,00000,HISTORICAL_2016_BASELINE,ESTABLISHED_OCT_2016_REORGANISATION,EXACT_NORMALIZED_NAME_DISTRICT,Bitwise normalized match in district Nagarkurnool (LGD subdist_code 6293),RESOLVED_DIRECT
63,Charminar,Hyderabad,4510,Charminar,04510,HISTORICAL_2016_BASELINE,ESTABLISHED_OCT_2016_REORGANISATION,EXACT_NORMALIZED_NAME_DISTRICT,Bitwise normalized match in district Hyderabad (LGD subdist_code 4510),RESOLVED_DIRECT
64,Chendurthi,Rajanna Sircilla,4419,Chandurthi,04419,HISTORICAL_2016_BASELINE,ESTABLISHED_OCT_2016_REORGANISATION,EXPLICIT_TRANSLITERATION_MAP,Chandurthi (LGD 4419),RESOLVED_DETERMINISTIC
65,Chityal,Nalgonda,4633,Chityal,04633,HISTORICAL_2016_BASELINE,ESTABLISHED_OCT_2016_REORGANISATION,EXACT_NORMALIZED_NAME_DISTRICT,Bitwise normalized match in district Nalgonda (LGD subdist_code 4633),RESOLVED_DIRECT
66,Chivvemla,Suryapet,4639,Chivemla,04639,HISTORICAL_2016_BASELINE,ESTABLISHED_OCT_2016_REORGANISATION,EXPLICIT_TRANSLITERATION_MAP,Chivemla (LGD 4639),RESOLVED_DETERMINISTIC
67,Choppadandi,Karimnagar,4424,Choppadandi,04424,HISTORICAL_2016_BASELINE,ESTABLISHED_OCT_2016_REORGANISATION,EXACT_NORMALIZED_NAME_DISTRICT,Bitwise normalized match in district Karimnagar (LGD subdist_code 4424),RESOLVED_DIRECT
68,Choutuppal,Yadadri Bhuvanagiri,4631,Choutuppal,04631,HISTORICAL_2016_BASELINE,ESTABLISHED_OCT_2016_REORGANISATION,EXACT_NORMALIZED_NAME_DISTRICT,Bitwise normalized match in district Yadadri Bhuvanagiri (LGD subdist_code 4631),RESOLVED_DIRECT
69,Chennaraopet,Warangal_Rural,4712,Chennaraopet,04712,HISTORICAL_2016_BASELINE,ESTABLISHED_OCT_2016_REORGANISATION,EXACT_NORMALIZED_NAME_DISTRICT,Bitwise normalized match in district Warangal (LGD subdist_code 4712),RESOLVED_DIRECT
70,Chennur,Mancherial,4356,Chennur,04356,HISTORICAL_2016_BASELINE,ESTABLISHED_OCT_2016_REORGANISATION,EXACT_NORMALIZED_NAME_DISTRICT,Bitwise normalized match in district Mancherial (LGD subdist_code 4356),RESOLVED_DIRECT
71,Cherial,Siddipet,4672,Cherial,04672,HISTORICAL_2016_BASELINE,ESTABLISHED_OCT_2016_REORGANISATION,EXACT_NORMALIZED_NAME_DISTRICT,Bitwise normalized match in district Siddipet (LGD subdist_code 4672),RESOLVED_DIRECT
72,Munipally,Sangareddy,4477,Munipally,04477,HISTORICAL_2016_BASELINE,ESTABLISHED_OCT_2016_REORGANISATION,EXACT_NORMALIZED_NAME_DISTRICT,Bitwise normalized match in district Sangareddy (LGD subdist_code 4477),RESOLVED_DIRECT
73,Munugode,Nalgonda,4647,Munugode,04647,HISTORICAL_2016_BASELINE,ESTABLISHED_OCT_2016_REORGANISATION,EXACT_NORMALIZED_NAME_DISTRICT,Bitwise normalized match in district Nalgonda (LGD subdist_code 4647),RESOLVED_DIRECT
74,Cherla,Bhadradri Kothagudem,4726,Cherla,04726,HISTORICAL_2016_BASELINE,ESTABLISHED_OCT_2016_REORGANISATION,EXACT_NORMALIZED_NAME_DISTRICT,Bitwise normalized match in district Bhadradri Kothagudem (LGD subdist_code 4726),RESOLVED_DIRECT
75,Chigurumamidi,Karimnagar,4442,Chigurumamidi,04442,HISTORICAL_2016_BASELINE,ESTABLISHED_OCT_2016_REORGANISATION,EXACT_NORMALIZED_NAME_DISTRICT,Bitwise normalized match in district Karimnagar (LGD subdist_code 4442),RESOLVED_DIRECT
76,Chilkur,Suryapet,4667,Chilkur,04667,HISTORICAL_2016_BASELINE,ESTABLISHED_OCT_2016_REORGANISATION,EXACT_NORMALIZED_NAME_DISTRICT,Bitwise normalized match in district Suryapet (LGD subdist_code 4667),RESOLVED_DIRECT
77,Mustabad,Rajanna Sircilla,4434,Mustabad,04434,HISTORICAL_2016_BASELINE,ESTABLISHED_OCT_2016_REORGANISATION,EXACT_NORMALIZED_NAME_DISTRICT,Bitwise normalized match in district Rajanna Sircilla (LGD subdist_code 4434),RESOLVED_DIRECT
78,Dahegaon,Kumurambheem Asifabad,4329,Dahegoan,04329,HISTORICAL_2016_BASELINE,ESTABLISHED_OCT_2016_REORGANISATION,EXPLICIT_TRANSLITERATION_MAP,Dahegoan (LGD 4329),RESOLVED_DETERMINISTIC
79,Devarakonda,Nalgonda,4653,Devarakonda,04653,HISTORICAL_2016_BASELINE,ESTABLISHED_OCT_2016_REORGANISATION,EXACT_NORMALIZED_NAME_DISTRICT,Bitwise normalized match in district Nalgonda (LGD subdist_code 4653),RESOLVED_DIRECT
80,Devarkadra,Mahabubnagar,4573,Devarakadra,04573,HISTORICAL_2016_BASELINE,ESTABLISHED_OCT_2016_REORGANISATION,EXPLICIT_TRANSLITERATION_MAP,Devarakadra (LGD 4573),RESOLVED_DETERMINISTIC
81,Devaruppula,Jangoan,4701,Devaruppula,04701,HISTORICAL_2016_BASELINE,ESTABLISHED_OCT_2016_REORGANISATION,EXACT_NORMALIZED_NAME_DISTRICT,Bitwise normalized match in district Jangoan (LGD subdist_code 4701),RESOLVED_DIRECT
82,Vemsoor,Khammam,4768,Vemsoor,04768,HISTORICAL_2016_BASELINE,ESTABLISHED_OCT_2016_REORGANISATION,EXACT_NORMALIZED_NAME_DISTRICT,Bitwise normalized match in district Khammam (LGD subdist_code 4768),RESOLVED_DIRECT
83,Suryapet,Suryapet,4638,Suryapet,04638,HISTORICAL_2016_BASELINE,ESTABLISHED_OCT_2016_REORGANISATION,EXACT_NORMALIZED_NAME_DISTRICT,Bitwise normalized match in district Suryapet (LGD subdist_code 4638),RESOLVED_DIRECT
84,Tadvai (Sammakka Sarakka),Mulugu,4687,Tadvai,04687,HISTORICAL_2016_BASELINE,ESTABLISHED_OCT_2016_REORGANISATION,EXACT_NORMALIZED_NAME_DISTRICT,Bitwise normalized match in district Mulugu (LGD subdist_code 4687),RESOLVED_DIRECT
85,Tadwai,Kamareddy,4389,Tadwai,04389,HISTORICAL_2016_BASELINE,ESTABLISHED_OCT_2016_REORGANISATION,EXACT_NORMALIZED_NAME_DISTRICT,Bitwise normalized match in district Kamareddy (LGD subdist_code 4389),RESOLVED_DIRECT
86,Talamadugu,Adilabad,4309,Talamadugu,04309,HISTORICAL_2016_BASELINE,ESTABLISHED_OCT_2016_REORGANISATION,EXACT_NORMALIZED_NAME_DISTRICT,Bitwise normalized match in district Adilabad (LGD subdist_code 4309),RESOLVED_DIRECT
87,Tamsi,Adilabad,4305,Tamsi,04305,HISTORICAL_2016_BASELINE,ESTABLISHED_OCT_2016_REORGANISATION,EXACT_NORMALIZED_NAME_DISTRICT,Bitwise normalized match in district Adilabad (LGD subdist_code 4305),RESOLVED_DIRECT
88,Tandur,Mancherial,4332,Tandur,04332,HISTORICAL_2016_BASELINE,ESTABLISHED_OCT_2016_REORGANISATION,EXACT_NORMALIZED_NAME_DISTRICT,Bitwise normalized match in district Mancherial (LGD subdist_code 4332),RESOLVED_DIRECT
89,Tandur,Vikarabad,4534,Tandur,04534,HISTORICAL_2016_BASELINE,ESTABLISHED_OCT_2016_REORGANISATION,EXACT_NORMALIZED_NAME_DISTRICT,Bitwise normalized match in district Vikarabad (LGD subdist_code 4534),RESOLVED_DIRECT
90,Tekmal,Medak,4469,Tekmal,04469,HISTORICAL_2016_BASELINE,ESTABLISHED_OCT_2016_REORGANISATION,EXACT_NORMALIZED_NAME_DISTRICT,Bitwise normalized match in district Medak (LGD subdist_code 4469),RESOLVED_DIRECT
91,Gollapalli,Jagtial,4412,Gollapalli,04412,HISTORICAL_2016_BASELINE,ESTABLISHED_OCT_2016_REORGANISATION,EXACT_NORMALIZED_NAME_DISTRICT,Bitwise normalized match in district Jagitial (LGD subdist_code 4412),RESOLVED_DIRECT
92,Tekulapalle,Bhadradri Kothagudem,4739,Tekulapalli,04739,HISTORICAL_2016_BASELINE,ESTABLISHED_OCT_2016_REORGANISATION,PHONETIC_SIMPLIFIED_DISTRICT,Phonetic transliteration match Tekulapalle -> Tekulapalli in Bhadradri Kothagudem,RESOLVED_DETERMINISTIC
93,Dasturabad,Nirmal,6207,Dasturabad,00000,HISTORICAL_2016_BASELINE,ESTABLISHED_OCT_2016_REORGANISATION,EXACT_NORMALIZED_NAME_DISTRICT,Bitwise normalized match in district Nirmal (LGD subdist_code 6207),RESOLVED_DIRECT
94,Tekumatla,Jayashankar Bhupalpally,6248,Tekumatla,00000,HISTORICAL_2016_BASELINE,ESTABLISHED_OCT_2016_REORGANISATION,EXACT_NORMALIZED_NAME_DISTRICT,Bitwise normalized match in district Jayashankar Bhupalapally (LGD subdist_code 6248),RESOLVED_DIRECT
95,Dharoor,Vikarabad,4531,Dharur,04531,HISTORICAL_2016_BASELINE,ESTABLISHED_OCT_2016_REORGANISATION,PHONETIC_SIMPLIFIED_DISTRICT,Phonetic transliteration match Dharoor -> Dharur in Vikarabad,RESOLVED_DETERMINISTIC
96,Dharpally,Nizamabad,4378,Dharpally,04378,HISTORICAL_2016_BASELINE,ESTABLISHED_OCT_2016_REORGANISATION,EXACT_NORMALIZED_NAME_DISTRICT,Bitwise normalized match in district Nizamabad (LGD subdist_code 4378),RESOLVED_DIRECT
97,Dichpally,Nizamabad,4377,Dichpally,04377,HISTORICAL_2016_BASELINE,ESTABLISHED_OCT_2016_REORGANISATION,EXACT_NORMALIZED_NAME_DISTRICT,Bitwise normalized match in district Nizamabad (LGD subdist_code 4377),RESOLVED_DIRECT
98,Doma,Vikarabad,4537,Doma,04537,HISTORICAL_2016_BASELINE,ESTABLISHED_OCT_2016_REORGANISATION,EXACT_NORMALIZED_NAME_DISTRICT,Bitwise normalized match in district Vikarabad (LGD subdist_code 4537),RESOLVED_DIRECT
99,Yellandu,Bhadradri Kothagudem,4740,Yellandu,04740,HISTORICAL_2016_BASELINE,ESTABLISHED_OCT_2016_REORGANISATION,EXACT_NORMALIZED_NAME_DISTRICT,Bitwise normalized match in district Bhadradri Kothagudem (LGD subdist_code 4740),RESOLVED_DIRECT
100,Doulthabad,Vikarabad,4552,Doulathabad,04552,HISTORICAL_2016_BASELINE,ESTABLISHED_OCT_2016_REORGANISATION,EXPLICIT_TRANSLITERATION_MAP,Doulathabad (LGD 4552),RESOLVED_DETERMINISTIC
101,Dubbak,Siddipet,4458,Dubbak,04458,HISTORICAL_2016_BASELINE,ESTABLISHED_OCT_2016_REORGANISATION,EXACT_NORMALIZED_NAME_DISTRICT,Bitwise normalized match in district Siddipet (LGD subdist_code 4458),RESOLVED_DIRECT
102,Duggondi,Warangal_Rural,4693,Duggondi,04693,HISTORICAL_2016_BASELINE,ESTABLISHED_OCT_2016_REORGANISATION,EXACT_NORMALIZED_NAME_DISTRICT,Bitwise normalized match in district Warangal (LGD subdist_code 4693),RESOLVED_DIRECT
103,Thangallapalli,Rajanna Sircilla,6217,Thangallapalli,00000,HISTORICAL_2016_BASELINE,ESTABLISHED_OCT_2016_REORGANISATION,EXACT_NORMALIZED_NAME_DISTRICT,Bitwise normalized match in district Rajanna Sircilla (LGD subdist_code 6217),RESOLVED_DIRECT
104,Dundigal Gandimaisamma,Medchal_Malkajgiri,6316,Gandimaisamma Dundigal,00000,HISTORICAL_2016_BASELINE,ESTABLISHED_OCT_2016_REORGANISATION,EXPLICIT_TRANSLITERATION_MAP,Gandimaisamma Dundigal (LGD 6316),RESOLVED_DETERMINISTIC
105,Eligaid,Peddapalli,4410,Eligaid,04410,HISTORICAL_2016_BASELINE,ESTABLISHED_OCT_2016_REORGANISATION,EXACT_NORMALIZED_NAME_DISTRICT,Bitwise normalized match in district Peddapalli (LGD subdist_code 4410),RESOLVED_DIRECT
106,Elkathurthi,Warangal_Urban,4449,Elkathurthy,04449,HISTORICAL_2016_BASELINE,ESTABLISHED_OCT_2016_REORGANISATION,EXPLICIT_TRANSLITERATION_MAP,Elkathurthy (LGD 4449) in Hanumakonda,RESOLVED_DETERMINISTIC
107,Ellandakunta,Karimnagar,6234,Ellandakunta,00000,HISTORICAL_2016_BASELINE,ESTABLISHED_OCT_2016_REORGANISATION,EXACT_NORMALIZED_NAME_DISTRICT,Bitwise normalized match in district Karimnagar (LGD subdist_code 6234),RESOLVED_DIRECT
108,Gandeed,Mahabubnagar,4538,Gandeed,04538,HISTORICAL_2016_BASELINE,ESTABLISHED_OCT_2016_REORGANISATION,EXACT_NORMALIZED_NAME_DISTRICT,Bitwise normalized match in district Mahabubnagar (LGD subdist_code 4538),RESOLVED_DIRECT
109,Gandhari,Kamareddy,4382,Gandhari,04382,HISTORICAL_2016_BASELINE,ESTABLISHED_OCT_2016_REORGANISATION,EXACT_NORMALIZED_NAME_DISTRICT,Bitwise normalized match in district Kamareddy (LGD subdist_code 4382),RESOLVED_DIRECT
110,Gandipet,Rangareddy,6320,Gandipet,00000,HISTORICAL_2016_BASELINE,ESTABLISHED_OCT_2016_REORGANISATION,EXACT_NORMALIZED_NAME_DISTRICT,Bitwise normalized match in district Ranga Reddy (LGD subdist_code 6320),RESOLVED_DIRECT
111,Gangadhara,Karimnagar,4422,Gangadhara,04422,HISTORICAL_2016_BASELINE,ESTABLISHED_OCT_2016_REORGANISATION,EXACT_NORMALIZED_NAME_DISTRICT,Bitwise normalized match in district Karimnagar (LGD subdist_code 4422),RESOLVED_DIRECT
112,Golkonda,Hyderabad,4507,Golconda,04507,HISTORICAL_2016_BASELINE,ESTABLISHED_OCT_2016_REORGANISATION,EXPLICIT_TRANSLITERATION_MAP,Golconda (LGD 4507),RESOLVED_DETERMINISTIC
113,Mosra,Nizamabad,6668,Mosara,00000,HISTORICAL_2016_BASELINE,ESTABLISHED_OCT_2016_REORGANISATION,EXPLICIT_TRANSLITERATION_MAP,Mosara (LGD 6668),RESOLVED_DETERMINISTIC
114,Farooqnagar,Rangareddy,4559,Farooqnagar,04559,HISTORICAL_2016_BASELINE,ESTABLISHED_OCT_2016_REORGANISATION,EXACT_NORMALIZED_NAME_DISTRICT,Bitwise normalized match in district Ranga Reddy (LGD subdist_code 4559),RESOLVED_DIRECT
115,Tharigoppula,Jangoan,6257,Tharigoppula,00000,HISTORICAL_2016_BASELINE,ESTABLISHED_OCT_2016_REORGANISATION,EXACT_NORMALIZED_NAME_DISTRICT,Bitwise normalized match in district Jangoan (LGD subdist_code 6257),RESOLVED_DIRECT
116,Thimmapur,Karimnagar,4438,Thimmapur LMD,04438,HISTORICAL_2016_BASELINE,ESTABLISHED_OCT_2016_REORGANISATION,EXPLICIT_TRANSLITERATION_MAP,Thimmapur LMD (LGD 4438),RESOLVED_DETERMINISTIC
117,Gadwal,Jogulamba Gadwal,4603,Gadwal,04603,HISTORICAL_2016_BASELINE,ESTABLISHED_OCT_2016_REORGANISATION,EXACT_NORMALIZED_NAME_DISTRICT,Bitwise normalized match in district Jogulamba Gadwal (LGD subdist_code 4603),RESOLVED_DIRECT
118,Gajwel,Siddipet,4483,Gajwel,04483,HISTORICAL_2016_BASELINE,ESTABLISHED_OCT_2016_REORGANISATION,EXACT_NORMALIZED_NAME_DISTRICT,Bitwise normalized match in district Siddipet (LGD subdist_code 4483),RESOLVED_DIRECT
119,Himayatnagar,Hyderabad,4503,Himayatnagar,04503,HISTORICAL_2016_BASELINE,ESTABLISHED_OCT_2016_REORGANISATION,EXACT_NORMALIZED_NAME_DISTRICT,Bitwise normalized match in district Hyderabad (LGD subdist_code 4503),RESOLVED_DIRECT
120,Yellareddypet,Rajanna Sircilla,4432,Yellareddipet,04432,HISTORICAL_2016_BASELINE,ESTABLISHED_OCT_2016_REORGANISATION,EXPLICIT_TRANSLITERATION_MAP,Yellareddipet (LGD 4432),RESOLVED_DETERMINISTIC
121,Chilpur,Jangoan,6259,Chilpur,00000,HISTORICAL_2016_BASELINE,ESTABLISHED_OCT_2016_REORGANISATION,EXACT_NORMALIZED_NAME_DISTRICT,Bitwise normalized match in district Jangoan (LGD subdist_code 6259),RESOLVED_DIRECT
122,Chinnagudur,Mahabubabad,6254,Chinnagudur,00000,HISTORICAL_2016_BASELINE,ESTABLISHED_OCT_2016_REORGANISATION,EXACT_NORMALIZED_NAME_DISTRICT,Bitwise normalized match in district Mahabubabad (LGD subdist_code 6254),RESOLVED_DIRECT
123,Ganneruvaram,Karimnagar,6232,Ganneruvaram,00000,HISTORICAL_2016_BASELINE,ESTABLISHED_OCT_2016_REORGANISATION,EXACT_NORMALIZED_NAME_DISTRICT,Bitwise normalized match in district Karimnagar (LGD subdist_code 6232),RESOLVED_DIRECT
124,Garidepalli,Suryapet,4666,Garidepally,04666,HISTORICAL_2016_BASELINE,ESTABLISHED_OCT_2016_REORGANISATION,PHONETIC_SIMPLIFIED_DISTRICT,Phonetic transliteration match Garidepalli -> Garidepally in Suryapet,RESOLVED_DETERMINISTIC
125,Garla,Mahabubabad,4743,Garla,04743,HISTORICAL_2016_BASELINE,ESTABLISHED_OCT_2016_REORGANISATION,EXACT_NORMALIZED_NAME_DISTRICT,Bitwise normalized match in district Mahabubabad (LGD subdist_code 4743),RESOLVED_DIRECT
126,Geesugonda,Warangal_Rural,4707,Geesugonda,04707,HISTORICAL_2016_BASELINE,ESTABLISHED_OCT_2016_REORGANISATION,EXACT_NORMALIZED_NAME_DISTRICT,Bitwise normalized match in district Warangal (LGD subdist_code 4707),RESOLVED_DIRECT
127,Chinnambavi,Wanaparthy,6287,Chinnambavi,00000,HISTORICAL_2016_BASELINE,ESTABLISHED_OCT_2016_REORGANISATION,EXACT_NORMALIZED_NAME_DISTRICT,Bitwise normalized match in district Wanaparthy (LGD subdist_code 6287),RESOLVED_DIRECT
128,Ghanpur,Wanaparthy,4585,Ghanpur,04585,HISTORICAL_2016_BASELINE,ESTABLISHED_OCT_2016_REORGANISATION,EXACT_NORMALIZED_NAME_DISTRICT,Bitwise normalized match in district Wanaparthy (LGD subdist_code 4585),RESOLVED_DIRECT
129,Chintakani,Khammam,4760,Chinthakani,04760,HISTORICAL_2016_BASELINE,ESTABLISHED_OCT_2016_REORGANISATION,PHONETIC_SIMPLIFIED_DISTRICT,Phonetic transliteration match Chintakani -> Chinthakani in Khammam,RESOLVED_DETERMINISTIC
130,Chintalamanepally,Kumurambheem Asifabad,6314,Chintalamanepally,00000,HISTORICAL_2016_BASELINE,ESTABLISHED_OCT_2016_REORGANISATION,EXACT_NORMALIZED_NAME_DISTRICT,Bitwise normalized match in district Kumuram Bheem Asifabad (LGD subdist_code 6314),RESOLVED_DIRECT
131,Ghattu,Jogulamba Gadwal,4605,Ghattu,04605,HISTORICAL_2016_BASELINE,ESTABLISHED_OCT_2016_REORGANISATION,EXACT_NORMALIZED_NAME_DISTRICT,Bitwise normalized match in district Jogulamba Gadwal (LGD subdist_code 4605),RESOLVED_DIRECT
132,Chinthala palem,Suryapet,6303,Chinthalapalem,00000,HISTORICAL_2016_BASELINE,ESTABLISHED_OCT_2016_REORGANISATION,EXACT_NORMALIZED_NAME_DISTRICT,Bitwise normalized match in district Suryapet (LGD subdist_code 6303),RESOLVED_DIRECT
133,Chinthapally,Nalgonda,4650,Chinthapally,04650,HISTORICAL_2016_BASELINE,ESTABLISHED_OCT_2016_REORGANISATION,EXACT_NORMALIZED_NAME_DISTRICT,Bitwise normalized match in district Nalgonda (LGD subdist_code 4650),RESOLVED_DIRECT
134,Chowdergudem,Rangareddy,6322,Jilled Chowdergudem,00000,HISTORICAL_2016_BASELINE,ESTABLISHED_OCT_2016_REORGANISATION,EXPLICIT_ALIAS_LINEAGE,Jilled Chowdergudem (LGD 6322),RESOLVED_LEGAL_LINEAGE
135,Chunchupally,Bhadradri Kothagudem,6376,Chunchupalli,00000,HISTORICAL_2016_BASELINE,ESTABLISHED_OCT_2016_REORGANISATION,PHONETIC_SIMPLIFIED_DISTRICT,Phonetic transliteration match Chunchupally -> Chunchupalli in Bhadradri Kothagudem,RESOLVED_DETERMINISTIC
136,Damaracherla,Nalgonda,4663,Dameracherla,04663,HISTORICAL_2016_BASELINE,ESTABLISHED_OCT_2016_REORGANISATION,EXPLICIT_TRANSLITERATION_MAP,Dameracherla (LGD 4663),RESOLVED_DETERMINISTIC
137,Damargidda,Narayanpet,4553,Damargidda,04553,HISTORICAL_2016_BASELINE,ESTABLISHED_OCT_2016_REORGANISATION,EXACT_NORMALIZED_NAME_DISTRICT,Bitwise normalized match in district Narayanpet (LGD subdist_code 4553),RESOLVED_DIRECT
138,Gummadidala,Sangareddy,6277,Gummadidala,00000,HISTORICAL_2016_BASELINE,ESTABLISHED_OCT_2016_REORGANISATION,EXACT_NORMALIZED_NAME_DISTRICT,Bitwise normalized match in district Sangareddy (LGD subdist_code 6277),RESOLVED_DIRECT
139,Damera,Warangal_Rural,6375,Damera,00000,HISTORICAL_2016_BASELINE,ESTABLISHED_OCT_2016_REORGANISATION,EXPLICIT_ALIAS_LINEAGE,Damera (LGD 6375) in Hanumakonda post-2021 reorganization,RESOLVED_LEGAL_LINEAGE
140,Kalwakurthy,Nagarkurnool,4576,Kalwakurthy,04576,HISTORICAL_2016_BASELINE,ESTABLISHED_OCT_2016_REORGANISATION,EXACT_NORMALIZED_NAME_DISTRICT,Bitwise normalized match in district Nagarkurnool (LGD subdist_code 4576),RESOLVED_DIRECT
141,Kamalapur,Warangal_Urban,4447,Kamalapur,04447,HISTORICAL_2016_BASELINE,ESTABLISHED_OCT_2016_REORGANISATION,EXACT_NORMALIZED_NAME_DISTRICT,Bitwise normalized match in district Hanumakonda (LGD subdist_code 4447),RESOLVED_DIRECT
142,Yergatla,Nizamabad,6239,Yergatla,00000,HISTORICAL_2016_BASELINE,ESTABLISHED_OCT_2016_REORGANISATION,EXACT_NORMALIZED_NAME_DISTRICT,Bitwise normalized match in district Nizamabad (LGD subdist_code 6239),RESOLVED_DIRECT
143,Chandur,Nizamabad,6669,Chandur,00000,HISTORICAL_2016_BASELINE,ESTABLISHED_OCT_2016_REORGANISATION,EXACT_NORMALIZED_NAME_DISTRICT,Bitwise normalized match in district Nizamabad (LGD subdist_code 6669),RESOLVED_DIRECT
144,Hanwada,Mahabubnagar,4555,Hanwada,04555,HISTORICAL_2016_BASELINE,ESTABLISHED_OCT_2016_REORGANISATION,EXACT_NORMALIZED_NAME_DISTRICT,Bitwise normalized match in district Mahabubnagar (LGD subdist_code 4555),RESOLVED_DIRECT
145,Hasanparthy,Warangal_Urban,4678,Hasanparthy,04678,HISTORICAL_2016_BASELINE,ESTABLISHED_OCT_2016_REORGANISATION,EXACT_NORMALIZED_NAME_DISTRICT,Bitwise normalized match in district Hanumakonda (LGD subdist_code 4678),RESOLVED_DIRECT
146,Hathnoora,Sangareddy,4489,Hathnoora,04489,HISTORICAL_2016_BASELINE,ESTABLISHED_OCT_2016_REORGANISATION,EXACT_NORMALIZED_NAME_DISTRICT,Bitwise normalized match in district Sangareddy (LGD subdist_code 4489),RESOLVED_DIRECT
147,Lingal,Nagarkurnool,4598,Lingal,04598,HISTORICAL_2016_BASELINE,ESTABLISHED_OCT_2016_REORGANISATION,EXACT_NORMALIZED_NAME_DISTRICT,Bitwise normalized match in district Nagarkurnool (LGD subdist_code 4598),RESOLVED_DIRECT
148,Dammapeta,Bhadradri Kothagudem,4750,Dammapeta,04750,HISTORICAL_2016_BASELINE,ESTABLISHED_OCT_2016_REORGANISATION,EXACT_NORMALIZED_NAME_DISTRICT,Bitwise normalized match in district Bhadradri Kothagudem (LGD subdist_code 4750),RESOLVED_DIRECT
149,Dandepalle,Mancherial,4348,Dandepally,04348,HISTORICAL_2016_BASELINE,ESTABLISHED_OCT_2016_REORGANISATION,PHONETIC_SIMPLIFIED_DISTRICT,Phonetic transliteration match Dandepalle -> Dandepally in Mancherial,RESOLVED_DETERMINISTIC
150,Danthalapalle,Mahabubabad,6255,Danthalapalle,00000,HISTORICAL_2016_BASELINE,ESTABLISHED_OCT_2016_REORGANISATION,EXACT_NORMALIZED_NAME_DISTRICT,Bitwise normalized match in district Mahabubabad (LGD subdist_code 6255),RESOLVED_DIRECT
151,Ibrahimpatnam,Rangareddy,4546,Ibrahimpatnam,04546,HISTORICAL_2016_BASELINE,ESTABLISHED_OCT_2016_REORGANISATION,EXACT_NORMALIZED_NAME_DISTRICT,Bitwise normalized match in district Ranga Reddy (LGD subdist_code 4546),RESOLVED_DIRECT
152,Dhanwada,Narayanpet,4572,Dhanwada,04572,HISTORICAL_2016_BASELINE,ESTABLISHED_OCT_2016_REORGANISATION,EXACT_NORMALIZED_NAME_DISTRICT,Bitwise normalized match in district Narayanpet (LGD subdist_code 4572),RESOLVED_DIRECT
153,Illanthakunta,Rajanna Sircilla,4436,Illanthakunta,04436,HISTORICAL_2016_BASELINE,ESTABLISHED_OCT_2016_REORGANISATION,EXACT_NORMALIZED_NAME_DISTRICT,Bitwise normalized match in district Rajanna Sircilla (LGD subdist_code 4436),RESOLVED_DIRECT
154,Inavolu,Warangal_Urban,6249,Inavole,00000,HISTORICAL_2016_BASELINE,ESTABLISHED_OCT_2016_REORGANISATION,EXPLICIT_TRANSLITERATION_MAP,Inavole (LGD 6249) in Hanumakonda,RESOLVED_DETERMINISTIC
155,Indalwai,Nizamabad,6236,Indalwai,00000,HISTORICAL_2016_BASELINE,ESTABLISHED_OCT_2016_REORGANISATION,EXACT_NORMALIZED_NAME_DISTRICT,Bitwise normalized match in district Nizamabad (LGD subdist_code 6236),RESOLVED_DIRECT
156,Dharmapuri,Jagtial,4397,Dharmapuri,04397,HISTORICAL_2016_BASELINE,ESTABLISHED_OCT_2016_REORGANISATION,EXACT_NORMALIZED_NAME_DISTRICT,Bitwise normalized match in district Jagitial (LGD subdist_code 4397),RESOLVED_DIRECT
157,Itikyal,Jogulamba Gadwal,4607,Itikyala,04607,HISTORICAL_2016_BASELINE,ESTABLISHED_OCT_2016_REORGANISATION,EXPLICIT_TRANSLITERATION_MAP,Itikyala (LGD 4607),RESOLVED_DETERMINISTIC
158,Dharoor,Jogulamba Gadwal,4591,Dharoor,04591,HISTORICAL_2016_BASELINE,ESTABLISHED_OCT_2016_REORGANISATION,EXACT_NORMALIZED_NAME_DISTRICT,Bitwise normalized match in district Jogulamba Gadwal (LGD subdist_code 4591),RESOLVED_DIRECT
159,Dilawarpur,Nirmal,4343,Dilawarpur,04343,HISTORICAL_2016_BASELINE,ESTABLISHED_OCT_2016_REORGANISATION,EXACT_NORMALIZED_NAME_DISTRICT,Bitwise normalized match in district Nirmal (LGD subdist_code 4343),RESOLVED_DIRECT
160,Dornakal,Mahabubabad,4722,Dornakal,04722,HISTORICAL_2016_BASELINE,ESTABLISHED_OCT_2016_REORGANISATION,EXACT_NORMALIZED_NAME_DISTRICT,Bitwise normalized match in district Mahabubabad (LGD subdist_code 4722),RESOLVED_DIRECT
161,Jakranpally,Nizamabad,4366,Jakranpally,04366,HISTORICAL_2016_BASELINE,ESTABLISHED_OCT_2016_REORGANISATION,EXACT_NORMALIZED_NAME_DISTRICT,Bitwise normalized match in district Nizamabad (LGD subdist_code 4366),RESOLVED_DIRECT
162,Jammikunta,Karimnagar,4440,Jammikunta,04440,HISTORICAL_2016_BASELINE,ESTABLISHED_OCT_2016_REORGANISATION,EXACT_NORMALIZED_NAME_DISTRICT,Bitwise normalized match in district Karimnagar (LGD subdist_code 4440),RESOLVED_DIRECT
163,Dummugudem,Bhadradri Kothagudem,4729,Dummugudem,04729,HISTORICAL_2016_BASELINE,ESTABLISHED_OCT_2016_REORGANISATION,EXACT_NORMALIZED_NAME_DISTRICT,Bitwise normalized match in district Bhadradri Kothagudem (LGD subdist_code 4729),RESOLVED_DIRECT
164,Enkoor,Khammam,4753,Enkoor,04753,HISTORICAL_2016_BASELINE,ESTABLISHED_OCT_2016_REORGANISATION,EXACT_NORMALIZED_NAME_DISTRICT,Bitwise normalized match in district Khammam (LGD subdist_code 4753),RESOLVED_DIRECT
165,Jharasangam,Sangareddy,4476,Jharasangam,04476,HISTORICAL_2016_BASELINE,ESTABLISHED_OCT_2016_REORGANISATION,EXACT_NORMALIZED_NAME_DISTRICT,Bitwise normalized match in district Sangareddy (LGD subdist_code 4476),RESOLVED_DIRECT
166,Eturnagaram,Mulugu,4685,Eturunagaram,04685,HISTORICAL_2016_BASELINE,ESTABLISHED_OCT_2016_REORGANISATION,EXPLICIT_TRANSLITERATION_MAP,Eturunagaram (LGD 4685),RESOLVED_DETERMINISTIC
167,Julapalli,Peddapalli,4409,Julapalli,04409,HISTORICAL_2016_BASELINE,ESTABLISHED_OCT_2016_REORGANISATION,EXACT_NORMALIZED_NAME_DISTRICT,Bitwise normalized match in district Peddapalli (LGD subdist_code 4409),RESOLVED_DIRECT
168,Gadiguda,Adilabad,6225,Gadiguda,00000,HISTORICAL_2016_BASELINE,ESTABLISHED_OCT_2016_REORGANISATION,EXACT_NORMALIZED_NAME_DISTRICT,Bitwise normalized match in district Adilabad (LGD subdist_code 6225),RESOLVED_DIRECT
169,Kagaznagar,Kumurambheem Asifabad,4318,Kagaznagar,04318,HISTORICAL_2016_BASELINE,ESTABLISHED_OCT_2016_REORGANISATION,EXACT_NORMALIZED_NAME_DISTRICT,Bitwise normalized match in district Kumuram Bheem Asifabad (LGD subdist_code 4318),RESOLVED_DIRECT
170,Venkatapur,Mulugu,4684,Venkatapur,04684,HISTORICAL_2016_BASELINE,ESTABLISHED_OCT_2016_REORGANISATION,EXACT_NORMALIZED_NAME_DISTRICT,Bitwise normalized match in district Mulugu (LGD subdist_code 4684),RESOLVED_DIRECT
171,Gambhiraopet,Rajanna Sircilla,4433,Gambhiraopet,04433,HISTORICAL_2016_BASELINE,ESTABLISHED_OCT_2016_REORGANISATION,EXACT_NORMALIZED_NAME_DISTRICT,Bitwise normalized match in district Rajanna Sircilla (LGD subdist_code 4433),RESOLVED_DIRECT
172,Gangaram,Mahabubabad,6253,Gangaram,00000,HISTORICAL_2016_BASELINE,ESTABLISHED_OCT_2016_REORGANISATION,EXACT_NORMALIZED_NAME_DISTRICT,Bitwise normalized match in district Mahabubabad (LGD subdist_code 6253),RESOLVED_DIRECT
173,Kamareddy,Kamareddy,4390,Kamareddy,04390,HISTORICAL_2016_BASELINE,ESTABLISHED_OCT_2016_REORGANISATION,EXACT_NORMALIZED_NAME_DISTRICT,Bitwise normalized match in district Kamareddy (LGD subdist_code 4390),RESOLVED_DIRECT
174,Ghanapur_Mulug,Jayashankar Bhupalpally,4683,Ghanpur (Mulug),04683,HISTORICAL_2016_BASELINE,ESTABLISHED_OCT_2016_REORGANISATION,EXPLICIT_TRANSLITERATION_MAP,Ghanpur (Mulug) (LGD 4683),RESOLVED_DETERMINISTIC
175,Ghanpur (Stn),Jangoan,4676,Ghanpur (Station),04676,HISTORICAL_2016_BASELINE,ESTABLISHED_OCT_2016_REORGANISATION,EXACT_NORMALIZED_NAME_DISTRICT,Bitwise normalized match in district Jangoan (LGD subdist_code 4676),RESOLVED_DIRECT
176,Ghatkesar,Medchal_Malkajgiri,4523,Ghatkesar,04523,HISTORICAL_2016_BASELINE,ESTABLISHED_OCT_2016_REORGANISATION,EXACT_NORMALIZED_NAME_DISTRICT,Bitwise normalized match in district Medchal Malkajgiri (LGD subdist_code 4523),RESOLVED_DIRECT
177,Kannepalli,Mancherial,6229,Kannepally,00000,HISTORICAL_2016_BASELINE,ESTABLISHED_OCT_2016_REORGANISATION,PHONETIC_SIMPLIFIED_DISTRICT,Phonetic transliteration match Kannepalli -> Kannepally in Mancherial,RESOLVED_DETERMINISTIC
178,Khammam_Rural,Khammam,4756,Khammam (Rural),04756,HISTORICAL_2016_BASELINE,ESTABLISHED_OCT_2016_REORGANISATION,EXPLICIT_TRANSLITERATION_MAP,Khammam (Rural) (LGD 4756),RESOLVED_DETERMINISTIC
179,Venkatapuram,Mulugu,4724,Venkatapuram,04724,HISTORICAL_2016_BASELINE,ESTABLISHED_OCT_2016_REORGANISATION,EXACT_NORMALIZED_NAME_DISTRICT,Bitwise normalized match in district Mulugu (LGD subdist_code 4724),RESOLVED_DIRECT
180,Kollapur,Nagarkurnool,4609,Kollapur,04609,HISTORICAL_2016_BASELINE,ESTABLISHED_OCT_2016_REORGANISATION,EXACT_NORMALIZED_NAME_DISTRICT,Bitwise normalized match in district Nagarkurnool (LGD subdist_code 4609),RESOLVED_DIRECT
181,Waddepally,Jogulamba Gadwal,4610,Waddepally,04610,HISTORICAL_2016_BASELINE,ESTABLISHED_OCT_2016_REORGANISATION,EXACT_NORMALIZED_NAME_DISTRICT,Bitwise normalized match in district Jogulamba Gadwal (LGD subdist_code 4610),RESOLVED_DIRECT
182,Kondurg,Rangareddy,4558,Kondurg,04558,HISTORICAL_2016_BASELINE,ESTABLISHED_OCT_2016_REORGANISATION,EXACT_NORMALIZED_NAME_DISTRICT,Bitwise normalized match in district Ranga Reddy (LGD subdist_code 4558),RESOLVED_DIRECT
183,Warangal,Warangal_Urban,4706,Warangal,04706,HISTORICAL_2016_BASELINE,ESTABLISHED_OCT_2016_REORGANISATION,EXPLICIT_ALIAS_LINEAGE,Warangal urban core (LGD 4706),RESOLVED_LEGAL_LINEAGE
184,Kathlapur,Jagtial,4418,Kathlapur,04418,HISTORICAL_2016_BASELINE,ESTABLISHED_OCT_2016_REORGANISATION,EXACT_NORMALIZED_NAME_DISTRICT,Bitwise normalized match in district Jagitial (LGD subdist_code 4418),RESOLVED_DIRECT
185,Kattangur,Nalgonda,4635,Kattangur,04635,HISTORICAL_2016_BASELINE,ESTABLISHED_OCT_2016_REORGANISATION,EXACT_NORMALIZED_NAME_DISTRICT,Bitwise normalized match in district Nalgonda (LGD subdist_code 4635),RESOLVED_DIRECT
186,Kosgi,Narayanpet,4551,Kosgi,04551,HISTORICAL_2016_BASELINE,ESTABLISHED_OCT_2016_REORGANISATION,EXACT_NORMALIZED_NAME_DISTRICT,Bitwise normalized match in district Narayanpet (LGD subdist_code 4551),RESOLVED_DIRECT
187,Wargal,Siddipet,4485,Wargal,04485,HISTORICAL_2016_BASELINE,ESTABLISHED_OCT_2016_REORGANISATION,EXACT_NORMALIZED_NAME_DISTRICT,Bitwise normalized match in district Siddipet (LGD subdist_code 4485),RESOLVED_DIRECT
188,Gopalpet,Wanaparthy,4596,Gopalpeta,04596,HISTORICAL_2016_BASELINE,ESTABLISHED_OCT_2016_REORGANISATION,PHONETIC_SIMPLIFIED_DISTRICT,Phonetic transliteration match Gopalpet -> Gopalpeta in Wanaparthy,RESOLVED_DETERMINISTIC
189,Govindaraopet,Mulugu,4688,Govindaraopet,04688,HISTORICAL_2016_BASELINE,ESTABLISHED_OCT_2016_REORGANISATION,EXACT_NORMALIZED_NAME_DISTRICT,Bitwise normalized match in district Mulugu (LGD subdist_code 4688),RESOLVED_DIRECT
190,Kesamudram,Mahabubabad,4717,Kesamudram,04717,HISTORICAL_2016_BASELINE,ESTABLISHED_OCT_2016_REORGANISATION,EXACT_NORMALIZED_NAME_DISTRICT,Bitwise normalized match in district Mahabubabad (LGD subdist_code 4717),RESOLVED_DIRECT
191,Keshampeta,Rangareddy,4561,Keshampet,04561,HISTORICAL_2016_BASELINE,ESTABLISHED_OCT_2016_REORGANISATION,PHONETIC_SIMPLIFIED_DISTRICT,Phonetic transliteration match Keshampeta -> Keshampet in Ranga Reddy,RESOLVED_DETERMINISTIC
192,Kethepally,Nalgonda,4637,Kethepally,04637,HISTORICAL_2016_BASELINE,ESTABLISHED_OCT_2016_REORGANISATION,EXACT_NORMALIZED_NAME_DISTRICT,Bitwise normalized match in district Nalgonda (LGD subdist_code 4637),RESOLVED_DIRECT
193,Wyra,Khammam,4764,Wyra,04764,HISTORICAL_2016_BASELINE,ESTABLISHED_OCT_2016_REORGANISATION,EXACT_NORMALIZED_NAME_DISTRICT,Bitwise normalized match in district Khammam (LGD subdist_code 4764),RESOLVED_DIRECT
194,Yacharam,Rangareddy,4548,Yacharam,04548,HISTORICAL_2016_BASELINE,ESTABLISHED_OCT_2016_REORGANISATION,EXACT_NORMALIZED_NAME_DISTRICT,Bitwise normalized match in district Ranga Reddy (LGD subdist_code 4548),RESOLVED_DIRECT
195,Gudihathnur,Adilabad,4310,Gudihatnoor,04310,HISTORICAL_2016_BASELINE,ESTABLISHED_OCT_2016_REORGANISATION,PHONETIC_SIMPLIFIED_DISTRICT,Phonetic transliteration match Gudihathnur -> Gudihatnoor in Adilabad,RESOLVED_DETERMINISTIC
196,Gudur,Mahabubabad,4711,Gudur,04711,HISTORICAL_2016_BASELINE,ESTABLISHED_OCT_2016_REORGANISATION,EXACT_NORMALIZED_NAME_DISTRICT,Bitwise normalized match in district Mahabubabad (LGD subdist_code 4711),RESOLVED_DIRECT
197,Gundala,Yadadri Bhuvanagiri,4618,Gundala,04618,HISTORICAL_2016_BASELINE,ESTABLISHED_OCT_2016_REORGANISATION,EXACT_NORMALIZED_NAME_DISTRICT,Bitwise normalized match in district Yadadri Bhuvanagiri (LGD subdist_code 4618),RESOLVED_DIRECT
198,Gundlapally,Nalgonda,4651,Gundlapally,04651,HISTORICAL_2016_BASELINE,ESTABLISHED_OCT_2016_REORGANISATION,EXACT_NORMALIZED_NAME_DISTRICT,Bitwise normalized match in district Nalgonda (LGD subdist_code 4651),RESOLVED_DIRECT
199,Gurrampode,Nalgonda,4657,Gurrampode,04657,HISTORICAL_2016_BASELINE,ESTABLISHED_OCT_2016_REORGANISATION,EXACT_NORMALIZED_NAME_DISTRICT,Bitwise normalized match in district Nalgonda (LGD subdist_code 4657),RESOLVED_DIRECT
200,Hajipur,Mancherial,6227,Hajipur,00000,HISTORICAL_2016_BASELINE,ESTABLISHED_OCT_2016_REORGANISATION,EXACT_NORMALIZED_NAME_DISTRICT,Bitwise normalized match in district Mancherial (LGD subdist_code 6227),RESOLVED_DIRECT
201,Hanamkonda,Warangal_Urban,4695,Hanamkonda,04695,HISTORICAL_2016_BASELINE,ESTABLISHED_OCT_2016_REORGANISATION,EXACT_NORMALIZED_NAME_DISTRICT,Bitwise normalized match in district Hanumakonda (LGD subdist_code 4695),RESOLVED_DIRECT
202,Maheswaram,Rangareddy,4544,Maheshwaram,04544,HISTORICAL_2016_BASELINE,ESTABLISHED_OCT_2016_REORGANISATION,EXPLICIT_TRANSLITERATION_MAP,Maheshwaram (LGD 4544),RESOLVED_DETERMINISTIC
203,Makloor,Nizamabad,4367,Makloor,04367,HISTORICAL_2016_BASELINE,ESTABLISHED_OCT_2016_REORGANISATION,EXACT_NORMALIZED_NAME_DISTRICT,Bitwise normalized match in district Nizamabad (LGD subdist_code 4367),RESOLVED_DIRECT
204,Makthal,Narayanpet,4589,Makthal,04589,HISTORICAL_2016_BASELINE,ESTABLISHED_OCT_2016_REORGANISATION,EXACT_NORMALIZED_NAME_DISTRICT,Bitwise normalized match in district Narayanpet (LGD subdist_code 4589),RESOLVED_DIRECT
205,Maldakal,Jogulamba Gadwal,4604,Maldakal,04604,HISTORICAL_2016_BASELINE,ESTABLISHED_OCT_2016_REORGANISATION,EXACT_NORMALIZED_NAME_DISTRICT,Bitwise normalized match in district Jogulamba Gadwal (LGD subdist_code 4604),RESOLVED_DIRECT
206,Havelighanpur,Medak,6270,Havelighanapur,00000,HISTORICAL_2016_BASELINE,ESTABLISHED_OCT_2016_REORGANISATION,EXPLICIT_TRANSLITERATION_MAP,Havelighanapur (LGD 6270),RESOLVED_DETERMINISTIC
207,Hayathnagar,Rangareddy,4525,Hayathnagar,04525,HISTORICAL_2016_BASELINE,ESTABLISHED_OCT_2016_REORGANISATION,EXACT_NORMALIZED_NAME_DISTRICT,Bitwise normalized match in district Ranga Reddy (LGD subdist_code 4525),RESOLVED_DIRECT
208,Ibrahimpatnam,Jagtial,4393,Ibrahimpatnam,04393,HISTORICAL_2016_BASELINE,ESTABLISHED_OCT_2016_REORGANISATION,EXACT_NORMALIZED_NAME_DISTRICT,Bitwise normalized match in district Jagitial (LGD subdist_code 4393),RESOLVED_DIRECT
209,Ichoda,Adilabad,4322,Ichoda,04322,HISTORICAL_2016_BASELINE,ESTABLISHED_OCT_2016_REORGANISATION,EXACT_NORMALIZED_NAME_DISTRICT,Bitwise normalized match in district Adilabad (LGD subdist_code 4322),RESOLVED_DIRECT
210,Inderavelly,Adilabad,4311,Inderavelly,04311,HISTORICAL_2016_BASELINE,ESTABLISHED_OCT_2016_REORGANISATION,EXACT_NORMALIZED_NAME_DISTRICT,Bitwise normalized match in district Adilabad (LGD subdist_code 4311),RESOLVED_DIRECT
211,Jagityal_Rural,Jagtial,6211,Jagitial Rural,00000,HISTORICAL_2016_BASELINE,ESTABLISHED_OCT_2016_REORGANISATION,EXPLICIT_TRANSLITERATION_MAP,Jagitial Rural (LGD 6211),RESOLVED_DETERMINISTIC
212,Jagtial,Jagtial,4414,Jagitial,04414,HISTORICAL_2016_BASELINE,ESTABLISHED_OCT_2016_REORGANISATION,EXPLICIT_TRANSLITERATION_MAP,Jagitial (LGD 4414),RESOLVED_DIRECT
213,Jainad,Adilabad,4307,Jainath,04307,HISTORICAL_2016_BASELINE,ESTABLISHED_OCT_2016_REORGANISATION,EXPLICIT_TRANSLITERATION_MAP,Jainath (LGD 4307),RESOLVED_DETERMINISTIC
214,Jainoor,Kumurambheem Asifabad,4320,Jainoor,04320,HISTORICAL_2016_BASELINE,ESTABLISHED_OCT_2016_REORGANISATION,EXACT_NORMALIZED_NAME_DISTRICT,Bitwise normalized match in district Kumuram Bheem Asifabad (LGD subdist_code 4320),RESOLVED_DIRECT
215,Jaipur,Mancherial,4355,Jaipur,04355,HISTORICAL_2016_BASELINE,ESTABLISHED_OCT_2016_REORGANISATION,EXACT_NORMALIZED_NAME_DISTRICT,Bitwise normalized match in district Mancherial (LGD subdist_code 4355),RESOLVED_DIRECT
216,Jajireddigudem,Suryapet,4623,Jajireddygudem,04623,HISTORICAL_2016_BASELINE,ESTABLISHED_OCT_2016_REORGANISATION,EXPLICIT_TRANSLITERATION_MAP,Jajireddygudem (LGD 4623),RESOLVED_DETERMINISTIC
217,Mallapur,Jagtial,4394,Mallapur,04394,HISTORICAL_2016_BASELINE,ESTABLISHED_OCT_2016_REORGANISATION,EXACT_NORMALIZED_NAME_DISTRICT,Bitwise normalized match in district Jagitial (LGD subdist_code 4394),RESOLVED_DIRECT
218,Mallial,Jagtial,4413,Mallial,04413,HISTORICAL_2016_BASELINE,ESTABLISHED_OCT_2016_REORGANISATION,EXACT_NORMALIZED_NAME_DISTRICT,Bitwise normalized match in district Jagitial (LGD subdist_code 4413),RESOLVED_DIRECT
219,Mamda,Nirmal,4346,Mamada,04346,HISTORICAL_2016_BASELINE,ESTABLISHED_OCT_2016_REORGANISATION,EXPLICIT_TRANSLITERATION_MAP,Mamada (LGD 4346),RESOLVED_DETERMINISTIC
220,Manakondur,Karimnagar,4427,Manakondur,04427,HISTORICAL_2016_BASELINE,ESTABLISHED_OCT_2016_REORGANISATION,EXACT_NORMALIZED_NAME_DISTRICT,Bitwise normalized match in district Karimnagar (LGD subdist_code 4427),RESOLVED_DIRECT
221,Jangoan,Jangoan,4699,Jangoan,04699,HISTORICAL_2016_BASELINE,ESTABLISHED_OCT_2016_REORGANISATION,EXACT_NORMALIZED_NAME_DISTRICT,Bitwise normalized match in district Jangoan (LGD subdist_code 4699),RESOLVED_DIRECT
222,Jannaram,Mancherial,4334,Jannaram,04334,HISTORICAL_2016_BASELINE,ESTABLISHED_OCT_2016_REORGANISATION,EXACT_NORMALIZED_NAME_DISTRICT,Bitwise normalized match in district Mancherial (LGD subdist_code 4334),RESOLVED_DIRECT
223,Kothakota,Wanaparthy,4593,Kothakota,04593,HISTORICAL_2016_BASELINE,ESTABLISHED_OCT_2016_REORGANISATION,EXACT_NORMALIZED_NAME_DISTRICT,Bitwise normalized match in district Wanaparthy (LGD subdist_code 4593),RESOLVED_DIRECT
224,Kothapally,Karimnagar,6230,Kothapally,00000,HISTORICAL_2016_BASELINE,ESTABLISHED_OCT_2016_REORGANISATION,EXACT_NORMALIZED_NAME_DISTRICT,Bitwise normalized match in district Karimnagar (LGD subdist_code 6230),RESOLVED_DIRECT
225,Jukkal,Kamareddy,4373,Jukkal,04373,HISTORICAL_2016_BASELINE,ESTABLISHED_OCT_2016_REORGANISATION,EXACT_NORMALIZED_NAME_DISTRICT,Bitwise normalized match in district Kamareddy (LGD subdist_code 4373),RESOLVED_DIRECT
226,Julurupad,Bhadradri Kothagudem,4746,Julurpadu,04746,HISTORICAL_2016_BASELINE,ESTABLISHED_OCT_2016_REORGANISATION,EXPLICIT_TRANSLITERATION_MAP,Julurpadu (LGD 4746),RESOLVED_DETERMINISTIC
227,Kaddampeddur,Nirmal,4335,Kaddam Peddur,04335,HISTORICAL_2016_BASELINE,ESTABLISHED_OCT_2016_REORGANISATION,EXACT_NORMALIZED_NAME_DISTRICT,Bitwise normalized match in district Nirmal (LGD subdist_code 4335),RESOLVED_DIRECT
228,Kadthal,Rangareddy,6324,Kadthal,00000,HISTORICAL_2016_BASELINE,ESTABLISHED_OCT_2016_REORGANISATION,EXACT_NORMALIZED_NAME_DISTRICT,Bitwise normalized match in district Ranga Reddy (LGD subdist_code 6324),RESOLVED_DIRECT
229,Kulkacharla,Vikarabad,4539,Kulkacharla,04539,HISTORICAL_2016_BASELINE,ESTABLISHED_OCT_2016_REORGANISATION,EXACT_NORMALIZED_NAME_DISTRICT,Bitwise normalized match in district Vikarabad (LGD subdist_code 4539),RESOLVED_DIRECT
230,Kaloor_Thimmandoddi,Jogulamba Gadwal,6297,Kaloor Thimmandoddi,00000,HISTORICAL_2016_BASELINE,ESTABLISHED_OCT_2016_REORGANISATION,EXACT_NORMALIZED_NAME_DISTRICT,Bitwise normalized match in district Jogulamba Gadwal (LGD subdist_code 6297),RESOLVED_DIRECT
231,Kamanpur,Peddapalli,4400,Kamanpur,04400,HISTORICAL_2016_BASELINE,ESTABLISHED_OCT_2016_REORGANISATION,EXACT_NORMALIZED_NAME_DISTRICT,Bitwise normalized match in district Peddapalli (LGD subdist_code 4400),RESOLVED_DIRECT
232,Kusumanchi,Khammam,4755,Kusumanchi,04755,HISTORICAL_2016_BASELINE,ESTABLISHED_OCT_2016_REORGANISATION,EXACT_NORMALIZED_NAME_DISTRICT,Bitwise normalized match in district Khammam (LGD subdist_code 4755),RESOLVED_DIRECT
233,Kamepally,Khammam,4745,Kamepalli,04745,HISTORICAL_2016_BASELINE,ESTABLISHED_OCT_2016_REORGANISATION,PHONETIC_SIMPLIFIED_DISTRICT,Phonetic transliteration match Kamepally -> Kamepalli in Khammam,RESOLVED_DETERMINISTIC
234,Kanagal,Nalgonda,4656,Kanagal,04656,HISTORICAL_2016_BASELINE,ESTABLISHED_OCT_2016_REORGANISATION,EXACT_NORMALIZED_NAME_DISTRICT,Bitwise normalized match in district Nalgonda (LGD subdist_code 4656),RESOLVED_DIRECT
235,Kandi,Sangareddy,6275,Kandi,00000,HISTORICAL_2016_BASELINE,ESTABLISHED_OCT_2016_REORGANISATION,EXACT_NORMALIZED_NAME_DISTRICT,Bitwise normalized match in district Sangareddy (LGD subdist_code 6275),RESOLVED_DIRECT
236,Kandukur,Rangareddy,4545,Kandukur,04545,HISTORICAL_2016_BASELINE,ESTABLISHED_OCT_2016_REORGANISATION,EXACT_NORMALIZED_NAME_DISTRICT,Bitwise normalized match in district Ranga Reddy (LGD subdist_code 4545),RESOLVED_DIRECT
237,Kangti,Sangareddy,4450,Kangti,04450,HISTORICAL_2016_BASELINE,ESTABLISHED_OCT_2016_REORGANISATION,EXACT_NORMALIZED_NAME_DISTRICT,Bitwise normalized match in district Sangareddy (LGD subdist_code 4450),RESOLVED_DIRECT
238,Kannaigudem,Mulugu,6251,Kannaigudem,00000,HISTORICAL_2016_BASELINE,ESTABLISHED_OCT_2016_REORGANISATION,EXACT_NORMALIZED_NAME_DISTRICT,Bitwise normalized match in district Mulugu (LGD subdist_code 6251),RESOLVED_DIRECT
239,Kapra,Medchal_Malkajgiri,6317,Kapra,00000,HISTORICAL_2016_BASELINE,ESTABLISHED_OCT_2016_REORGANISATION,EXACT_NORMALIZED_NAME_DISTRICT,Bitwise normalized match in district Medchal Malkajgiri (LGD subdist_code 6317),RESOLVED_DIRECT
240,Karakagudem,Bhadradri Kothagudem,6269,Karakagudem,00000,HISTORICAL_2016_BASELINE,ESTABLISHED_OCT_2016_REORGANISATION,EXACT_NORMALIZED_NAME_DISTRICT,Bitwise normalized match in district Bhadradri Kothagudem (LGD subdist_code 6269),RESOLVED_DIRECT
241,Karimnagar,Karimnagar,6231,Karimnagar,00000,HISTORICAL_2016_BASELINE,ESTABLISHED_OCT_2016_REORGANISATION,EXACT_NORMALIZED_NAME_DISTRICT,Bitwise normalized match in district Karimnagar (LGD subdist_code 6231),RESOLVED_DIRECT
242,Luxettipet,Mancherial,4353,Luxettipet,04353,HISTORICAL_2016_BASELINE,ESTABLISHED_OCT_2016_REORGANISATION,EXACT_NORMALIZED_NAME_DISTRICT,Bitwise normalized match in district Mancherial (LGD subdist_code 4353),RESOLVED_DIRECT
243,Marriguda,Nalgonda,4649,Marriguda,04649,HISTORICAL_2016_BASELINE,ESTABLISHED_OCT_2016_REORGANISATION,EXACT_NORMALIZED_NAME_DISTRICT,Bitwise normalized match in district Nalgonda (LGD subdist_code 4649),RESOLVED_DIRECT
244,Kasipet,Mancherial,4349,Kasipet,04349,HISTORICAL_2016_BASELINE,ESTABLISHED_OCT_2016_REORGANISATION,EXACT_NORMALIZED_NAME_DISTRICT,Bitwise normalized match in district Mancherial (LGD subdist_code 4349),RESOLVED_DIRECT
245,Madanapur,Wanaparthy,6289,Madanapur,00000,HISTORICAL_2016_BASELINE,ESTABLISHED_OCT_2016_REORGANISATION,EXACT_NORMALIZED_NAME_DISTRICT,Bitwise normalized match in district Wanaparthy (LGD subdist_code 6289),RESOLVED_DIRECT
246,Maddirala,Suryapet,6300,Maddirala,00000,HISTORICAL_2016_BASELINE,ESTABLISHED_OCT_2016_REORGANISATION,EXACT_NORMALIZED_NAME_DISTRICT,Bitwise normalized match in district Suryapet (LGD subdist_code 6300),RESOLVED_DIRECT
247,Kataram,Jayashankar Bhupalpally,4402,Kataram,04402,HISTORICAL_2016_BASELINE,ESTABLISHED_OCT_2016_REORGANISATION,EXACT_NORMALIZED_NAME_DISTRICT,Bitwise normalized match in district Jayashankar Bhupalapally (LGD subdist_code 4402),RESOLVED_DIRECT
248,Keesara,Medchal_Malkajgiri,4522,Keesara,04522,HISTORICAL_2016_BASELINE,ESTABLISHED_OCT_2016_REORGANISATION,EXACT_NORMALIZED_NAME_DISTRICT,Bitwise normalized match in district Medchal Malkajgiri (LGD subdist_code 4522),RESOLVED_DIRECT
249,Kerameri,Kumurambheem Asifabad,4313,Kerameri,04313,HISTORICAL_2016_BASELINE,ESTABLISHED_OCT_2016_REORGANISATION,EXACT_NORMALIZED_NAME_DISTRICT,Bitwise normalized match in district Kumuram Bheem Asifabad (LGD subdist_code 4313),RESOLVED_DIRECT
250,Khaazipet,Warangal_Urban,6247,Khazipet,00000,HISTORICAL_2016_BASELINE,ESTABLISHED_OCT_2016_REORGANISATION,EXPLICIT_TRANSLITERATION_MAP,Khazipet (LGD 6247) in Hanumakonda,RESOLVED_DETERMINISTIC
251,Khairatabad,Hyderabad,4505,Khairatabad,04505,HISTORICAL_2016_BASELINE,ESTABLISHED_OCT_2016_REORGANISATION,EXACT_NORMALIZED_NAME_DISTRICT,Bitwise normalized match in district Hyderabad (LGD subdist_code 4505),RESOLVED_DIRECT
252,Khammam_Urban,Khammam,6326,Khammam Urban,00000,HISTORICAL_2016_BASELINE,ESTABLISHED_OCT_2016_REORGANISATION,EXACT_NORMALIZED_NAME_DISTRICT,Bitwise normalized match in district Khammam (LGD subdist_code 6326),RESOLVED_DIRECT
253,Khanapur,Nirmal,4347,Khanapur,04347,HISTORICAL_2016_BASELINE,ESTABLISHED_OCT_2016_REORGANISATION,EXACT_NORMALIZED_NAME_DISTRICT,Bitwise normalized match in district Nirmal (LGD subdist_code 4347),RESOLVED_DIRECT
254,Manoor,Sangareddy,4451,Manoor,04451,HISTORICAL_2016_BASELINE,ESTABLISHED_OCT_2016_REORGANISATION,EXACT_NORMALIZED_NAME_DISTRICT,Bitwise normalized match in district Sangareddy (LGD subdist_code 4451),RESOLVED_DIRECT
255,Manopad,Jogulamba Gadwal,4611,Manopad,04611,HISTORICAL_2016_BASELINE,ESTABLISHED_OCT_2016_REORGANISATION,EXACT_NORMALIZED_NAME_DISTRICT,Bitwise normalized match in district Jogulamba Gadwal (LGD subdist_code 4611),RESOLVED_DIRECT
256,Khanapur,Warangal_Rural,4709,Khanapur,04709,HISTORICAL_2016_BASELINE,ESTABLISHED_OCT_2016_REORGANISATION,EXACT_NORMALIZED_NAME_DISTRICT,Bitwise normalized match in district Warangal (LGD subdist_code 4709),RESOLVED_DIRECT
257,Khila Warangal,Warangal_Urban,6246,Khila Warangal,00000,HISTORICAL_2016_BASELINE,ESTABLISHED_OCT_2016_REORGANISATION,EXPLICIT_ALIAS_LINEAGE,Khila Warangal (LGD 6246) in Warangal,RESOLVED_LEGAL_LINEAGE
258,Kodad,Suryapet,4668,Kodad,04668,HISTORICAL_2016_BASELINE,ESTABLISHED_OCT_2016_REORGANISATION,EXACT_NORMALIZED_NAME_DISTRICT,Bitwise normalized match in district Suryapet (LGD subdist_code 4668),RESOLVED_DIRECT
259,Kodair,Nagarkurnool,4600,Kodair,04600,HISTORICAL_2016_BASELINE,ESTABLISHED_OCT_2016_REORGANISATION,EXACT_NORMALIZED_NAME_DISTRICT,Bitwise normalized match in district Nagarkurnool (LGD subdist_code 4600),RESOLVED_DIRECT
260,Kodangal,Vikarabad,4549,Kodangal,04549,HISTORICAL_2016_BASELINE,ESTABLISHED_OCT_2016_REORGANISATION,EXACT_NORMALIZED_NAME_DISTRICT,Bitwise normalized match in district Vikarabad (LGD subdist_code 4549),RESOLVED_DIRECT
261,Kodimial,Jagtial,4420,Kodimial,04420,HISTORICAL_2016_BASELINE,ESTABLISHED_OCT_2016_REORGANISATION,EXACT_NORMALIZED_NAME_DISTRICT,Bitwise normalized match in district Jagitial (LGD subdist_code 4420),RESOLVED_DIRECT
262,Koheda,Siddipet,4443,Koheda,04443,HISTORICAL_2016_BASELINE,ESTABLISHED_OCT_2016_REORGANISATION,EXACT_NORMALIZED_NAME_DISTRICT,Bitwise normalized match in district Siddipet (LGD subdist_code 4443),RESOLVED_DIRECT
263,Kohir,Sangareddy,4475,Kohir,04475,HISTORICAL_2016_BASELINE,ESTABLISHED_OCT_2016_REORGANISATION,EXACT_NORMALIZED_NAME_DISTRICT,Bitwise normalized match in district Sangareddy (LGD subdist_code 4475),RESOLVED_DIRECT
264,Koilkonda,Mahabubnagar,4569,Koilkonda,04569,HISTORICAL_2016_BASELINE,ESTABLISHED_OCT_2016_REORGANISATION,EXACT_NORMALIZED_NAME_DISTRICT,Bitwise normalized match in district Mahabubnagar (LGD subdist_code 4569),RESOLVED_DIRECT
265,Konaraopet,Rajanna Sircilla,4431,Konaraopet,04431,HISTORICAL_2016_BASELINE,ESTABLISHED_OCT_2016_REORGANISATION,EXACT_NORMALIZED_NAME_DISTRICT,Bitwise normalized match in district Rajanna Sircilla (LGD subdist_code 4431),RESOLVED_DIRECT
266,Kondamallapally,Nalgonda,6307,Kondamallepally,00000,HISTORICAL_2016_BASELINE,ESTABLISHED_OCT_2016_REORGANISATION,EXPLICIT_TRANSLITERATION_MAP,Kondamallepally (LGD 6307),RESOLVED_DETERMINISTIC
267,Kondapak,Siddipet,4462,Kondapak,04462,HISTORICAL_2016_BASELINE,ESTABLISHED_OCT_2016_REORGANISATION,EXACT_NORMALIZED_NAME_DISTRICT,Bitwise normalized match in district Siddipet (LGD subdist_code 4462),RESOLVED_DIRECT
268,Kondapur,Sangareddy,4491,Kondapur,04491,HISTORICAL_2016_BASELINE,ESTABLISHED_OCT_2016_REORGANISATION,EXACT_NORMALIZED_NAME_DISTRICT,Bitwise normalized match in district Sangareddy (LGD subdist_code 4491),RESOLVED_DIRECT
269,Metpalli,Jagtial,4417,Metpalli,04417,HISTORICAL_2016_BASELINE,ESTABLISHED_OCT_2016_REORGANISATION,EXACT_NORMALIZED_NAME_DISTRICT,Bitwise normalized match in district Jagitial (LGD subdist_code 4417),RESOLVED_DIRECT
270,Yadagirigutta,Yadadri Bhuvanagiri,4616,Yadagirigutta,04616,HISTORICAL_2016_BASELINE,ESTABLISHED_OCT_2016_REORGANISATION,EXACT_NORMALIZED_NAME_DISTRICT,Bitwise normalized match in district Yadadri Bhuvanagiri (LGD subdist_code 4616),RESOLVED_DIRECT
271,Konijerla,Khammam,4761,Konijerla,04761,HISTORICAL_2016_BASELINE,ESTABLISHED_OCT_2016_REORGANISATION,EXACT_NORMALIZED_NAME_DISTRICT,Bitwise normalized match in district Khammam (LGD subdist_code 4761),RESOLVED_DIRECT
272,Korutla,Jagtial,4416,Korutla,04416,HISTORICAL_2016_BASELINE,ESTABLISHED_OCT_2016_REORGANISATION,EXACT_NORMALIZED_NAME_DISTRICT,Bitwise normalized match in district Jagitial (LGD subdist_code 4416),RESOLVED_DIRECT
273,Kotagiri,Nizamabad,4371,Kotagiri,04371,HISTORICAL_2016_BASELINE,ESTABLISHED_OCT_2016_REORGANISATION,EXACT_NORMALIZED_NAME_DISTRICT,Bitwise normalized match in district Nizamabad (LGD subdist_code 4371),RESOLVED_DIRECT
274,Miryalaguda,Nalgonda,4664,Miryalaguda,04664,HISTORICAL_2016_BASELINE,ESTABLISHED_OCT_2016_REORGANISATION,EXACT_NORMALIZED_NAME_DISTRICT,Bitwise normalized match in district Nalgonda (LGD subdist_code 4664),RESOLVED_DIRECT
275,Kothaguda,Mahabubabad,4710,Kothaguda,04710,HISTORICAL_2016_BASELINE,ESTABLISHED_OCT_2016_REORGANISATION,EXACT_NORMALIZED_NAME_DISTRICT,Bitwise normalized match in district Mahabubabad (LGD subdist_code 4710),RESOLVED_DIRECT
276,Kothagudem,Bhadradri Kothagudem,4738,Kothagudem,04738,HISTORICAL_2016_BASELINE,ESTABLISHED_OCT_2016_REORGANISATION,EXACT_NORMALIZED_NAME_DISTRICT,Bitwise normalized match in district Bhadradri Kothagudem (LGD subdist_code 4738),RESOLVED_DIRECT
277,Kouthala,Kumurambheem Asifabad,4316,Koutala,04316,HISTORICAL_2016_BASELINE,ESTABLISHED_OCT_2016_REORGANISATION,PHONETIC_SIMPLIFIED_DISTRICT,Phonetic transliteration match Kouthala -> Koutala in Kumuram Bheem Asifabad,RESOLVED_DETERMINISTIC
278,Mudhole,Nirmal,4341,Mudhole,04341,HISTORICAL_2016_BASELINE,ESTABLISHED_OCT_2016_REORGANISATION,EXACT_NORMALIZED_NAME_DISTRICT,Bitwise normalized match in district Nirmal (LGD subdist_code 4341),RESOLVED_DIRECT
279,Mudigonda,Khammam,4758,Mudigonda,04758,HISTORICAL_2016_BASELINE,ESTABLISHED_OCT_2016_REORGANISATION,EXACT_NORMALIZED_NAME_DISTRICT,Bitwise normalized match in district Khammam (LGD subdist_code 4758),RESOLVED_DIRECT
280,Kowdipally,Medak,4480,Kowdipally,04480,HISTORICAL_2016_BASELINE,ESTABLISHED_OCT_2016_REORGANISATION,EXACT_NORMALIZED_NAME_DISTRICT,Bitwise normalized match in district Medak (LGD subdist_code 4480),RESOLVED_DIRECT
281,Kubeer,Nirmal,4338,Kubeer,04338,HISTORICAL_2016_BASELINE,ESTABLISHED_OCT_2016_REORGANISATION,EXACT_NORMALIZED_NAME_DISTRICT,Bitwise normalized match in district Nirmal (LGD subdist_code 4338),RESOLVED_DIRECT
282,Kukatpally,Medchal_Malkajgiri,6327,Kukatpally,00000,HISTORICAL_2016_BASELINE,ESTABLISHED_OCT_2016_REORGANISATION,EXACT_NORMALIZED_NAME_DISTRICT,Bitwise normalized match in district Medchal Malkajgiri (LGD subdist_code 6327),RESOLVED_DIRECT
283,Kulcharam,Medak,4468,Kulcharam,04468,HISTORICAL_2016_BASELINE,ESTABLISHED_OCT_2016_REORGANISATION,EXACT_NORMALIZED_NAME_DISTRICT,Bitwise normalized match in district Medak (LGD subdist_code 4468),RESOLVED_DIRECT
284,Kuntala,Nirmal,4337,Kuntala,04337,HISTORICAL_2016_BASELINE,ESTABLISHED_OCT_2016_REORGANISATION,EXACT_NORMALIZED_NAME_DISTRICT,Bitwise normalized match in district Nirmal (LGD subdist_code 4337),RESOLVED_DIRECT
285,Nyalkal,Sangareddy,4473,Nyalkal,04473,HISTORICAL_2016_BASELINE,ESTABLISHED_OCT_2016_REORGANISATION,EXACT_NORMALIZED_NAME_DISTRICT,Bitwise normalized match in district Sangareddy (LGD subdist_code 4473),RESOLVED_DIRECT
286,Kuravi,Mahabubabad,4721,Kuravi,04721,HISTORICAL_2016_BASELINE,ESTABLISHED_OCT_2016_REORGANISATION,EXACT_NORMALIZED_NAME_DISTRICT,Bitwise normalized match in district Mahabubabad (LGD subdist_code 4721),RESOLVED_DIRECT
287,Laxmanchanda,Nirmal,4345,Laxmanchanda,04345,HISTORICAL_2016_BASELINE,ESTABLISHED_OCT_2016_REORGANISATION,EXACT_NORMALIZED_NAME_DISTRICT,Bitwise normalized match in district Nirmal (LGD subdist_code 4345),RESOLVED_DIRECT
288,Laxmidevipally,Bhadradri Kothagudem,6266,Laxmidevipalli,00000,HISTORICAL_2016_BASELINE,ESTABLISHED_OCT_2016_REORGANISATION,PHONETIC_SIMPLIFIED_DISTRICT,Phonetic transliteration match Laxmidevipally -> Laxmidevipalli in Bhadradri Kothagudem,RESOLVED_DETERMINISTIC
289,Lingalaghanpur,Jangoan,4700,Lingalaghanpur,04700,HISTORICAL_2016_BASELINE,ESTABLISHED_OCT_2016_REORGANISATION,EXACT_NORMALIZED_NAME_DISTRICT,Bitwise normalized match in district Jangoan (LGD subdist_code 4700),RESOLVED_DIRECT
290,Lingampet,Kamareddy,4388,Lingampet,04388,HISTORICAL_2016_BASELINE,ESTABLISHED_OCT_2016_REORGANISATION,EXACT_NORMALIZED_NAME_DISTRICT,Bitwise normalized match in district Kamareddy (LGD subdist_code 4388),RESOLVED_DIRECT
291,Lingapur,Kumurambheem Asifabad,6311,Lingapur,00000,HISTORICAL_2016_BASELINE,ESTABLISHED_OCT_2016_REORGANISATION,EXACT_NORMALIZED_NAME_DISTRICT,Bitwise normalized match in district Kumuram Bheem Asifabad (LGD subdist_code 6311),RESOLVED_DIRECT
292,Nakrekal,Nalgonda,4636,Nakrekal,04636,HISTORICAL_2016_BASELINE,ESTABLISHED_OCT_2016_REORGANISATION,EXACT_NORMALIZED_NAME_DISTRICT,Bitwise normalized match in district Nalgonda (LGD subdist_code 4636),RESOLVED_DIRECT
293,Lokeshwaram,Nirmal,4342,Lokeswaram,04342,HISTORICAL_2016_BASELINE,ESTABLISHED_OCT_2016_REORGANISATION,EXPLICIT_TRANSLITERATION_MAP,Lokeswaram (LGD 4342),RESOLVED_DETERMINISTIC
294,Machareddy,Kamareddy,4380,Machareddy,04380,HISTORICAL_2016_BASELINE,ESTABLISHED_OCT_2016_REORGANISATION,EXACT_NORMALIZED_NAME_DISTRICT,Bitwise normalized match in district Kamareddy (LGD subdist_code 4380),RESOLVED_DIRECT
295,Narsampet,Warangal_Rural,4708,Narsampet,04708,HISTORICAL_2016_BASELINE,ESTABLISHED_OCT_2016_REORGANISATION,EXACT_NORMALIZED_NAME_DISTRICT,Bitwise normalized match in district Warangal (LGD subdist_code 4708),RESOLVED_DIRECT
296,Narsapur,Medak,4488,Narsapur,04488,HISTORICAL_2016_BASELINE,ESTABLISHED_OCT_2016_REORGANISATION,EXACT_NORMALIZED_NAME_DISTRICT,Bitwise normalized match in district Medak (LGD subdist_code 4488),RESOLVED_DIRECT
297,Narsapur_G,Nirmal,6208,Narsapur G,00000,HISTORICAL_2016_BASELINE,ESTABLISHED_OCT_2016_REORGANISATION,EXACT_NORMALIZED_NAME_DISTRICT,Bitwise normalized match in district Nirmal (LGD subdist_code 6208),RESOLVED_DIRECT
298,Mahabubnagar_Rural,Mahabubnagar,6258,Mahabubnagar Rural,00000,HISTORICAL_2016_BASELINE,ESTABLISHED_OCT_2016_REORGANISATION,EXACT_NORMALIZED_NAME_DISTRICT,Bitwise normalized match in district Mahabubnagar (LGD subdist_code 6258),RESOLVED_DIRECT
299,Maddur,Narayanpet,4554,Maddur,04554,HISTORICAL_2016_BASELINE,ESTABLISHED_OCT_2016_REORGANISATION,EXACT_NORMALIZED_NAME_DISTRICT,Bitwise normalized match in district Narayanpet (LGD subdist_code 4554),RESOLVED_DIRECT
300,Madhira,Khammam,4766,Madhira,04766,HISTORICAL_2016_BASELINE,ESTABLISHED_OCT_2016_REORGANISATION,EXACT_NORMALIZED_NAME_DISTRICT,Bitwise normalized match in district Khammam (LGD subdist_code 4766),RESOLVED_DIRECT
301,Madnur,Kamareddy,4372,Madnoor,04372,HISTORICAL_2016_BASELINE,ESTABLISHED_OCT_2016_REORGANISATION,PHONETIC_SIMPLIFIED_DISTRICT,Phonetic transliteration match Madnur -> Madnoor in Kamareddy,RESOLVED_DETERMINISTIC
302,Madugulapally,Nalgonda,6305,Madugulapally,00000,HISTORICAL_2016_BASELINE,ESTABLISHED_OCT_2016_REORGANISATION,EXACT_NORMALIZED_NAME_DISTRICT,Bitwise normalized match in district Nalgonda (LGD subdist_code 6305),RESOLVED_DIRECT
303,Maganoor,Narayanpet,4590,Maganoor,04590,HISTORICAL_2016_BASELINE,ESTABLISHED_OCT_2016_REORGANISATION,EXACT_NORMALIZED_NAME_DISTRICT,Bitwise normalized match in district Narayanpet (LGD subdist_code 4590),RESOLVED_DIRECT
304,Mahabubabad,Mahabubabad,4718,Mahabubabad,04718,HISTORICAL_2016_BASELINE,ESTABLISHED_OCT_2016_REORGANISATION,EXACT_NORMALIZED_NAME_DISTRICT,Bitwise normalized match in district Mahabubabad (LGD subdist_code 4718),RESOLVED_DIRECT
305,Narva,Narayanpet,4588,Narwa,04588,HISTORICAL_2016_BASELINE,ESTABLISHED_OCT_2016_REORGANISATION,PHONETIC_SIMPLIFIED_DISTRICT,Phonetic transliteration match Narva -> Narwa in Narayanpet,RESOLVED_DETERMINISTIC
306,Mahabubnagar_Urban,Mahabubnagar,4568,Mahabubnagar Urban,04568,HISTORICAL_2016_BASELINE,ESTABLISHED_OCT_2016_REORGANISATION,EXACT_NORMALIZED_NAME_DISTRICT,Bitwise normalized match in district Mahabubnagar (LGD subdist_code 4568),RESOLVED_DIRECT
307,Navipet,Nizamabad,4358,Navipet,04358,HISTORICAL_2016_BASELINE,ESTABLISHED_OCT_2016_REORGANISATION,EXACT_NORMALIZED_NAME_DISTRICT,Bitwise normalized match in district Nizamabad (LGD subdist_code 4358),RESOLVED_DIRECT
308,Nawabpet,Mahabubnagar,4556,Nawabpet,04556,HISTORICAL_2016_BASELINE,ESTABLISHED_OCT_2016_REORGANISATION,EXACT_NORMALIZED_NAME_DISTRICT,Bitwise normalized match in district Mahabubnagar (LGD subdist_code 4556),RESOLVED_DIRECT
309,Nawabpet,Vikarabad,4514,Nawabpet,04514,HISTORICAL_2016_BASELINE,ESTABLISHED_OCT_2016_REORGANISATION,EXACT_NORMALIZED_NAME_DISTRICT,Bitwise normalized match in district Vikarabad (LGD subdist_code 4514),RESOLVED_DIRECT
310,Nekkonda,Warangal_Rural,4713,Nekkonda,04713,HISTORICAL_2016_BASELINE,ESTABLISHED_OCT_2016_REORGANISATION,EXACT_NORMALIZED_NAME_DISTRICT,Bitwise normalized match in district Warangal (LGD subdist_code 4713),RESOLVED_DIRECT
311,Nelakondapally,Khammam,4759,Nelakondapalli,04759,HISTORICAL_2016_BASELINE,ESTABLISHED_OCT_2016_REORGANISATION,PHONETIC_SIMPLIFIED_DISTRICT,Phonetic transliteration match Nelakondapally -> Nelakondapalli in Khammam,RESOLVED_DETERMINISTIC
312,Nellikudur,Mahabubabad,4716,Nellikudur,04716,HISTORICAL_2016_BASELINE,ESTABLISHED_OCT_2016_REORGANISATION,EXACT_NORMALIZED_NAME_DISTRICT,Bitwise normalized match in district Mahabubabad (LGD subdist_code 4716),RESOLVED_DIRECT
313,Mahadevpur,Jayashankar Bhupalpally,4403,Mahadevpur,04403,HISTORICAL_2016_BASELINE,ESTABLISHED_OCT_2016_REORGANISATION,EXACT_NORMALIZED_NAME_DISTRICT,Bitwise normalized match in district Jayashankar Bhupalapally (LGD subdist_code 4403),RESOLVED_DIRECT
314,Saroornagar,Rangareddy,4526,Saroornagar,04526,HISTORICAL_2016_BASELINE,ESTABLISHED_OCT_2016_REORGANISATION,EXACT_NORMALIZED_NAME_DISTRICT,Bitwise normalized match in district Ranga Reddy (LGD subdist_code 4526),RESOLVED_DIRECT
315,Aswapuram,Bhadradri Kothagudem,4728,Aswapuram,04728,HISTORICAL_2016_BASELINE,ESTABLISHED_OCT_2016_REORGANISATION,EXACT_NORMALIZED_NAME_DISTRICT,Bitwise normalized match in district Bhadradri Kothagudem (LGD subdist_code 4728),RESOLVED_DIRECT
316,Bachannapet,Jangoan,4674,Bachannapet,04674,HISTORICAL_2016_BASELINE,ESTABLISHED_OCT_2016_REORGANISATION,EXACT_NORMALIZED_NAME_DISTRICT,Bitwise normalized match in district Jangoan (LGD subdist_code 4674),RESOLVED_DIRECT
317,Bachupally,Medchal_Malkajgiri,6315,Bachupally,00000,HISTORICAL_2016_BASELINE,ESTABLISHED_OCT_2016_REORGANISATION,EXACT_NORMALIZED_NAME_DISTRICT,Bitwise normalized match in district Medchal Malkajgiri (LGD subdist_code 6315),RESOLVED_DIRECT
318,Malharrao,Jayashankar Bhupalpally,4405,Malharrao,04405,HISTORICAL_2016_BASELINE,ESTABLISHED_OCT_2016_REORGANISATION,EXACT_NORMALIZED_NAME_DISTRICT,Bitwise normalized match in district Jayashankar Bhupalapally (LGD subdist_code 4405),RESOLVED_DIRECT
319,Nidamanoor,Nalgonda,4661,Nidmanoor,04661,HISTORICAL_2016_BASELINE,ESTABLISHED_OCT_2016_REORGANISATION,EXPLICIT_TRANSLITERATION_MAP,Nidmanoor (LGD 4661),RESOLVED_DETERMINISTIC
320,Malkajgiri,Medchal_Malkajgiri,4521,Malkajgiri,04521,HISTORICAL_2016_BASELINE,ESTABLISHED_OCT_2016_REORGANISATION,EXACT_NORMALIZED_NAME_DISTRICT,Bitwise normalized match in district Medchal Malkajgiri (LGD subdist_code 4521),RESOLVED_DIRECT
321,Mancherial,Mancherial,4354,Mancherial,04354,HISTORICAL_2016_BASELINE,ESTABLISHED_OCT_2016_REORGANISATION,EXACT_NORMALIZED_NAME_DISTRICT,Bitwise normalized match in district Mancherial (LGD subdist_code 4354),RESOLVED_DIRECT
322,Nirmal Rural,Nirmal,6210,Nirmal Rural,00000,HISTORICAL_2016_BASELINE,ESTABLISHED_OCT_2016_REORGANISATION,EXACT_NORMALIZED_NAME_DISTRICT,Bitwise normalized match in district Nirmal (LGD subdist_code 6210),RESOLVED_DIRECT
323,Nizamabad Rural,Nizamabad,6233,Nizamabad Rural,00000,HISTORICAL_2016_BASELINE,ESTABLISHED_OCT_2016_REORGANISATION,EXACT_NORMALIZED_NAME_DISTRICT,Bitwise normalized match in district Nizamabad (LGD subdist_code 6233),RESOLVED_DIRECT
324,Mandamarri,Mancherial,4352,Mandamarri,04352,HISTORICAL_2016_BASELINE,ESTABLISHED_OCT_2016_REORGANISATION,EXACT_NORMALIZED_NAME_DISTRICT,Bitwise normalized match in district Mancherial (LGD subdist_code 4352),RESOLVED_DIRECT
325,Nizamsagar,Kamareddy,4385,Nizamsagar,04385,HISTORICAL_2016_BASELINE,ESTABLISHED_OCT_2016_REORGANISATION,EXACT_NORMALIZED_NAME_DISTRICT,Bitwise normalized match in district Kamareddy (LGD subdist_code 4385),RESOLVED_DIRECT
326,Mangapet,Mulugu,4686,Mangapet,04686,HISTORICAL_2016_BASELINE,ESTABLISHED_OCT_2016_REORGANISATION,EXACT_NORMALIZED_NAME_DISTRICT,Bitwise normalized match in district Mulugu (LGD subdist_code 4686),RESOLVED_DIRECT
327,Manthani,Peddapalli,4401,Manthani,04401,HISTORICAL_2016_BASELINE,ESTABLISHED_OCT_2016_REORGANISATION,EXACT_NORMALIZED_NAME_DISTRICT,Bitwise normalized match in district Peddapalli (LGD subdist_code 4401),RESOLVED_DIRECT
328,Manuguru,Bhadradri Kothagudem,4727,Manuguru,04727,HISTORICAL_2016_BASELINE,ESTABLISHED_OCT_2016_REORGANISATION,EXACT_NORMALIZED_NAME_DISTRICT,Bitwise normalized match in district Bhadradri Kothagudem (LGD subdist_code 4727),RESOLVED_DIRECT
329,Maredpally,Hyderabad,4500,Marredpally,04500,HISTORICAL_2016_BASELINE,ESTABLISHED_OCT_2016_REORGANISATION,EXPLICIT_TRANSLITERATION_MAP,Marredpally (LGD 4500),RESOLVED_DETERMINISTIC
330,Ameenpur,Sangareddy,6276,Ameenpur,00000,HISTORICAL_2016_BASELINE,ESTABLISHED_OCT_2016_REORGANISATION,EXACT_NORMALIZED_NAME_DISTRICT,Bitwise normalized match in district Sangareddy (LGD subdist_code 6276),RESOLVED_DIRECT
331,Jinnaram,Sangareddy,4493,Jinnaram,04493,HISTORICAL_2016_BASELINE,ESTABLISHED_OCT_2016_REORGANISATION,EXACT_NORMALIZED_NAME_DISTRICT,Bitwise normalized match in district Sangareddy (LGD subdist_code 4493),RESOLVED_DIRECT
332,Marikal,Narayanpet,6263,Marikal,00000,HISTORICAL_2016_BASELINE,ESTABLISHED_OCT_2016_REORGANISATION,EXACT_NORMALIZED_NAME_DISTRICT,Bitwise normalized match in district Narayanpet (LGD subdist_code 6263),RESOLVED_DIRECT
333,Maripeda,Mahabubabad,4720,Maripeda,04720,HISTORICAL_2016_BASELINE,ESTABLISHED_OCT_2016_REORGANISATION,EXACT_NORMALIZED_NAME_DISTRICT,Bitwise normalized match in district Mahabubabad (LGD subdist_code 4720),RESOLVED_DIRECT
334,Markook,Siddipet,6282,Markook,00000,HISTORICAL_2016_BASELINE,ESTABLISHED_OCT_2016_REORGANISATION,EXACT_NORMALIZED_NAME_DISTRICT,Bitwise normalized match in district Siddipet (LGD subdist_code 6282),RESOLVED_DIRECT
335,Marpalle,Vikarabad,4512,Marpalle,04512,HISTORICAL_2016_BASELINE,ESTABLISHED_OCT_2016_REORGANISATION,EXACT_NORMALIZED_NAME_DISTRICT,Bitwise normalized match in district Vikarabad (LGD subdist_code 4512),RESOLVED_DIRECT
336,Mattampalli,Suryapet,4670,Mattampally,04670,HISTORICAL_2016_BASELINE,ESTABLISHED_OCT_2016_REORGANISATION,PHONETIC_SIMPLIFIED_DISTRICT,Phonetic transliteration match Mattampalli -> Mattampally in Suryapet,RESOLVED_DETERMINISTIC
337,Medak,Medak,4456,Medak,04456,HISTORICAL_2016_BASELINE,ESTABLISHED_OCT_2016_REORGANISATION,EXACT_NORMALIZED_NAME_DISTRICT,Bitwise normalized match in district Medak (LGD subdist_code 4456),RESOLVED_DIRECT
338,Medchal,Medchal_Malkajgiri,4519,Medchal,04519,HISTORICAL_2016_BASELINE,ESTABLISHED_OCT_2016_REORGANISATION,EXACT_NORMALIZED_NAME_DISTRICT,Bitwise normalized match in district Medchal Malkajgiri (LGD subdist_code 4519),RESOLVED_DIRECT
339,Medipalle,Jagtial,4415,Medipalli,04415,HISTORICAL_2016_BASELINE,ESTABLISHED_OCT_2016_REORGANISATION,PHONETIC_SIMPLIFIED_DISTRICT,Phonetic transliteration match Medipalle -> Medipalli in Jagitial,RESOLVED_DETERMINISTIC
340,Pangal,Wanaparthy,4601,Pangal,04601,HISTORICAL_2016_BASELINE,ESTABLISHED_OCT_2016_REORGANISATION,EXACT_NORMALIZED_NAME_DISTRICT,Bitwise normalized match in district Wanaparthy (LGD subdist_code 4601),RESOLVED_DIRECT
341,Raiparthy,Warangal_Rural,4703,Rayaparthy,04703,HISTORICAL_2016_BASELINE,ESTABLISHED_OCT_2016_REORGANISATION,EXPLICIT_ALIAS_LINEAGE,Rayaparthy (LGD 4703) in Warangal,RESOLVED_LEGAL_LINEAGE
342,Medipally,Medchal_Malkajgiri,6318,Medipally,00000,HISTORICAL_2016_BASELINE,ESTABLISHED_OCT_2016_REORGANISATION,EXACT_NORMALIZED_NAME_DISTRICT,Bitwise normalized match in district Medchal Malkajgiri (LGD subdist_code 6318),RESOLVED_DIRECT
343,Pargi,Vikarabad,4540,Pargi,04540,HISTORICAL_2016_BASELINE,ESTABLISHED_OCT_2016_REORGANISATION,EXACT_NORMALIZED_NAME_DISTRICT,Bitwise normalized match in district Vikarabad (LGD subdist_code 4540),RESOLVED_DIRECT
344,Parkal,Warangal_Rural,4679,Parkal,04679,HISTORICAL_2016_BASELINE,ESTABLISHED_OCT_2016_REORGANISATION,EXPLICIT_ALIAS_LINEAGE,Parkal (LGD 4679) in Hanumakonda post-2021 reorganization,RESOLVED_LEGAL_LINEAGE
345,Parvathagiri,Warangal_Rural,4714,Parvathagiri,04714,HISTORICAL_2016_BASELINE,ESTABLISHED_OCT_2016_REORGANISATION,EXACT_NORMALIZED_NAME_DISTRICT,Bitwise normalized match in district Warangal (LGD subdist_code 4714),RESOLVED_DIRECT
346,Patancheruvu,Sangareddy,4494,Patancheru,04494,HISTORICAL_2016_BASELINE,ESTABLISHED_OCT_2016_REORGANISATION,EXPLICIT_TRANSLITERATION_MAP,Patancheru (LGD 4494),RESOLVED_DETERMINISTIC
347,Pebbair,Wanaparthy,4602,Pebbair,04602,HISTORICAL_2016_BASELINE,ESTABLISHED_OCT_2016_REORGANISATION,EXACT_NORMALIZED_NAME_DISTRICT,Bitwise normalized match in district Wanaparthy (LGD subdist_code 4602),RESOLVED_DIRECT
348,Mellachervu,Suryapet,4671,Mellachervu,04671,HISTORICAL_2016_BASELINE,ESTABLISHED_OCT_2016_REORGANISATION,EXACT_NORMALIZED_NAME_DISTRICT,Bitwise normalized match in district Suryapet (LGD subdist_code 4671),RESOLVED_DIRECT
349,Peddakothapalle,Nagarkurnool,4599,Peddakothapally,04599,HISTORICAL_2016_BASELINE,ESTABLISHED_OCT_2016_REORGANISATION,PHONETIC_SIMPLIFIED_DISTRICT,Phonetic transliteration match Peddakothapalle -> Peddakothapally in Nagarkurnool,RESOLVED_DETERMINISTIC
350,Mendora,Nizamabad,6237,Mendora,00000,HISTORICAL_2016_BASELINE,ESTABLISHED_OCT_2016_REORGANISATION,EXACT_NORMALIZED_NAME_DISTRICT,Bitwise normalized match in district Nizamabad (LGD subdist_code 6237),RESOLVED_DIRECT
351,Midjil,Mahabubnagar,4566,Midjil,04566,HISTORICAL_2016_BASELINE,ESTABLISHED_OCT_2016_REORGANISATION,EXACT_NORMALIZED_NAME_DISTRICT,Bitwise normalized match in district Mahabubnagar (LGD subdist_code 4566),RESOLVED_DIRECT
352,Pegadapalli,Jagtial,4421,Pegadapalli,04421,HISTORICAL_2016_BASELINE,ESTABLISHED_OCT_2016_REORGANISATION,EXACT_NORMALIZED_NAME_DISTRICT,Bitwise normalized match in district Jagitial (LGD subdist_code 4421),RESOLVED_DIRECT
353,Mirdoddi,Siddipet,4464,Mirdoddi,04464,HISTORICAL_2016_BASELINE,ESTABLISHED_OCT_2016_REORGANISATION,EXACT_NORMALIZED_NAME_DISTRICT,Bitwise normalized match in district Siddipet (LGD subdist_code 4464),RESOLVED_DIRECT
354,Mogudampally,Sangareddy,6278,Mogudampally,00000,HISTORICAL_2016_BASELINE,ESTABLISHED_OCT_2016_REORGANISATION,EXACT_NORMALIZED_NAME_DISTRICT,Bitwise normalized match in district Sangareddy (LGD subdist_code 6278),RESOLVED_DIRECT
355,Mogullapally,Jayashankar Bhupalpally,4680,Mogullapally,04680,HISTORICAL_2016_BASELINE,ESTABLISHED_OCT_2016_REORGANISATION,EXACT_NORMALIZED_NAME_DISTRICT,Bitwise normalized match in district Jayashankar Bhupalapally (LGD subdist_code 4680),RESOLVED_DIRECT
356,Moinabad,Rangareddy,4528,Moinabad,04528,HISTORICAL_2016_BASELINE,ESTABLISHED_OCT_2016_REORGANISATION,EXACT_NORMALIZED_NAME_DISTRICT,Bitwise normalized match in district Ranga Reddy (LGD subdist_code 4528),RESOLVED_DIRECT
357,Mominpet,Vikarabad,4513,Mominpet,04513,HISTORICAL_2016_BASELINE,ESTABLISHED_OCT_2016_REORGANISATION,EXACT_NORMALIZED_NAME_DISTRICT,Bitwise normalized match in district Vikarabad (LGD subdist_code 4513),RESOLVED_DIRECT
358,Moosapet,Mahabubnagar,6260,Moosapet,00000,HISTORICAL_2016_BASELINE,ESTABLISHED_OCT_2016_REORGANISATION,EXACT_NORMALIZED_NAME_DISTRICT,Bitwise normalized match in district Mahabubnagar (LGD subdist_code 6260),RESOLVED_DIRECT
359,Mothey,Suryapet,4640,Mothey,04640,HISTORICAL_2016_BASELINE,ESTABLISHED_OCT_2016_REORGANISATION,EXACT_NORMALIZED_NAME_DISTRICT,Bitwise normalized match in district Suryapet (LGD subdist_code 4640),RESOLVED_DIRECT
360,Mothkur,Yadadri Bhuvanagiri,4625,Mothkur,04625,HISTORICAL_2016_BASELINE,ESTABLISHED_OCT_2016_REORGANISATION,EXACT_NORMALIZED_NAME_DISTRICT,Bitwise normalized match in district Yadadri Bhuvanagiri (LGD subdist_code 4625),RESOLVED_DIRECT
361,Mugpal,Nizamabad,6235,Mugpal,00000,HISTORICAL_2016_BASELINE,ESTABLISHED_OCT_2016_REORGANISATION,EXACT_NORMALIZED_NAME_DISTRICT,Bitwise normalized match in district Nizamabad (LGD subdist_code 6235),RESOLVED_DIRECT
362,Mulakalapally,Bhadradri Kothagudem,4748,Mulkalapally,04748,HISTORICAL_2016_BASELINE,ESTABLISHED_OCT_2016_REORGANISATION,EXPLICIT_TRANSLITERATION_MAP,Mulkalapally (LGD 4748),RESOLVED_DETERMINISTIC
363,Pudur,Vikarabad,4541,Pudur,04541,HISTORICAL_2016_BASELINE,ESTABLISHED_OCT_2016_REORGANISATION,EXACT_NORMALIZED_NAME_DISTRICT,Bitwise normalized match in district Vikarabad (LGD subdist_code 4541),RESOLVED_DIRECT
364,Pulkal,Sangareddy,4478,Pulkal,04478,HISTORICAL_2016_BASELINE,ESTABLISHED_OCT_2016_REORGANISATION,EXACT_NORMALIZED_NAME_DISTRICT,Bitwise normalized match in district Sangareddy (LGD subdist_code 4478),RESOLVED_DIRECT
365,Manoharabad,Medak,6273,Manoharabad,00000,HISTORICAL_2016_BASELINE,ESTABLISHED_OCT_2016_REORGANISATION,EXACT_NORMALIZED_NAME_DISTRICT,Bitwise normalized match in district Medak (LGD subdist_code 6273),RESOLVED_DIRECT
366,Mulug,Mulugu,4689,Mulug,04689,HISTORICAL_2016_BASELINE,ESTABLISHED_OCT_2016_REORGANISATION,EXACT_NORMALIZED_NAME_DISTRICT,Bitwise normalized match in district Mulugu (LGD subdist_code 4689),RESOLVED_DIRECT
367,Mulug,Siddipet,4486,Mulug,04486,HISTORICAL_2016_BASELINE,ESTABLISHED_OCT_2016_REORGANISATION,EXACT_NORMALIZED_NAME_DISTRICT,Bitwise normalized match in district Siddipet (LGD subdist_code 4486),RESOLVED_DIRECT
368,Munagala,Suryapet,4642,Munagala,04642,HISTORICAL_2016_BASELINE,ESTABLISHED_OCT_2016_REORGANISATION,EXACT_NORMALIZED_NAME_DISTRICT,Bitwise normalized match in district Suryapet (LGD subdist_code 4642),RESOLVED_DIRECT
369,Musheerabad,Hyderabad,4501,Musheerabad,04501,HISTORICAL_2016_BASELINE,ESTABLISHED_OCT_2016_REORGANISATION,EXACT_NORMALIZED_NAME_DISTRICT,Bitwise normalized match in district Hyderabad (LGD subdist_code 4501),RESOLVED_DIRECT
370,Mutharam_Mahadevpur,Jayashankar Bhupalpally,4404,Mutharam Mahadevpur,04404,HISTORICAL_2016_BASELINE,ESTABLISHED_OCT_2016_REORGANISATION,EXACT_NORMALIZED_NAME_DISTRICT,Bitwise normalized match in district Jayashankar Bhupalapally (LGD subdist_code 4404),RESOLVED_DIRECT
371,Mutharam_Manthani,Peddapalli,4406,Mutharam (Manthani),04406,HISTORICAL_2016_BASELINE,ESTABLISHED_OCT_2016_REORGANISATION,EXPLICIT_TRANSLITERATION_MAP,Mutharam (Manthani) (LGD 4406),RESOLVED_DETERMINISTIC
372,Nadigudem,Suryapet,4641,Nadigudem,04641,HISTORICAL_2016_BASELINE,ESTABLISHED_OCT_2016_REORGANISATION,EXACT_NORMALIZED_NAME_DISTRICT,Bitwise normalized match in district Suryapet (LGD subdist_code 4641),RESOLVED_DIRECT
373,Nagalgidda,Sangareddy,6280,Nagalgidda,00000,HISTORICAL_2016_BASELINE,ESTABLISHED_OCT_2016_REORGANISATION,EXACT_NORMALIZED_NAME_DISTRICT,Bitwise normalized match in district Sangareddy (LGD subdist_code 6280),RESOLVED_DIRECT
374,Tanoor,Nirmal,4340,Tanoor,04340,HISTORICAL_2016_BASELINE,ESTABLISHED_OCT_2016_REORGANISATION,EXACT_NORMALIZED_NAME_DISTRICT,Bitwise normalized match in district Nirmal (LGD subdist_code 4340),RESOLVED_DIRECT
375,Nagaram,Suryapet,6298,Nagaram,00000,HISTORICAL_2016_BASELINE,ESTABLISHED_OCT_2016_REORGANISATION,EXACT_NORMALIZED_NAME_DISTRICT,Bitwise normalized match in district Suryapet (LGD subdist_code 6298),RESOLVED_DIRECT
376,Mavala,Adilabad,6222,Mavala,00000,HISTORICAL_2016_BASELINE,ESTABLISHED_OCT_2016_REORGANISATION,EXACT_NORMALIZED_NAME_DISTRICT,Bitwise normalized match in district Adilabad (LGD subdist_code 6222),RESOLVED_DIRECT
377,Nagi_Reddypet,Kamareddy,4387,Nagireddypet,04387,HISTORICAL_2016_BASELINE,ESTABLISHED_OCT_2016_REORGANISATION,EXACT_NORMALIZED_NAME_DISTRICT,Bitwise normalized match in district Kamareddy (LGD subdist_code 4387),RESOLVED_DIRECT
378,Nallabelli,Warangal_Rural,4692,Nallabelli,04692,HISTORICAL_2016_BASELINE,ESTABLISHED_OCT_2016_REORGANISATION,EXACT_NORMALIZED_NAME_DISTRICT,Bitwise normalized match in district Warangal (LGD subdist_code 4692),RESOLVED_DIRECT
379,Nampally,Hyderabad,4504,Nampally,04504,HISTORICAL_2016_BASELINE,ESTABLISHED_OCT_2016_REORGANISATION,EXACT_NORMALIZED_NAME_DISTRICT,Bitwise normalized match in district Hyderabad (LGD subdist_code 4504),RESOLVED_DIRECT
380,Nampally,Nalgonda,4654,Nampally,04654,HISTORICAL_2016_BASELINE,ESTABLISHED_OCT_2016_REORGANISATION,EXACT_NORMALIZED_NAME_DISTRICT,Bitwise normalized match in district Nalgonda (LGD subdist_code 4654),RESOLVED_DIRECT
381,Nandigama,Rangareddy,6321,Nandigama,00000,HISTORICAL_2016_BASELINE,ESTABLISHED_OCT_2016_REORGANISATION,EXACT_NORMALIZED_NAME_DISTRICT,Bitwise normalized match in district Ranga Reddy (LGD subdist_code 6321),RESOLVED_DIRECT
382,Nandipet,Nizamabad,4359,Nandipet,04359,HISTORICAL_2016_BASELINE,ESTABLISHED_OCT_2016_REORGANISATION,EXACT_NORMALIZED_NAME_DISTRICT,Bitwise normalized match in district Nizamabad (LGD subdist_code 4359),RESOLVED_DIRECT
383,Nangnoor,Siddipet,4461,Nangnoor,04461,HISTORICAL_2016_BASELINE,ESTABLISHED_OCT_2016_REORGANISATION,EXACT_NORMALIZED_NAME_DISTRICT,Bitwise normalized match in district Siddipet (LGD subdist_code 4461),RESOLVED_DIRECT
384,Narayanapoor,Yadadri Bhuvanagiri,4648,Narayanpur,04648,HISTORICAL_2016_BASELINE,ESTABLISHED_OCT_2016_REORGANISATION,EXPLICIT_TRANSLITERATION_MAP,Narayanpur (LGD 4648),RESOLVED_DETERMINISTIC
385,Narayankhed,Sangareddy,4452,Narayankhed,04452,HISTORICAL_2016_BASELINE,ESTABLISHED_OCT_2016_REORGANISATION,EXACT_NORMALIZED_NAME_DISTRICT,Bitwise normalized match in district Sangareddy (LGD subdist_code 4452),RESOLVED_DIRECT
386,Narayanpet,Narayanpet,4570,Narayanpet,04570,HISTORICAL_2016_BASELINE,ESTABLISHED_OCT_2016_REORGANISATION,EXACT_NORMALIZED_NAME_DISTRICT,Bitwise normalized match in district Narayanpet (LGD subdist_code 4570),RESOLVED_DIRECT
387,Narketpally,Nalgonda,4634,Narketpally,04634,HISTORICAL_2016_BASELINE,ESTABLISHED_OCT_2016_REORGANISATION,EXACT_NORMALIZED_NAME_DISTRICT,Bitwise normalized match in district Nalgonda (LGD subdist_code 4634),RESOLVED_DIRECT
388,Ramadugu,Karimnagar,4423,Ramadugu,04423,HISTORICAL_2016_BASELINE,ESTABLISHED_OCT_2016_REORGANISATION,EXACT_NORMALIZED_NAME_DISTRICT,Bitwise normalized match in district Karimnagar (LGD subdist_code 4423),RESOLVED_DIRECT
389,Ramagiri,Peddapalli,6216,Ramagiri,00000,HISTORICAL_2016_BASELINE,ESTABLISHED_OCT_2016_REORGANISATION,EXACT_NORMALIZED_NAME_DISTRICT,Bitwise normalized match in district Peddapalli (LGD subdist_code 6216),RESOLVED_DIRECT
390,Thorrur,Mahabubabad,4715,Thorrur,04715,HISTORICAL_2016_BASELINE,ESTABLISHED_OCT_2016_REORGANISATION,EXACT_NORMALIZED_NAME_DISTRICT,Bitwise normalized match in district Mahabubabad (LGD subdist_code 4715),RESOLVED_DIRECT
391,Thungathurthy,Suryapet,4620,Thungaturthy,04620,HISTORICAL_2016_BASELINE,ESTABLISHED_OCT_2016_REORGANISATION,PHONETIC_SIMPLIFIED_DISTRICT,Phonetic transliteration match Thungathurthy -> Thungaturthy in Suryapet,RESOLVED_DETERMINISTIC
392,Tipparthy,Nalgonda,4645,Thipparthy,04645,HISTORICAL_2016_BASELINE,ESTABLISHED_OCT_2016_REORGANISATION,PHONETIC_SIMPLIFIED_DISTRICT,Phonetic transliteration match Tipparthy -> Thipparthy in Nalgonda,RESOLVED_DETERMINISTIC
393,Narmetta,Jangoan,4675,Narmetta,04675,HISTORICAL_2016_BASELINE,ESTABLISHED_OCT_2016_REORGANISATION,EXACT_NORMALIZED_NAME_DISTRICT,Bitwise normalized match in district Jangoan (LGD subdist_code 4675),RESOLVED_DIRECT
394,Ramannapet,Yadadri Bhuvanagiri,4632,Ramannapet,04632,HISTORICAL_2016_BASELINE,ESTABLISHED_OCT_2016_REORGANISATION,EXACT_NORMALIZED_NAME_DISTRICT,Bitwise normalized match in district Yadadri Bhuvanagiri (LGD subdist_code 4632),RESOLVED_DIRECT
395,Narnoor,Adilabad,4312,Narnoor,04312,HISTORICAL_2016_BASELINE,ESTABLISHED_OCT_2016_REORGANISATION,EXACT_NORMALIZED_NAME_DISTRICT,Bitwise normalized match in district Adilabad (LGD subdist_code 4312),RESOLVED_DIRECT
396,Narsimhulapet,Mahabubabad,4719,Narsimhulapet,04719,HISTORICAL_2016_BASELINE,ESTABLISHED_OCT_2016_REORGANISATION,EXACT_NORMALIZED_NAME_DISTRICT,Bitwise normalized match in district Mahabubabad (LGD subdist_code 4719),RESOLVED_DIRECT
397,Rebbena,Kumurambheem Asifabad,4327,Rebbena,04327,HISTORICAL_2016_BASELINE,ESTABLISHED_OCT_2016_REORGANISATION,EXACT_NORMALIZED_NAME_DISTRICT,Bitwise normalized match in district Kumuram Bheem Asifabad (LGD subdist_code 4327),RESOLVED_DIRECT
398,Tripuraram,Nalgonda,4662,Tripuraram,04662,HISTORICAL_2016_BASELINE,ESTABLISHED_OCT_2016_REORGANISATION,EXACT_NORMALIZED_NAME_DISTRICT,Bitwise normalized match in district Nalgonda (LGD subdist_code 4662),RESOLVED_DIRECT
399,Turkapalle_M,Yadadri Bhuvanagiri,4614,Thurkapally,04614,HISTORICAL_2016_BASELINE,ESTABLISHED_OCT_2016_REORGANISATION,EXPLICIT_TRANSLITERATION_MAP,Thurkapally (LGD 4614),RESOLVED_DETERMINISTIC
400,Narsingi,Medak,6272,Narsingi,00000,HISTORICAL_2016_BASELINE,ESTABLISHED_OCT_2016_REORGANISATION,EXACT_NORMALIZED_NAME_DISTRICT,Bitwise normalized match in district Medak (LGD subdist_code 6272),RESOLVED_DIRECT
401,Naspur,Mancherial,6226,Naspur,00000,HISTORICAL_2016_BASELINE,ESTABLISHED_OCT_2016_REORGANISATION,EXACT_NORMALIZED_NAME_DISTRICT,Bitwise normalized match in district Mancherial (LGD subdist_code 6226),RESOLVED_DIRECT
402,Sadashivnagar,Kamareddy,4381,Sadashivanagar,04381,HISTORICAL_2016_BASELINE,ESTABLISHED_OCT_2016_REORGANISATION,EXPLICIT_TRANSLITERATION_MAP,Sadashivanagar (LGD 4381),RESOLVED_DETERMINISTIC
403,Velgatur,Jagtial,4398,Velgatur,04398,HISTORICAL_2016_BASELINE,ESTABLISHED_OCT_2016_REORGANISATION,EXACT_NORMALIZED_NAME_DISTRICT,Bitwise normalized match in district Jagitial (LGD subdist_code 4398),RESOLVED_DIRECT
404,Nasurullabad,Kamareddy,6244,Nasurullabad,00000,HISTORICAL_2016_BASELINE,ESTABLISHED_OCT_2016_REORGANISATION,EXACT_NORMALIZED_NAME_DISTRICT,Bitwise normalized match in district Kamareddy (LGD subdist_code 6244),RESOLVED_DIRECT
405,Sangem,Warangal_Rural,4705,Sangem,04705,HISTORICAL_2016_BASELINE,ESTABLISHED_OCT_2016_REORGANISATION,EXACT_NORMALIZED_NAME_DISTRICT,Bitwise normalized match in district Warangal (LGD subdist_code 4705),RESOLVED_DIRECT
406,Nennel,Mancherial,4331,Nennel,04331,HISTORICAL_2016_BASELINE,ESTABLISHED_OCT_2016_REORGANISATION,EXACT_NORMALIZED_NAME_DISTRICT,Bitwise normalized match in district Mancherial (LGD subdist_code 4331),RESOLVED_DIRECT
407,Neradigonda,Adilabad,4325,Neradigonda,04325,HISTORICAL_2016_BASELINE,ESTABLISHED_OCT_2016_REORGANISATION,EXACT_NORMALIZED_NAME_DISTRICT,Bitwise normalized match in district Adilabad (LGD subdist_code 4325),RESOLVED_DIRECT
408,Secunderabad,Hyderabad,4498,Secunderabad,04498,HISTORICAL_2016_BASELINE,ESTABLISHED_OCT_2016_REORGANISATION,EXACT_NORMALIZED_NAME_DISTRICT,Bitwise normalized match in district Hyderabad (LGD subdist_code 4498),RESOLVED_DIRECT
409,Nereducherla,Suryapet,4665,Nereducherla,04665,HISTORICAL_2016_BASELINE,ESTABLISHED_OCT_2016_REORGANISATION,EXACT_NORMALIZED_NAME_DISTRICT,Bitwise normalized match in district Suryapet (LGD subdist_code 4665),RESOLVED_DIRECT
410,Shabad,Rangareddy,4542,Shabad,04542,HISTORICAL_2016_BASELINE,ESTABLISHED_OCT_2016_REORGANISATION,EXACT_NORMALIZED_NAME_DISTRICT,Bitwise normalized match in district Ranga Reddy (LGD subdist_code 4542),RESOLVED_DIRECT
411,Neredugommu,Nalgonda,6308,Neredugommu,00000,HISTORICAL_2016_BASELINE,ESTABLISHED_OCT_2016_REORGANISATION,EXACT_NORMALIZED_NAME_DISTRICT,Bitwise normalized match in district Nalgonda (LGD subdist_code 6308),RESOLVED_DIRECT
412,Shankarapatnam,Karimnagar,4441,Shankarapatnam,04441,HISTORICAL_2016_BASELINE,ESTABLISHED_OCT_2016_REORGANISATION,EXACT_NORMALIZED_NAME_DISTRICT,Bitwise normalized match in district Karimnagar (LGD subdist_code 4441),RESOLVED_DIRECT
413,Shankarpalle,Rangareddy,4515,Shankarpalle,04515,HISTORICAL_2016_BASELINE,ESTABLISHED_OCT_2016_REORGANISATION,EXACT_NORMALIZED_NAME_DISTRICT,Bitwise normalized match in district Ranga Reddy (LGD subdist_code 4515),RESOLVED_DIRECT
414,Nirmal,Nirmal,4344,Nirmal U,04344,HISTORICAL_2016_BASELINE,ESTABLISHED_OCT_2016_REORGANISATION,EXPLICIT_TRANSLITERATION_MAP,Nirmal U (LGD 4344),RESOLVED_DETERMINISTIC
415,Nizamabad North,Nizamabad,4368,Nizamabad North,04368,HISTORICAL_2016_BASELINE,ESTABLISHED_OCT_2016_REORGANISATION,EXACT_NORMALIZED_NAME_DISTRICT,Bitwise normalized match in district Nizamabad (LGD subdist_code 4368),RESOLVED_DIRECT
416,Nizamabad South,Nizamabad,6385,Nizamabad South,00000,HISTORICAL_2016_BASELINE,ESTABLISHED_OCT_2016_REORGANISATION,EXACT_NORMALIZED_NAME_DISTRICT,Bitwise normalized match in district Nizamabad (LGD subdist_code 6385),RESOLVED_DIRECT
417,Nizampet,Medak,6271,Nizampet,00000,HISTORICAL_2016_BASELINE,ESTABLISHED_OCT_2016_REORGANISATION,EXACT_NORMALIZED_NAME_DISTRICT,Bitwise normalized match in district Medak (LGD subdist_code 6271),RESOLVED_DIRECT
418,Noothankal,Suryapet,4621,Nuthanakal,04621,HISTORICAL_2016_BASELINE,ESTABLISHED_OCT_2016_REORGANISATION,EXPLICIT_TRANSLITERATION_MAP,Nuthanakal (LGD 4621),RESOLVED_DETERMINISTIC
419,Odela,Peddapalli,4426,Odela,04426,HISTORICAL_2016_BASELINE,ESTABLISHED_OCT_2016_REORGANISATION,EXACT_NORMALIZED_NAME_DISTRICT,Bitwise normalized match in district Peddapalli (LGD subdist_code 4426),RESOLVED_DIRECT
420,Padara,Nagarkurnool,6294,Padara,00000,HISTORICAL_2016_BASELINE,ESTABLISHED_OCT_2016_REORGANISATION,EXACT_NORMALIZED_NAME_DISTRICT,Bitwise normalized match in district Nagarkurnool (LGD subdist_code 6294),RESOLVED_DIRECT
421,Palakeedu,Suryapet,6301,Palakeedu,00000,HISTORICAL_2016_BASELINE,ESTABLISHED_OCT_2016_REORGANISATION,EXACT_NORMALIZED_NAME_DISTRICT,Bitwise normalized match in district Suryapet (LGD subdist_code 6301),RESOLVED_DIRECT
422,Anthergaon,Peddapalli,6214,Anthergaon,00000,HISTORICAL_2016_BASELINE,ESTABLISHED_OCT_2016_REORGANISATION,EXACT_NORMALIZED_NAME_DISTRICT,Bitwise normalized match in district Peddapalli (LGD subdist_code 6214),RESOLVED_DIRECT
423,Palakurthy,Jangoan,4697,Palakurthy,04697,HISTORICAL_2016_BASELINE,ESTABLISHED_OCT_2016_REORGANISATION,EXACT_NORMALIZED_NAME_DISTRICT,Bitwise normalized match in district Jangoan (LGD subdist_code 4697),RESOLVED_DIRECT
424,Palakurthy,Peddapalli,6215,Palakurthy,00000,HISTORICAL_2016_BASELINE,ESTABLISHED_OCT_2016_REORGANISATION,EXACT_NORMALIZED_NAME_DISTRICT,Bitwise normalized match in district Peddapalli (LGD subdist_code 6215),RESOLVED_DIRECT
425,Palmela,Jayashankar Bhupalpally,6250,Palimela,00000,HISTORICAL_2016_BASELINE,ESTABLISHED_OCT_2016_REORGANISATION,EXPLICIT_TRANSLITERATION_MAP,Palimela (LGD 6250),RESOLVED_DETERMINISTIC
426,Srirampur,Peddapalli,4407,Srirampur,04407,HISTORICAL_2016_BASELINE,ESTABLISHED_OCT_2016_REORGANISATION,EXACT_NORMALIZED_NAME_DISTRICT,Bitwise normalized match in district Peddapalli (LGD subdist_code 4407),RESOLVED_DIRECT
427,Srirangapur,Wanaparthy,6288,Srirangapur,00000,HISTORICAL_2016_BASELINE,ESTABLISHED_OCT_2016_REORGANISATION,EXACT_NORMALIZED_NAME_DISTRICT,Bitwise normalized match in district Wanaparthy (LGD subdist_code 6288),RESOLVED_DIRECT
428,Palvancha,Bhadradri Kothagudem,4737,Palvoncha,04737,HISTORICAL_2016_BASELINE,ESTABLISHED_OCT_2016_REORGANISATION,EXPLICIT_TRANSLITERATION_MAP,Palvoncha (LGD 4737),RESOLVED_DETERMINISTIC
429,Sultanabad,Peddapalli,4425,Sulthanabad,04425,HISTORICAL_2016_BASELINE,ESTABLISHED_OCT_2016_REORGANISATION,PHONETIC_SIMPLIFIED_DISTRICT,Phonetic transliteration match Sultanabad -> Sulthanabad in Peddapalli,RESOLVED_DETERMINISTIC
430,Papannapet,Medak,4455,Papannapet,04455,HISTORICAL_2016_BASELINE,ESTABLISHED_OCT_2016_REORGANISATION,EXACT_NORMALIZED_NAME_DISTRICT,Bitwise normalized match in district Medak (LGD subdist_code 4455),RESOLVED_DIRECT
431,Tadoor,Nagarkurnool,4582,Tadoor,04582,HISTORICAL_2016_BASELINE,ESTABLISHED_OCT_2016_REORGANISATION,EXACT_NORMALIZED_NAME_DISTRICT,Bitwise normalized match in district Nagarkurnool (LGD subdist_code 4582),RESOLVED_DIRECT
432,Pedda Kodapgal,Kamareddy,6245,Pedda Kodapgal,00000,HISTORICAL_2016_BASELINE,ESTABLISHED_OCT_2016_REORGANISATION,EXACT_NORMALIZED_NAME_DISTRICT,Bitwise normalized match in district Kamareddy (LGD subdist_code 6245),RESOLVED_DIRECT
433,Talakondapally,Rangareddy,4562,Thalakondapally,04562,HISTORICAL_2016_BASELINE,ESTABLISHED_OCT_2016_REORGANISATION,PHONETIC_SIMPLIFIED_DISTRICT,Phonetic transliteration match Talakondapally -> Thalakondapally in Ranga Reddy,RESOLVED_DETERMINISTIC
434,Yedapally,Nizamabad,4369,Yedapally,04369,HISTORICAL_2016_BASELINE,ESTABLISHED_OCT_2016_REORGANISATION,EXACT_NORMALIZED_NAME_DISTRICT,Bitwise normalized match in district Nizamabad (LGD subdist_code 4369),RESOLVED_DIRECT
435,Peddavangara,Mahabubabad,6256,Peddavangara,00000,HISTORICAL_2016_BASELINE,ESTABLISHED_OCT_2016_REORGANISATION,EXACT_NORMALIZED_NAME_DISTRICT,Bitwise normalized match in district Mahabubabad (LGD subdist_code 6256),RESOLVED_DIRECT
436,Peddavoora,Nalgonda,4659,Peddavoora,04659,HISTORICAL_2016_BASELINE,ESTABLISHED_OCT_2016_REORGANISATION,EXACT_NORMALIZED_NAME_DISTRICT,Bitwise normalized match in district Nalgonda (LGD subdist_code 4659),RESOLVED_DIRECT
437,Peddemul,Vikarabad,4533,Peddemul,04533,HISTORICAL_2016_BASELINE,ESTABLISHED_OCT_2016_REORGANISATION,EXACT_NORMALIZED_NAME_DISTRICT,Bitwise normalized match in district Vikarabad (LGD subdist_code 4533),RESOLVED_DIRECT
438,Pembi,Nirmal,6206,Pembi,00000,HISTORICAL_2016_BASELINE,ESTABLISHED_OCT_2016_REORGANISATION,EXACT_NORMALIZED_NAME_DISTRICT,Bitwise normalized match in district Nirmal (LGD subdist_code 6206),RESOLVED_DIRECT
439,Telkapalle,Nagarkurnool,4581,Telkapally,04581,HISTORICAL_2016_BASELINE,ESTABLISHED_OCT_2016_REORGANISATION,PHONETIC_SIMPLIFIED_DISTRICT,Phonetic transliteration match Telkapalle -> Telkapally in Nagarkurnool,RESOLVED_DETERMINISTIC
440,Thallada,Khammam,4762,Thallada,04762,HISTORICAL_2016_BASELINE,ESTABLISHED_OCT_2016_REORGANISATION,EXACT_NORMALIZED_NAME_DISTRICT,Bitwise normalized match in district Khammam (LGD subdist_code 4762),RESOLVED_DIRECT
441,Tirumalgiri,Hyderabad,4499,Tirumalgiri,04499,HISTORICAL_2016_BASELINE,ESTABLISHED_OCT_2016_REORGANISATION,EXACT_NORMALIZED_NAME_DISTRICT,Bitwise normalized match in district Hyderabad (LGD subdist_code 4499),RESOLVED_DIRECT
442,Penchikalpet,Kumurambheem Asifabad,6313,Penchicalpet,00000,HISTORICAL_2016_BASELINE,ESTABLISHED_OCT_2016_REORGANISATION,EXPLICIT_TRANSLITERATION_MAP,Penchicalpet (LGD 6313),RESOLVED_DETERMINISTIC
443,Penpahad,Suryapet,4643,Penpahad,04643,HISTORICAL_2016_BASELINE,ESTABLISHED_OCT_2016_REORGANISATION,EXACT_NORMALIZED_NAME_DISTRICT,Bitwise normalized match in district Suryapet (LGD subdist_code 4643),RESOLVED_DIRECT
444,Thimmajipeta,Nagarkurnool,4575,Thimmajipet,04575,HISTORICAL_2016_BASELINE,ESTABLISHED_OCT_2016_REORGANISATION,PHONETIC_SIMPLIFIED_DISTRICT,Phonetic transliteration match Thimmajipeta -> Thimmajipet in Nagarkurnool,RESOLVED_DETERMINISTIC
445,Penuballi,Khammam,4752,Penuballi,04752,HISTORICAL_2016_BASELINE,ESTABLISHED_OCT_2016_REORGANISATION,EXACT_NORMALIZED_NAME_DISTRICT,Bitwise normalized match in district Khammam (LGD subdist_code 4752),RESOLVED_DIRECT
446,Pinapaka,Bhadradri Kothagudem,4725,Pinapaka,04725,HISTORICAL_2016_BASELINE,ESTABLISHED_OCT_2016_REORGANISATION,EXACT_NORMALIZED_NAME_DISTRICT,Bitwise normalized match in district Bhadradri Kothagudem (LGD subdist_code 4725),RESOLVED_DIRECT
447,Quthbullapur,Medchal_Malkajgiri,4518,Qutballapur,04518,HISTORICAL_2016_BASELINE,ESTABLISHED_OCT_2016_REORGANISATION,EXPLICIT_TRANSLITERATION_MAP,Qutballapur (LGD 4518),RESOLVED_DETERMINISTIC
448,Raghunadhapalem,Khammam,4757,Raghunadhapalem,04757,HISTORICAL_2016_BASELINE,ESTABLISHED_OCT_2016_REORGANISATION,EXACT_NORMALIZED_NAME_DISTRICT,Bitwise normalized match in district Khammam (LGD subdist_code 4757),RESOLVED_DIRECT
449,Ragunathpally,Jangoan,4698,Ragunathpally,04698,HISTORICAL_2016_BASELINE,ESTABLISHED_OCT_2016_REORGANISATION,EXACT_NORMALIZED_NAME_DISTRICT,Bitwise normalized match in district Jangoan (LGD subdist_code 4698),RESOLVED_DIRECT
450,Raikal,Jagtial,4395,Raikal,04395,HISTORICAL_2016_BASELINE,ESTABLISHED_OCT_2016_REORGANISATION,EXACT_NORMALIZED_NAME_DISTRICT,Bitwise normalized match in district Jagitial (LGD subdist_code 4395),RESOLVED_DIRECT
451,Raikode,Sangareddy,4472,Raikode,04472,HISTORICAL_2016_BASELINE,ESTABLISHED_OCT_2016_REORGANISATION,EXACT_NORMALIZED_NAME_DISTRICT,Bitwise normalized match in district Sangareddy (LGD subdist_code 4472),RESOLVED_DIRECT
452,Uppal,Medchal_Malkajgiri,4524,Uppal,04524,HISTORICAL_2016_BASELINE,ESTABLISHED_OCT_2016_REORGANISATION,EXACT_NORMALIZED_NAME_DISTRICT,Bitwise normalized match in district Medchal Malkajgiri (LGD subdist_code 4524),RESOLVED_DIRECT
453,Uppunuthala,Nagarkurnool,4580,Uppununthala,04580,HISTORICAL_2016_BASELINE,ESTABLISHED_OCT_2016_REORGANISATION,EXPLICIT_TRANSLITERATION_MAP,Uppununthala (LGD 4580),RESOLVED_DETERMINISTIC
454,Urkonda,Nagarkurnool,6295,Urkonda,00000,HISTORICAL_2016_BASELINE,ESTABLISHED_OCT_2016_REORGANISATION,EXACT_NORMALIZED_NAME_DISTRICT,Bitwise normalized match in district Nagarkurnool (LGD subdist_code 6295),RESOLVED_DIRECT
455,V_Saidapur,Karimnagar,4445,V.Saidapur,04445,HISTORICAL_2016_BASELINE,ESTABLISHED_OCT_2016_REORGANISATION,EXACT_NORMALIZED_NAME_DISTRICT,Bitwise normalized match in district Karimnagar (LGD subdist_code 4445),RESOLVED_DIRECT
456,Vailpur,Nizamabad,4365,Vailpoor,04365,HISTORICAL_2016_BASELINE,ESTABLISHED_OCT_2016_REORGANISATION,PHONETIC_SIMPLIFIED_DISTRICT,Phonetic transliteration match Vailpur -> Vailpoor in Nizamabad,RESOLVED_DETERMINISTIC
457,Valigonda,Yadadri Bhuvanagiri,4627,Valigonda,04627,HISTORICAL_2016_BASELINE,ESTABLISHED_OCT_2016_REORGANISATION,EXACT_NORMALIZED_NAME_DISTRICT,Bitwise normalized match in district Yadadri Bhuvanagiri (LGD subdist_code 4627),RESOLVED_DIRECT
458,Vangoor,Nagarkurnool,4577,Vangoor,04577,HISTORICAL_2016_BASELINE,ESTABLISHED_OCT_2016_REORGANISATION,EXACT_NORMALIZED_NAME_DISTRICT,Bitwise normalized match in district Nagarkurnool (LGD subdist_code 4577),RESOLVED_DIRECT
459,Raipole,Siddipet,6283,Raipole,00000,HISTORICAL_2016_BASELINE,ESTABLISHED_OCT_2016_REORGANISATION,EXACT_NORMALIZED_NAME_DISTRICT,Bitwise normalized match in district Siddipet (LGD subdist_code 6283),RESOLVED_DIRECT
460,Rajampet,Kamareddy,6241,Rajampet,00000,HISTORICAL_2016_BASELINE,ESTABLISHED_OCT_2016_REORGANISATION,EXACT_NORMALIZED_NAME_DISTRICT,Bitwise normalized match in district Kamareddy (LGD subdist_code 6241),RESOLVED_DIRECT
461,Rajapeta,Yadadri Bhuvanagiri,4615,Rajapeta,04615,HISTORICAL_2016_BASELINE,ESTABLISHED_OCT_2016_REORGANISATION,EXACT_NORMALIZED_NAME_DISTRICT,Bitwise normalized match in district Yadadri Bhuvanagiri (LGD subdist_code 4615),RESOLVED_DIRECT
462,Utnur,Adilabad,4321,Utnoor,04321,HISTORICAL_2016_BASELINE,ESTABLISHED_OCT_2016_REORGANISATION,PHONETIC_SIMPLIFIED_DISTRICT,Phonetic transliteration match Utnur -> Utnoor in Adilabad,RESOLVED_DETERMINISTIC
463,Vemulapally,Nalgonda,4644,Vemulapally,04644,HISTORICAL_2016_BASELINE,ESTABLISHED_OCT_2016_REORGANISATION,EXACT_NORMALIZED_NAME_DISTRICT,Bitwise normalized match in district Nalgonda (LGD subdist_code 4644),RESOLVED_DIRECT
464,Vemulawada,Rajanna Sircilla,4430,Vemulawada,04430,HISTORICAL_2016_BASELINE,ESTABLISHED_OCT_2016_REORGANISATION,EXACT_NORMALIZED_NAME_DISTRICT,Bitwise normalized match in district Rajanna Sircilla (LGD subdist_code 4430),RESOLVED_DIRECT
465,Vemulawada Rural,Rajanna Sircilla,6218,Vemulawada Rural,00000,HISTORICAL_2016_BASELINE,ESTABLISHED_OCT_2016_REORGANISATION,EXACT_NORMALIZED_NAME_DISTRICT,Bitwise normalized match in district Rajanna Sircilla (LGD subdist_code 6218),RESOLVED_DIRECT
466,Rajapur,Mahabubnagar,6261,Rajapur,00000,HISTORICAL_2016_BASELINE,ESTABLISHED_OCT_2016_REORGANISATION,EXACT_NORMALIZED_NAME_DISTRICT,Bitwise normalized match in district Mahabubnagar (LGD subdist_code 6261),RESOLVED_DIRECT
467,Gundala,Bhadradri Kothagudem,4741,Gundala,04741,HISTORICAL_2016_BASELINE,ESTABLISHED_OCT_2016_REORGANISATION,EXACT_NORMALIZED_NAME_DISTRICT,Bitwise normalized match in district Bhadradri Kothagudem (LGD subdist_code 4741),RESOLVED_DIRECT
468,Husnabad,Siddipet,4444,Husnabad,04444,HISTORICAL_2016_BASELINE,ESTABLISHED_OCT_2016_REORGANISATION,EXACT_NORMALIZED_NAME_DISTRICT,Bitwise normalized match in district Siddipet (LGD subdist_code 4444),RESOLVED_DIRECT
469,Huzur nagar,Suryapet,4669,Huzurnagar,04669,HISTORICAL_2016_BASELINE,ESTABLISHED_OCT_2016_REORGANISATION,EXACT_NORMALIZED_NAME_DISTRICT,Bitwise normalized match in district Suryapet (LGD subdist_code 4669),RESOLVED_DIRECT
470,Huzurabad,Karimnagar,4446,Huzurabad,04446,HISTORICAL_2016_BASELINE,ESTABLISHED_OCT_2016_REORGANISATION,EXACT_NORMALIZED_NAME_DISTRICT,Bitwise normalized match in district Karimnagar (LGD subdist_code 4446),RESOLVED_DIRECT
471,Rajendranagar,Rangareddy,4527,Rajendranagar,04527,HISTORICAL_2016_BASELINE,ESTABLISHED_OCT_2016_REORGANISATION,EXACT_NORMALIZED_NAME_DISTRICT,Bitwise normalized match in district Ranga Reddy (LGD subdist_code 4527),RESOLVED_DIRECT
472,Wanaparthy,Wanaparthy,4595,Wanaparthy,04595,HISTORICAL_2016_BASELINE,ESTABLISHED_OCT_2016_REORGANISATION,EXACT_NORMALIZED_NAME_DISTRICT,Bitwise normalized match in district Wanaparthy (LGD subdist_code 4595),RESOLVED_DIRECT
473,Rajoli,Jogulamba Gadwal,6296,Rajoli,00000,HISTORICAL_2016_BASELINE,ESTABLISHED_OCT_2016_REORGANISATION,EXACT_NORMALIZED_NAME_DISTRICT,Bitwise normalized match in district Jogulamba Gadwal (LGD subdist_code 6296),RESOLVED_DIRECT
474,Ramachandrapuram,Sangareddy,4495,Ramchandrapuram,04495,HISTORICAL_2016_BASELINE,ESTABLISHED_OCT_2016_REORGANISATION,EXPLICIT_TRANSLITERATION_MAP,Ramchandrapuram (LGD 4495),RESOLVED_DETERMINISTIC
475,Wardhannapet,Warangal_Rural,4704,Wardhannapet,04704,HISTORICAL_2016_BASELINE,ESTABLISHED_OCT_2016_REORGANISATION,EXACT_NORMALIZED_NAME_DISTRICT,Bitwise normalized match in district Warangal (LGD subdist_code 4704),RESOLVED_DIRECT
476,Ramagundam,Peddapalli,4399,Ramagundam,04399,HISTORICAL_2016_BASELINE,ESTABLISHED_OCT_2016_REORGANISATION,EXACT_NORMALIZED_NAME_DISTRICT,Bitwise normalized match in district Peddapalli (LGD subdist_code 4399),RESOLVED_DIRECT
477,Weepangandla,Wanaparthy,4608,Weepangandla,04608,HISTORICAL_2016_BASELINE,ESTABLISHED_OCT_2016_REORGANISATION,EXACT_NORMALIZED_NAME_DISTRICT,Bitwise normalized match in district Wanaparthy (LGD subdist_code 4608),RESOLVED_DIRECT
478,Ramareddy,Kamareddy,6243,Ramareddy,00000,HISTORICAL_2016_BASELINE,ESTABLISHED_OCT_2016_REORGANISATION,EXACT_NORMALIZED_NAME_DISTRICT,Bitwise normalized match in district Kamareddy (LGD subdist_code 6243),RESOLVED_DIRECT
479,Ramayampet,Medak,4457,Ramayampet,04457,HISTORICAL_2016_BASELINE,ESTABLISHED_OCT_2016_REORGANISATION,EXACT_NORMALIZED_NAME_DISTRICT,Bitwise normalized match in district Medak (LGD subdist_code 4457),RESOLVED_DIRECT
480,Yelal,Vikarabad,4536,Yelal,04536,HISTORICAL_2016_BASELINE,ESTABLISHED_OCT_2016_REORGANISATION,EXACT_NORMALIZED_NAME_DISTRICT,Bitwise normalized match in district Vikarabad (LGD subdist_code 4536),RESOLVED_DIRECT
481,Regode,Medak,4471,Regode,04471,HISTORICAL_2016_BASELINE,ESTABLISHED_OCT_2016_REORGANISATION,EXACT_NORMALIZED_NAME_DISTRICT,Bitwise normalized match in district Medak (LGD subdist_code 4471),RESOLVED_DIRECT
482,Yellareddy,Kamareddy,4386,Yellareddy,04386,HISTORICAL_2016_BASELINE,ESTABLISHED_OCT_2016_REORGANISATION,EXACT_NORMALIZED_NAME_DISTRICT,Bitwise normalized match in district Kamareddy (LGD subdist_code 4386),RESOLVED_DIRECT
483,Rudrangi,Rajanna Sircilla,6219,Rudrangi,00000,HISTORICAL_2016_BASELINE,ESTABLISHED_OCT_2016_REORGANISATION,EXACT_NORMALIZED_NAME_DISTRICT,Bitwise normalized match in district Rajanna Sircilla (LGD subdist_code 6219),RESOLVED_DIRECT
484,Wazeed,Mulugu,4723,Wajedu,04723,HISTORICAL_2016_BASELINE,ESTABLISHED_OCT_2016_REORGANISATION,EXPLICIT_TRANSLITERATION_MAP,Wajedu (LGD 4723),RESOLVED_DETERMINISTIC
485,Rudrur,Nizamabad,6240,Rudrur,00000,HISTORICAL_2016_BASELINE,ESTABLISHED_OCT_2016_REORGANISATION,EXACT_NORMALIZED_NAME_DISTRICT,Bitwise normalized match in district Nizamabad (LGD subdist_code 6240),RESOLVED_DIRECT
486,Nagar_Kurnool,Nagarkurnool,4583,Nagarkurnool,04583,HISTORICAL_2016_BASELINE,ESTABLISHED_OCT_2016_REORGANISATION,EXACT_NORMALIZED_NAME_DISTRICT,Bitwise normalized match in district Nagarkurnool (LGD subdist_code 4583),RESOLVED_DIRECT
487,Sangareddy,Sangareddy,4492,Sangareddy,04492,HISTORICAL_2016_BASELINE,ESTABLISHED_OCT_2016_REORGANISATION,EXACT_NORMALIZED_NAME_DISTRICT,Bitwise normalized match in district Sangareddy (LGD subdist_code 4492),RESOLVED_DIRECT
488,Utkoor,Narayanpet,4571,Utkoor,04571,HISTORICAL_2016_BASELINE,ESTABLISHED_OCT_2016_REORGANISATION,EXACT_NORMALIZED_NAME_DISTRICT,Bitwise normalized match in district Narayanpet (LGD subdist_code 4571),RESOLVED_DIRECT
489,Sarangapur,Jagtial,4396,Sarangapur,04396,HISTORICAL_2016_BASELINE,ESTABLISHED_OCT_2016_REORGANISATION,EXACT_NORMALIZED_NAME_DISTRICT,Bitwise normalized match in district Jagitial (LGD subdist_code 4396),RESOLVED_DIRECT
490,Sarangapur,Nirmal,4336,Sarangapur,04336,HISTORICAL_2016_BASELINE,ESTABLISHED_OCT_2016_REORGANISATION,EXACT_NORMALIZED_NAME_DISTRICT,Bitwise normalized match in district Nirmal (LGD subdist_code 4336),RESOLVED_DIRECT
491,Sathupally,Khammam,4751,Sathupalli,04751,HISTORICAL_2016_BASELINE,ESTABLISHED_OCT_2016_REORGANISATION,PHONETIC_SIMPLIFIED_DISTRICT,Phonetic transliteration match Sathupally -> Sathupalli in Khammam,RESOLVED_DETERMINISTIC
492,Serilingampalle,Rangareddy,4516,Serilingampally,04516,HISTORICAL_2016_BASELINE,ESTABLISHED_OCT_2016_REORGANISATION,PHONETIC_SIMPLIFIED_DISTRICT,Phonetic transliteration match Serilingampalle -> Serilingampally in Ranga Reddy,RESOLVED_DETERMINISTIC
493,Shaikpet,Hyderabad,4496,Shaikpet,04496,HISTORICAL_2016_BASELINE,ESTABLISHED_OCT_2016_REORGANISATION,EXACT_NORMALIZED_NAME_DISTRICT,Bitwise normalized match in district Hyderabad (LGD subdist_code 4496),RESOLVED_DIRECT
494,Shaligouraram,Nalgonda,4624,Shaligouraram,04624,HISTORICAL_2016_BASELINE,ESTABLISHED_OCT_2016_REORGANISATION,EXACT_NORMALIZED_NAME_DISTRICT,Bitwise normalized match in district Nalgonda (LGD subdist_code 4624),RESOLVED_DIRECT
495,Shamirpet,Medchal_Malkajgiri,4520,Shamirpet,04520,HISTORICAL_2016_BASELINE,ESTABLISHED_OCT_2016_REORGANISATION,EXACT_NORMALIZED_NAME_DISTRICT,Bitwise normalized match in district Medchal Malkajgiri (LGD subdist_code 4520),RESOLVED_DIRECT
496,Shamshabad,Rangareddy,4543,Shamshabad,04543,HISTORICAL_2016_BASELINE,ESTABLISHED_OCT_2016_REORGANISATION,EXACT_NORMALIZED_NAME_DISTRICT,Bitwise normalized match in district Ranga Reddy (LGD subdist_code 4543),RESOLVED_DIRECT
497,Varni,Nizamabad,4376,Varni,04376,HISTORICAL_2016_BASELINE,ESTABLISHED_OCT_2016_REORGANISATION,EXACT_NORMALIZED_NAME_DISTRICT,Bitwise normalized match in district Nizamabad (LGD subdist_code 4376),RESOLVED_DIRECT
498,Shankarampet_A,Medak,4454,Shankarampet (A),04454,HISTORICAL_2016_BASELINE,ESTABLISHED_OCT_2016_REORGANISATION,EXPLICIT_TRANSLITERATION_MAP,Shankarampet (A) (LGD 4454),RESOLVED_DETERMINISTIC
499,Chegunta,Medak,4466,Chegunta,04466,HISTORICAL_2016_BASELINE,ESTABLISHED_OCT_2016_REORGANISATION,EXACT_NORMALIZED_NAME_DISTRICT,Bitwise normalized match in district Medak (LGD subdist_code 4466),RESOLVED_DIRECT
500,Siddipet_Rural,Siddipet,6281,Siddipet Rural,00000,HISTORICAL_2016_BASELINE,ESTABLISHED_OCT_2016_REORGANISATION,EXACT_NORMALIZED_NAME_DISTRICT,Bitwise normalized match in district Siddipet (LGD subdist_code 6281),RESOLVED_DIRECT
501,Pitlam,Kamareddy,4384,Pitlam,04384,HISTORICAL_2016_BASELINE,ESTABLISHED_OCT_2016_REORGANISATION,EXACT_NORMALIZED_NAME_DISTRICT,Bitwise normalized match in district Kamareddy (LGD subdist_code 4384),RESOLVED_DIRECT
502,Siddipet_Urban,Siddipet,4459,Siddipet Urban,04459,HISTORICAL_2016_BASELINE,ESTABLISHED_OCT_2016_REORGANISATION,EXACT_NORMALIZED_NAME_DISTRICT,Bitwise normalized match in district Siddipet (LGD subdist_code 4459),RESOLVED_DIRECT
503,Adavidevulapally,Nalgonda,6304,Adavidevulapalli,00000,HISTORICAL_2016_BASELINE,ESTABLISHED_OCT_2016_REORGANISATION,PHONETIC_SIMPLIFIED_DISTRICT,Phonetic transliteration match Adavidevulapally -> Adavidevulapalli in Nalgonda,RESOLVED_DETERMINISTIC
504,Veernapalli,Rajanna Sircilla,6220,Veernapalli,00000,HISTORICAL_2016_BASELINE,ESTABLISHED_OCT_2016_REORGANISATION,EXACT_NORMALIZED_NAME_DISTRICT,Bitwise normalized match in district Rajanna Sircilla (LGD subdist_code 6220),RESOLVED_DIRECT
505,Ammerpet,Hyderabad,4497,Ameerpet,04497,HISTORICAL_2016_BASELINE,ESTABLISHED_OCT_2016_REORGANISATION,EXPLICIT_TRANSLITERATION_MAP,Ameerpet (LGD 4497),RESOLVED_DETERMINISTIC
506,Amrabad,Nagarkurnool,4578,Amrabad,04578,HISTORICAL_2016_BASELINE,ESTABLISHED_OCT_2016_REORGANISATION,EXACT_NORMALIZED_NAME_DISTRICT,Bitwise normalized match in district Nagarkurnool (LGD subdist_code 4578),RESOLVED_DIRECT
507,Vemanpalle,Mancherial,4330,Vemanpally,04330,HISTORICAL_2016_BASELINE,ESTABLISHED_OCT_2016_REORGANISATION,PHONETIC_SIMPLIFIED_DISTRICT,Phonetic transliteration match Vemanpalle -> Vemanpally in Mancherial,RESOLVED_DETERMINISTIC
508,Singareni,Khammam,4744,Singareni,04744,HISTORICAL_2016_BASELINE,ESTABLISHED_OCT_2016_REORGANISATION,EXACT_NORMALIZED_NAME_DISTRICT,Bitwise normalized match in district Khammam (LGD subdist_code 4744),RESOLVED_DIRECT
509,Sircilla,Rajanna Sircilla,4435,Sircilla,04435,HISTORICAL_2016_BASELINE,ESTABLISHED_OCT_2016_REORGANISATION,EXACT_NORMALIZED_NAME_DISTRICT,Bitwise normalized match in district Rajanna Sircilla (LGD subdist_code 4435),RESOLVED_DIRECT
510,Krishna,Narayanpet,6264,Krishna,00000,HISTORICAL_2016_BASELINE,ESTABLISHED_OCT_2016_REORGANISATION,EXACT_NORMALIZED_NAME_DISTRICT,Bitwise normalized match in district Narayanpet (LGD subdist_code 6264),RESOLVED_DIRECT
511,Annapureddipalle,Bhadradri Kothagudem,6268,Annapureddypalli,00000,HISTORICAL_2016_BASELINE,ESTABLISHED_OCT_2016_REORGANISATION,EXPLICIT_TRANSLITERATION_MAP,Annapureddypalli (LGD 6268),RESOLVED_DETERMINISTIC
512,Anumula_Haliya,Nalgonda,4660,Anumula,04660,HISTORICAL_2016_BASELINE,ESTABLISHED_OCT_2016_REORGANISATION,EXPLICIT_TRANSLITERATION_MAP,Anumula (LGD 4660),RESOLVED_DETERMINISTIC
513,Armoor,Nizamabad,4360,Armoor,04360,HISTORICAL_2016_BASELINE,ESTABLISHED_OCT_2016_REORGANISATION,EXACT_NORMALIZED_NAME_DISTRICT,Bitwise normalized match in district Nizamabad (LGD subdist_code 4360),RESOLVED_DIRECT
514,Asifabad,Kumurambheem Asifabad,4319,Asifabad,04319,HISTORICAL_2016_BASELINE,ESTABLISHED_OCT_2016_REORGANISATION,EXACT_NORMALIZED_NAME_DISTRICT,Bitwise normalized match in district Kumuram Bheem Asifabad (LGD subdist_code 4319),RESOLVED_DIRECT
515,Sirgapoor,Sangareddy,6279,Sirgapoor,00000,HISTORICAL_2016_BASELINE,ESTABLISHED_OCT_2016_REORGANISATION,EXACT_NORMALIZED_NAME_DISTRICT,Bitwise normalized match in district Sangareddy (LGD subdist_code 6279),RESOLVED_DIRECT
516,Nadikuda,Warangal_Rural,6547,Nadikuda,00000,HISTORICAL_2016_BASELINE,ESTABLISHED_OCT_2016_REORGANISATION,EXPLICIT_ALIAS_LINEAGE,Nadikuda (LGD 6547) in Hanumakonda post-2021 reorganization,RESOLVED_LEGAL_LINEAGE
517,Sirikonda,Adilabad,6224,Sirikonda,00000,HISTORICAL_2016_BASELINE,ESTABLISHED_OCT_2016_REORGANISATION,EXACT_NORMALIZED_NAME_DISTRICT,Bitwise normalized match in district Adilabad (LGD subdist_code 6224),RESOLVED_DIRECT
518,Sirikonda,Nizamabad,4379,Sirikonda,04379,HISTORICAL_2016_BASELINE,ESTABLISHED_OCT_2016_REORGANISATION,EXACT_NORMALIZED_NAME_DISTRICT,Bitwise normalized match in district Nizamabad (LGD subdist_code 4379),RESOLVED_DIRECT
519,Abdullapurmet,Rangareddy,6319,Abdullapurmet,00000,HISTORICAL_2016_BASELINE,ESTABLISHED_OCT_2016_REORGANISATION,EXACT_NORMALIZED_NAME_DISTRICT,Bitwise normalized match in district Ranga Reddy (LGD subdist_code 6319),RESOLVED_DIRECT
520,Achampet,Nagarkurnool,4579,Achampet,04579,HISTORICAL_2016_BASELINE,ESTABLISHED_OCT_2016_REORGANISATION,EXACT_NORMALIZED_NAME_DISTRICT,Bitwise normalized match in district Nagarkurnool (LGD subdist_code 4579),RESOLVED_DIRECT
521,Bandlaguda,Hyderabad,4509,Bandlaguda,04509,HISTORICAL_2016_BASELINE,ESTABLISHED_OCT_2016_REORGANISATION,EXACT_NORMALIZED_NAME_DISTRICT,Bitwise normalized match in district Hyderabad (LGD subdist_code 4509),RESOLVED_DIRECT
522,Addakal,Mahabubnagar,4586,Addakal,04586,HISTORICAL_2016_BASELINE,ESTABLISHED_OCT_2016_REORGANISATION,EXACT_NORMALIZED_NAME_DISTRICT,Bitwise normalized match in district Mahabubnagar (LGD subdist_code 4586),RESOLVED_DIRECT
523,Motakondur,Yadadri Bhuvanagiri,6309,Motakonduru,00000,HISTORICAL_2016_BASELINE,ESTABLISHED_OCT_2016_REORGANISATION,EXPLICIT_TRANSLITERATION_MAP,Motakonduru (LGD 6309),RESOLVED_DETERMINISTIC
524,Mupkal,Nizamabad,6238,Mupkal,00000,HISTORICAL_2016_BASELINE,ESTABLISHED_OCT_2016_REORGANISATION,EXACT_NORMALIZED_NAME_DISTRICT,Bitwise normalized match in district Nizamabad (LGD subdist_code 6238),RESOLVED_DIRECT
525,Bhoothpur,Mahabubnagar,4574,Bhoothpur,04574,HISTORICAL_2016_BASELINE,ESTABLISHED_OCT_2016_REORGANISATION,EXACT_NORMALIZED_NAME_DISTRICT,Bitwise normalized match in district Mahabubnagar (LGD subdist_code 4574),RESOLVED_DIRECT
526,Bhupalpally,Jayashankar Bhupalpally,4682,Bhupalpally,04682,HISTORICAL_2016_BASELINE,ESTABLISHED_OCT_2016_REORGANISATION,EXACT_NORMALIZED_NAME_DISTRICT,Bitwise normalized match in district Jayashankar Bhupalapally (LGD subdist_code 4682),RESOLVED_DIRECT
527,Bibinagar,Yadadri Bhuvanagiri,4629,Bibinagar,04629,HISTORICAL_2016_BASELINE,ESTABLISHED_OCT_2016_REORGANISATION,EXACT_NORMALIZED_NAME_DISTRICT,Bitwise normalized match in district Yadadri Bhuvanagiri (LGD subdist_code 4629),RESOLVED_DIRECT
528,Bhadrachalam,Bhadradri Kothagudem,4730,Bhadrachalam,04730,HISTORICAL_2016_BASELINE,ESTABLISHED_OCT_2016_REORGANISATION,EXACT_NORMALIZED_NAME_DISTRICT,Bitwise normalized match in district Bhadradri Kothagudem (LGD subdist_code 4730),RESOLVED_DIRECT
529,Bhainsa,Nirmal,4339,Bhainsa,04339,HISTORICAL_2016_BASELINE,ESTABLISHED_OCT_2016_REORGANISATION,EXACT_NORMALIZED_NAME_DISTRICT,Bitwise normalized match in district Nirmal (LGD subdist_code 4339),RESOLVED_DIRECT
530,Bheemadevarapalli,Warangal_Urban,4448,Bheemadevarpalli,04448,HISTORICAL_2016_BASELINE,ESTABLISHED_OCT_2016_REORGANISATION,EXPLICIT_TRANSLITERATION_MAP,Bheemadevarpalli (LGD 4448) in Hanumakonda,RESOLVED_DETERMINISTIC
531,Bheemini,Mancherial,4328,Bheemini,04328,HISTORICAL_2016_BASELINE,ESTABLISHED_OCT_2016_REORGANISATION,EXACT_NORMALIZED_NAME_DISTRICT,Bitwise normalized match in district Mancherial (LGD subdist_code 4328),RESOLVED_DIRECT
532,Chandur,Nalgonda,4655,Chandur,04655,HISTORICAL_2016_BASELINE,ESTABLISHED_OCT_2016_REORGANISATION,EXACT_NORMALIZED_NAME_DISTRICT,Bitwise normalized match in district Nalgonda (LGD subdist_code 4655),RESOLVED_DIRECT
533,Chevella,Rangareddy,4529,Chevella,04529,HISTORICAL_2016_BASELINE,ESTABLISHED_OCT_2016_REORGANISATION,EXACT_NORMALIZED_NAME_DISTRICT,Bitwise normalized match in district Ranga Reddy (LGD subdist_code 4529),RESOLVED_DIRECT
534,Chityal,Jayashankar Bhupalpally,4681,Chityal,04681,HISTORICAL_2016_BASELINE,ESTABLISHED_OCT_2016_REORGANISATION,EXACT_NORMALIZED_NAME_DISTRICT,Bitwise normalized match in district Jayashankar Bhupalapally (LGD subdist_code 4681),RESOLVED_DIRECT
535,Dharmaram,Peddapalli,4411,Dharmaram,04411,HISTORICAL_2016_BASELINE,ESTABLISHED_OCT_2016_REORGANISATION,EXACT_NORMALIZED_NAME_DISTRICT,Bitwise normalized match in district Peddapalli (LGD subdist_code 4411),RESOLVED_DIRECT
536,Dharmasagar,Warangal_Urban,4677,Dharmasagar,04677,HISTORICAL_2016_BASELINE,ESTABLISHED_OCT_2016_REORGANISATION,EXACT_NORMALIZED_NAME_DISTRICT,Bitwise normalized match in district Hanumakonda (LGD subdist_code 4677),RESOLVED_DIRECT
537,Jadcherla,Mahabubnagar,4567,Jadcherla,04567,HISTORICAL_2016_BASELINE,ESTABLISHED_OCT_2016_REORGANISATION,EXACT_NORMALIZED_NAME_DISTRICT,Bitwise normalized match in district Mahabubnagar (LGD subdist_code 4567),RESOLVED_DIRECT
538,Jagdevpur,Siddipet,4484,Jagdevpur,04484,HISTORICAL_2016_BASELINE,ESTABLISHED_OCT_2016_REORGANISATION,EXACT_NORMALIZED_NAME_DISTRICT,Bitwise normalized match in district Siddipet (LGD subdist_code 4484),RESOLVED_DIRECT
539,Kalher,Sangareddy,4453,Kalher,04453,HISTORICAL_2016_BASELINE,ESTABLISHED_OCT_2016_REORGANISATION,EXACT_NORMALIZED_NAME_DISTRICT,Bitwise normalized match in district Sangareddy (LGD subdist_code 4453),RESOLVED_DIRECT
540,Kalluru,Khammam,4763,Kalluru,04763,HISTORICAL_2016_BASELINE,ESTABLISHED_OCT_2016_REORGANISATION,EXACT_NORMALIZED_NAME_DISTRICT,Bitwise normalized match in district Khammam (LGD subdist_code 4763),RESOLVED_DIRECT
541,Karimnagar_Rural,Karimnagar,4428,Karimnagar Rural,04428,HISTORICAL_2016_BASELINE,ESTABLISHED_OCT_2016_REORGANISATION,EXACT_NORMALIZED_NAME_DISTRICT,Bitwise normalized match in district Karimnagar (LGD subdist_code 4428),RESOLVED_DIRECT
542,Komuravelli,Siddipet,6284,Komuravelli,00000,HISTORICAL_2016_BASELINE,ESTABLISHED_OCT_2016_REORGANISATION,EXACT_NORMALIZED_NAME_DISTRICT,Bitwise normalized match in district Siddipet (LGD subdist_code 6284),RESOLVED_DIRECT
543,Maddur,Siddipet,4673,Maddur,04673,HISTORICAL_2016_BASELINE,ESTABLISHED_OCT_2016_REORGANISATION,EXACT_NORMALIZED_NAME_DISTRICT,Bitwise normalized match in district Siddipet (LGD subdist_code 4673),RESOLVED_DIRECT
544,Madgul,Rangareddy,4564,Madgul,04564,HISTORICAL_2016_BASELINE,ESTABLISHED_OCT_2016_REORGANISATION,EXACT_NORMALIZED_NAME_DISTRICT,Bitwise normalized match in district Ranga Reddy (LGD subdist_code 4564),RESOLVED_DIRECT
545,Kotepally,Vikarabad,6312,Kotepally,00000,HISTORICAL_2016_BASELINE,ESTABLISHED_OCT_2016_REORGANISATION,EXACT_NORMALIZED_NAME_DISTRICT,Bitwise normalized match in district Vikarabad (LGD subdist_code 6312),RESOLVED_DIRECT
546,Manchal,Rangareddy,4547,Manchal,04547,HISTORICAL_2016_BASELINE,ESTABLISHED_OCT_2016_REORGANISATION,EXACT_NORMALIZED_NAME_DISTRICT,Bitwise normalized match in district Ranga Reddy (LGD subdist_code 4547),RESOLVED_DIRECT
547,Kothur,Rangareddy,4560,Kothur,04560,HISTORICAL_2016_BASELINE,ESTABLISHED_OCT_2016_REORGANISATION,EXACT_NORMALIZED_NAME_DISTRICT,Bitwise normalized match in district Ranga Reddy (LGD subdist_code 4560),RESOLVED_DIRECT
548,Morthad,Nizamabad,4362,Morthad,04362,HISTORICAL_2016_BASELINE,ESTABLISHED_OCT_2016_REORGANISATION,EXACT_NORMALIZED_NAME_DISTRICT,Bitwise normalized match in district Nizamabad (LGD subdist_code 4362),RESOLVED_DIRECT
549,Nalgonda,Nalgonda,4646,Nalgonda,04646,HISTORICAL_2016_BASELINE,ESTABLISHED_OCT_2016_REORGANISATION,EXACT_NORMALIZED_NAME_DISTRICT,Bitwise normalized match in district Nalgonda (LGD subdist_code 4646),RESOLVED_DIRECT
550,Peda Adisharla Palli,Nalgonda,4658,Pedda Adesherlapally,04658,HISTORICAL_2016_BASELINE,ESTABLISHED_OCT_2016_REORGANISATION,EXPLICIT_TRANSLITERATION_MAP,Pedda Adesherlapally (LGD 4658),RESOLVED_DETERMINISTIC
551,Peddamandaddi,Wanaparthy,4594,Peddamandadi,04594,HISTORICAL_2016_BASELINE,ESTABLISHED_OCT_2016_REORGANISATION,EXPLICIT_TRANSLITERATION_MAP,Peddamandadi (LGD 4594),RESOLVED_DETERMINISTIC
552,Peddapalli,Peddapalli,4408,Peddapalli,04408,HISTORICAL_2016_BASELINE,ESTABLISHED_OCT_2016_REORGANISATION,EXACT_NORMALIZED_NAME_DISTRICT,Bitwise normalized match in district Peddapalli (LGD subdist_code 4408),RESOLVED_DIRECT
553,Pentlavelli,Nagarkurnool,6292,Pentlavelli,00000,HISTORICAL_2016_BASELINE,ESTABLISHED_OCT_2016_REORGANISATION,EXACT_NORMALIZED_NAME_DISTRICT,Bitwise normalized match in district Nagarkurnool (LGD subdist_code 6292),RESOLVED_DIRECT
554,Undavelly,Jogulamba Gadwal,6299,Undavelly,00000,HISTORICAL_2016_BASELINE,ESTABLISHED_OCT_2016_REORGANISATION,EXACT_NORMALIZED_NAME_DISTRICT,Bitwise normalized match in district Jogulamba Gadwal (LGD subdist_code 6299),RESOLVED_DIRECT
555,Velair,Warangal_Urban,6252,Velair,00000,HISTORICAL_2016_BASELINE,ESTABLISHED_OCT_2016_REORGANISATION,EXACT_NORMALIZED_NAME_DISTRICT,Bitwise normalized match in district Hanumakonda (LGD subdist_code 6252),RESOLVED_DIRECT
556,Veldanda,Nagarkurnool,4565,Veldanda,04565,HISTORICAL_2016_BASELINE,ESTABLISHED_OCT_2016_REORGANISATION,EXACT_NORMALIZED_NAME_DISTRICT,Bitwise normalized match in district Nagarkurnool (LGD subdist_code 4565),RESOLVED_DIRECT
557,Regonda,Jayashankar Bhupalpally,4690,Regonda,04690,HISTORICAL_2016_BASELINE,ESTABLISHED_OCT_2016_REORGANISATION,EXACT_NORMALIZED_NAME_DISTRICT,Bitwise normalized match in district Jayashankar Bhupalapally (LGD subdist_code 4690),RESOLVED_DIRECT
558,Renjal,Nizamabad,4357,Renjal,04357,HISTORICAL_2016_BASELINE,ESTABLISHED_OCT_2016_REORGANISATION,EXACT_NORMALIZED_NAME_DISTRICT,Bitwise normalized match in district Nizamabad (LGD subdist_code 4357),RESOLVED_DIRECT
559,Revally,Wanaparthy,6286,Revally,00000,HISTORICAL_2016_BASELINE,ESTABLISHED_OCT_2016_REORGANISATION,EXACT_NORMALIZED_NAME_DISTRICT,Bitwise normalized match in district Wanaparthy (LGD subdist_code 6286),RESOLVED_DIRECT
560,Sadasivpet,Sangareddy,4490,Sadasivpet,04490,HISTORICAL_2016_BASELINE,ESTABLISHED_OCT_2016_REORGANISATION,EXACT_NORMALIZED_NAME_DISTRICT,Bitwise normalized match in district Sangareddy (LGD subdist_code 4490),RESOLVED_DIRECT
561,Saidabad,Hyderabad,4511,Saidabad,04511,HISTORICAL_2016_BASELINE,ESTABLISHED_OCT_2016_REORGANISATION,EXACT_NORMALIZED_NAME_DISTRICT,Bitwise normalized match in district Hyderabad (LGD subdist_code 4511),RESOLVED_DIRECT
562,Yerrupalem,Khammam,4767,Yerrupalem,04767,HISTORICAL_2016_BASELINE,ESTABLISHED_OCT_2016_REORGANISATION,EXACT_NORMALIZED_NAME_DISTRICT,Bitwise normalized match in district Khammam (LGD subdist_code 4767),RESOLVED_DIRECT
563,Zaffergadh,Jangoan,4696,Zaffergadh,04696,HISTORICAL_2016_BASELINE,ESTABLISHED_OCT_2016_REORGANISATION,EXACT_NORMALIZED_NAME_DISTRICT,Bitwise normalized match in district Jangoan (LGD subdist_code 4696),RESOLVED_DIRECT
564,Zahirabad,Sangareddy,4474,Zahirabad,04474,HISTORICAL_2016_BASELINE,ESTABLISHED_OCT_2016_REORGANISATION,EXACT_NORMALIZED_NAME_DISTRICT,Bitwise normalized match in district Sangareddy (LGD subdist_code 4474),RESOLVED_DIRECT
565,Shayampet,Warangal_Rural,4691,Shayampet,04691,HISTORICAL_2016_BASELINE,ESTABLISHED_OCT_2016_REORGANISATION,EXPLICIT_ALIAS_LINEAGE,Shayampet (LGD 4691) in Hanumakonda post-2021 reorganization,RESOLVED_LEGAL_LINEAGE
566,Shivampet,Medak,4487,Shivampet,04487,HISTORICAL_2016_BASELINE,ESTABLISHED_OCT_2016_REORGANISATION,EXACT_NORMALIZED_NAME_DISTRICT,Bitwise normalized match in district Medak (LGD subdist_code 4487),RESOLVED_DIRECT
567,Toopran,Medak,4482,Toopran,04482,HISTORICAL_2016_BASELINE,ESTABLISHED_OCT_2016_REORGANISATION,EXACT_NORMALIZED_NAME_DISTRICT,Bitwise normalized match in district Medak (LGD subdist_code 4482),RESOLVED_DIRECT
568,Vikarabad,Vikarabad,4530,Vikarabad,04530,HISTORICAL_2016_BASELINE,ESTABLISHED_OCT_2016_REORGANISATION,EXACT_NORMALIZED_NAME_DISTRICT,Bitwise normalized match in district Vikarabad (LGD subdist_code 4530),RESOLVED_DIRECT
569,Yeldurthy,Medak,4481,Yeldurthy,04481,HISTORICAL_2016_BASELINE,ESTABLISHED_OCT_2016_REORGANISATION,EXACT_NORMALIZED_NAME_DISTRICT,Bitwise normalized match in district Medak (LGD subdist_code 4481),RESOLVED_DIRECT
570,Thoguta,Siddipet,4463,Thoguta,04463,HISTORICAL_2016_BASELINE,ESTABLISHED_OCT_2016_REORGANISATION,EXACT_NORMALIZED_NAME_DISTRICT,Bitwise normalized match in district Siddipet (LGD subdist_code 4463),RESOLVED_DIRECT
571,Tirumalagiri,Suryapet,4619,Thirumalagiri,04619,HISTORICAL_2016_BASELINE,ESTABLISHED_OCT_2016_REORGANISATION,PHONETIC_SIMPLIFIED_DISTRICT,Phonetic transliteration match Tirumalagiri -> Thirumalagiri in Suryapet,RESOLVED_DETERMINISTIC
572,Tirumalagiri_Sagar,Nalgonda,6306,Tirumalagiri Sagar,00000,HISTORICAL_2016_BASELINE,ESTABLISHED_OCT_2016_REORGANISATION,EXACT_NORMALIZED_NAME_DISTRICT,Bitwise normalized match in district Nalgonda (LGD subdist_code 6306),RESOLVED_DIRECT
573,Tirumalayapalem,Khammam,4754,Tirumalayapalem,04754,HISTORICAL_2016_BASELINE,ESTABLISHED_OCT_2016_REORGANISATION,EXACT_NORMALIZED_NAME_DISTRICT,Bitwise normalized match in district Khammam (LGD subdist_code 4754),RESOLVED_DIRECT
574,Tiryani,Kumurambheem Asifabad,4333,Tiryani,04333,HISTORICAL_2016_BASELINE,ESTABLISHED_OCT_2016_REORGANISATION,EXACT_NORMALIZED_NAME_DISTRICT,Bitwise normalized match in district Kumuram Bheem Asifabad (LGD subdist_code 4333),RESOLVED_DIRECT
575,Vatpally,Sangareddy,6291,Vatpally,00000,HISTORICAL_2016_BASELINE,ESTABLISHED_OCT_2016_REORGANISATION,EXACT_NORMALIZED_NAME_DISTRICT,Bitwise normalized match in district Sangareddy (LGD subdist_code 6291),RESOLVED_DIRECT
576,Veenavanka,Karimnagar,4439,Veenavanka,04439,HISTORICAL_2016_BASELINE,ESTABLISHED_OCT_2016_REORGANISATION,EXACT_NORMALIZED_NAME_DISTRICT,Bitwise normalized match in district Karimnagar (LGD subdist_code 4439),RESOLVED_DIRECT
577,Wankidi,Kumurambheem Asifabad,4314,Wankidi,04314,HISTORICAL_2016_BASELINE,ESTABLISHED_OCT_2016_REORGANISATION,EXACT_NORMALIZED_NAME_DISTRICT,Bitwise normalized match in district Kumuram Bheem Asifabad (LGD subdist_code 4314),RESOLVED_DIRECT
578,Doultabad,Siddipet,4465,Doultabad,04465,HISTORICAL_2016_BASELINE,ESTABLISHED_OCT_2016_REORGANISATION,EXACT_NORMALIZED_NAME_DISTRICT,Bitwise normalized match in district Siddipet (LGD subdist_code 4465),RESOLVED_DIRECT
579,Chilipched,Medak,6274,Chilpched,00000,HISTORICAL_2016_BASELINE,ESTABLISHED_OCT_2016_REORGANISATION,EXPLICIT_TRANSLITERATION_MAP,Chilpched (LGD 6274),RESOLVED_DETERMINISTIC
580,Shankarampet_R,Medak,4467,Shankarampet (R),04467,HISTORICAL_2016_BASELINE,ESTABLISHED_OCT_2016_REORGANISATION,EXPLICIT_TRANSLITERATION_MAP,Shankarampet (R) (LGD 4467),RESOLVED_DETERMINISTIC
581,Domakonda,Kamareddy,4392,Domakonda,04392,HISTORICAL_2016_BASELINE,ESTABLISHED_OCT_2016_REORGANISATION,EXACT_NORMALIZED_NAME_DISTRICT,Bitwise normalized match in district Kamareddy (LGD subdist_code 4392),RESOLVED_DIRECT
582,Bichkunda,Kamareddy,4374,Bichkunda,04374,HISTORICAL_2016_BASELINE,ESTABLISHED_OCT_2016_REORGANISATION,EXACT_NORMALIZED_NAME_DISTRICT,Bitwise normalized match in district Kamareddy (LGD subdist_code 4374),RESOLVED_DIRECT
583,Birkoor,Kamareddy,4375,Birkur,04375,HISTORICAL_2016_BASELINE,ESTABLISHED_OCT_2016_REORGANISATION,PHONETIC_SIMPLIFIED_DISTRICT,Phonetic transliteration match Birkoor -> Birkur in Kamareddy,RESOLVED_DETERMINISTIC
584,Kammarpally,Nizamabad,4363,Kammarpally,04363,HISTORICAL_2016_BASELINE,ESTABLISHED_OCT_2016_REORGANISATION,EXACT_NORMALIZED_NAME_DISTRICT,Bitwise normalized match in district Nizamabad (LGD subdist_code 4363),RESOLVED_DIRECT
585,Kodakandla,Jangoan,4702,Kodakandla,04702,HISTORICAL_2016_BASELINE,ESTABLISHED_OCT_2016_REORGANISATION,EXACT_NORMALIZED_NAME_DISTRICT,Bitwise normalized match in district Jangoan (LGD subdist_code 4702),RESOLVED_DIRECT
586,Kotapalle,Mancherial,4351,Kotapally,04351,HISTORICAL_2016_BASELINE,ESTABLISHED_OCT_2016_REORGANISATION,PHONETIC_SIMPLIFIED_DISTRICT,Phonetic transliteration match Kotapalle -> Kotapally in Mancherial,RESOLVED_DETERMINISTIC
587,Muduchinthalaphally,Medchal_Malkajgiri,6671,Muduchinthalapally,00000,HISTORICAL_2016_BASELINE,ESTABLISHED_OCT_2016_REORGANISATION,PHONETIC_SIMPLIFIED_DISTRICT,Phonetic transliteration match Muduchinthalaphally -> Muduchinthalapally in Medchal Malkajgiri,RESOLVED_DETERMINISTIC
588,Narayanraopet,Siddipet,6670,Narayanaraopet,00000,HISTORICAL_2016_BASELINE,ESTABLISHED_OCT_2016_REORGANISATION,EXPLICIT_TRANSLITERATION_MAP,Narayanaraopet (LGD 6670),RESOLVED_DETERMINISTIC
